ид_события,ид_канала_данных,дата,время,значение_датчика,тревожное
4453265792,196793,2026-06-15,11:00:00,0.00,f
4453265798,196767,2026-06-15,11:00:00,0.00,f
4453265811,196756,2026-06-15,11:00:01,0.01,f
3404712437,268881,2026-06-15,11:00:01,На охране,f
4453265804,268881,2026-06-15,11:00:01,15.06.2026 11:00:01,f
4453265808,196739,2026-06-15,11:00:01,0.01,f
4453265810,196743,2026-06-15,11:00:01,0.01,f
4453265861,104036,2026-06-15,11:00:02,0.08,f
4453265858,268881,2026-06-15,11:00:03,15.06.2026 11:00:03,f
4453265855,196739,2026-06-15,11:00:03,0.00,f
3404712475,268881,2026-06-15,11:00:03,Снято с охраны,f
4453265859,196785,2026-06-15,11:00:03,0.00,f
3404712317,197002,2026-06-15,11:00:04,Не замкнут,f
4453265871,196785,2026-06-15,11:00:04,0.01,f
4453265882,196739,2026-06-15,11:00:05,0.01,f
4453265899,196738,2026-06-15,11:00:06,0.01,f
4453265912,196739,2026-06-15,11:00:07,0.00,f
3404712400,197002,2026-06-15,11:00:08,Норма,f
4453265927,196752,2026-06-15,11:00:08,0.00,f
4453265933,196738,2026-06-15,11:00:08,0.00,f
4453265940,196785,2026-06-15,11:00:08,0.00,f
4453265947,196731,2026-06-15,11:00:09,0.01,f
4453265991,104054,2026-06-15,11:00:10,0.03,f
4453265967,196780,2026-06-15,11:00:10,0.01,f
4453265985,196780,2026-06-15,11:00:11,0.00,f
3404712610,77770,2026-06-15,11:00:11,Обнаружено движение,f
3404712633,77770,2026-06-15,11:00:12,Движения нет,f
4453266022,196780,2026-06-15,11:00:13,0.01,f
3404712645,77770,2026-06-15,11:00:13,Обнаружено движение,f
4453265923,230543,2026-06-15,11:00:14,0.06,f
4453266043,196784,2026-06-15,11:00:14,0.01,f
3404712659,77770,2026-06-15,11:00:14,Движения нет,f
4453266062,196780,2026-06-15,11:00:15,0.00,f
4453266078,196727,2026-06-15,11:00:16,0.00,f
4453266112,196771,2026-06-15,11:00:18,0.00,f
4453266006,230543,2026-06-15,11:00:18,0.05,f
3404712823,77770,2026-06-15,11:00:19,Обнаружено движение,f
4453266144,196723,2026-06-15,11:00:19,0.01,f
4453266198,196771,2026-06-15,11:00:20,0.01,f
4453266207,213353,2026-06-15,11:00:20,0.04,f
4453266208,213354,2026-06-15,11:00:20,0.06,f
4453266209,196738,2026-06-15,11:00:20,0.01,f
4453266221,196725,2026-06-15,11:00:21,0.01,f
3404712840,77770,2026-06-15,11:00:21,Движения нет,f
4453266243,196755,2026-06-15,11:00:22,0.01,f
4453266246,196740,2026-06-15,11:00:22,0.01,f
4453266258,196738,2026-06-15,11:00:23,0.00,f
4453266106,230543,2026-06-15,11:00:24,0.00,f
4453266273,196771,2026-06-15,11:00:24,0.00,f
4453266284,196755,2026-06-15,11:00:25,0.00,f
4453266141,268158,2026-06-15,11:00:26,0.00,f
4453266321,196731,2026-06-15,11:00:26,0.00,f
4453266323,196784,2026-06-15,11:00:26,0.00,f
4453266335,196775,2026-06-15,11:00:27,0.00,f
4453266197,268158,2026-06-15,11:00:28,0.01,f
4453266358,196725,2026-06-15,11:00:28,0.00,f
4453266361,196731,2026-06-15,11:00:28,0.01,f
4453266367,196740,2026-06-15,11:00:28,0.00,f
4453266374,196723,2026-06-15,11:00:29,0.00,f
4453266285,230543,2026-06-15,11:00:30,0.02,f
3404713004,103908,2026-06-15,11:00:30,Есть питание,f
4453266237,268158,2026-06-15,11:00:30,0.00,f
3404712943,268811,2026-06-15,11:00:30,Не замкнут,t
3404712945,268815,2026-06-15,11:00:30,Не замкнут,t
4453266393,196731,2026-06-15,11:00:30,0.00,f
4453266411,196738,2026-06-15,11:00:32,0.01,f
4453266310,230543,2026-06-15,11:00:32,0.01,f
4453266439,104036,2026-06-15,11:00:33,0.07,f
4453266440,104039,2026-06-15,11:00:33,0.00,f
4453266447,196731,2026-06-15,11:00:34,0.01,f
3404713076,77770,2026-06-15,11:00:35,Обнаружено движение,f
4453266451,196745,2026-06-15,11:00:35,0.01,f
3404713087,77770,2026-06-15,11:00:36,Движения нет,f
4453266491,196723,2026-06-15,11:00:37,0.01,f
4453266492,196765,2026-06-15,11:00:37,0.01,f
4453266493,196780,2026-06-15,11:00:37,0.01,f
3404713155,77770,2026-06-15,11:00:39,Обнаружено движение,f
4453266524,196723,2026-06-15,11:00:40,0.00,f
4453266525,196765,2026-06-15,11:00:40,0.00,f
4453266563,104054,2026-06-15,11:00:41,0.02,f
4453266561,104047,2026-06-15,11:00:41,0.09,f
4453266438,288201,2026-06-15,11:00:41,0.01,f
4453266555,196768,2026-06-15,11:00:42,0.00,f
4453266575,196774,2026-06-15,11:00:43,0.01,f
3404713206,77726,2026-06-15,11:00:43,Обнаружено движение,f
4453266594,196780,2026-06-15,11:00:44,0.02,f
3404713221,77726,2026-06-15,11:00:44,Движения нет,f
4453266503,288226,2026-06-15,11:00:45,0.04,f
4453266624,196745,2026-06-15,11:00:47,0.00,f
4453266625,196751,2026-06-15,11:00:47,0.00,f
4453266642,196738,2026-06-15,11:00:48,0.00,f
3404713293,77770,2026-06-15,11:00:48,Движения нет,f
4453266643,196743,2026-06-15,11:00:48,0.00,f
4453266553,230543,2026-06-15,11:00:48,0.00,f
4453266631,147207,2026-06-15,11:00:49,0.03,f
4453266683,196728,2026-06-15,11:00:50,0.01,f
4453266684,196779,2026-06-15,11:00:50,0.01,f
4453266716,213354,2026-06-15,11:00:51,0.05,f
4453266718,213357,2026-06-15,11:00:51,0.03,f
4453266700,196780,2026-06-15,11:00:51,0.00,f
4453266704,196737,2026-06-15,11:00:51,0.01,f
3404713391,77770,2026-06-15,11:00:52,Обнаружено движение,f
4453266599,268158,2026-06-15,11:00:52,0.01,f
4453266738,196765,2026-06-15,11:00:53,0.01,f
4453266636,230543,2026-06-15,11:00:54,0.01,f
4453266779,196745,2026-06-15,11:00:55,0.01,f
3404713519,77770,2026-06-15,11:00:57,Движения нет,f
4453266827,196728,2026-06-15,11:00:58,0.00,f
4453266840,196786,2026-06-15,11:00:59,0.01,f
4453266740,288201,2026-06-15,11:01:00,0.00,f
4453266852,196728,2026-06-15,11:01:00,0.01,f
4453266867,196780,2026-06-15,11:01:01,0.01,f
3404713628,268812,2026-06-15,11:01:02,Обнаружено движение,f
4453266873,196737,2026-06-15,11:01:02,0.00,f
4453266903,196726,2026-06-15,11:01:03,0.01,f
4453266890,196742,2026-06-15,11:01:03,0.01,f
4453266912,196737,2026-06-15,11:01:04,0.01,f
4453266960,104036,2026-06-15,11:01:05,0.08,f
3404713426,197002,2026-06-15,11:01:05,Не замкнут,f
4453266951,196728,2026-06-15,11:01:05,0.00,f
4453266954,196780,2026-06-15,11:01:05,0.00,f
3404713842,77770,2026-06-15,11:01:05,Обнаружено движение,f
4453267012,196780,2026-06-15,11:01:07,0.01,f
3404713848,268812,2026-06-15,11:01:08,Движения нет,f
4453267027,196760,2026-06-15,11:01:08,0.01,f
4453267039,196731,2026-06-15,11:01:08,0.00,f
3404713880,209989,2026-06-15,11:01:08,Обнаружено движение,f
3404713604,197002,2026-06-15,11:01:09,Норма,f
4453266902,268203,2026-06-15,11:01:10,0.05,f
4453266921,230543,2026-06-15,11:01:10,0.00,f
4453267068,196760,2026-06-15,11:01:10,0.00,f
3404713927,209989,2026-06-15,11:01:12,Движения нет,f
4453267120,104047,2026-06-15,11:01:13,0.08,f
4453267124,104061,2026-06-15,11:01:13,0.06,f
3404713952,77770,2026-06-15,11:01:14,Движения нет,f
4453267132,196760,2026-06-15,11:01:14,0.01,f
4453267147,196761,2026-06-15,11:01:15,0.01,f
3404713983,209989,2026-06-15,11:01:15,Обнаружено движение,f
4453267165,196761,2026-06-15,11:01:16,0.00,f
3404713982,3073,2026-06-15,11:01:17,Обнаружено движение,f
3404714014,209989,2026-06-15,11:01:17,Движения нет,f
4453267209,196761,2026-06-15,11:01:18,0.01,f
4453267199,196726,2026-06-15,11:01:18,0.00,f
4453267207,196760,2026-06-15,11:01:18,0.00,f
4453267215,196726,2026-06-15,11:01:19,0.01,f
4453267106,268203,2026-06-15,11:01:20,0.04,f
4453267118,268203,2026-06-15,11:01:20,0.05,f
4453267234,196767,2026-06-15,11:01:20,0.01,f
4453267244,196760,2026-06-15,11:01:20,0.01,f
4453267256,196726,2026-06-15,11:01:21,0.00,f
3404714053,3073,2026-06-15,11:01:21,Движения нет,f
4453267255,196774,2026-06-15,11:01:21,0.00,f
4453267276,196767,2026-06-15,11:01:22,0.00,f
4453267288,196726,2026-06-15,11:01:23,0.01,f
4453267282,213357,2026-06-15,11:01:23,0.06,f
3404714118,77770,2026-06-15,11:01:24,Обнаружено движение,f
4453267323,196765,2026-06-15,11:01:25,0.00,f
4453267375,196732,2026-06-15,11:01:28,0.01,f
4453267364,196759,2026-06-15,11:01:28,0.03,f
4453267241,268203,2026-06-15,11:01:28,0.04,f
4453267264,268203,2026-06-15,11:01:28,0.05,f
4453267393,196730,2026-06-15,11:01:29,0.01,f
4453267388,196765,2026-06-15,11:01:29,0.01,f
3404714227,77764,2026-06-15,11:01:29,Обнаружено движение,f
3404714249,77770,2026-06-15,11:01:30,Движения нет,f
4453267402,196759,2026-06-15,11:01:30,0.00,f
4453267407,196732,2026-06-15,11:01:30,0.00,f
4453267420,196730,2026-06-15,11:01:31,0.00,f
4453267422,196732,2026-06-15,11:01:31,0.01,f
3404714268,77764,2026-06-15,11:01:32,Движения нет,f
4453267443,196783,2026-06-15,11:01:32,0.01,f
4453267433,196759,2026-06-15,11:01:32,0.03,f
4453267442,196777,2026-06-15,11:01:32,0.01,f
4453267459,196732,2026-06-15,11:01:33,0.00,f
4453267456,196730,2026-06-15,11:01:33,0.01,f
4453267466,196759,2026-06-15,11:01:34,0.00,f
4453267472,196771,2026-06-15,11:01:34,0.01,f
4453267345,268158,2026-06-15,11:01:34,0.00,f
3404714299,77770,2026-06-15,11:01:34,Обнаружено движение,f
4453267354,268158,2026-06-15,11:01:34,0.01,f
4453267473,196774,2026-06-15,11:01:34,0.01,f
4453267482,196730,2026-06-15,11:01:35,0.00,f
4453267484,196732,2026-06-15,11:01:35,0.01,f
3404714315,77770,2026-06-15,11:01:35,Движения нет,f
4453267374,268158,2026-06-15,11:01:36,0.00,f
4453267490,196737,2026-06-15,11:01:36,0.00,f
3404714290,212081,2026-06-15,11:01:36,Не замкнут,f
4453267499,196771,2026-06-15,11:01:36,0.00,f
4453267512,104036,2026-06-15,11:01:37,0.07,f
4453267516,104039,2026-06-15,11:01:37,0.01,f
4453267511,196732,2026-06-15,11:01:37,0.00,f
4453267448,230543,2026-06-15,11:01:38,0.01,f
4453267523,196730,2026-06-15,11:01:38,0.01,f
3404714389,77770,2026-06-15,11:01:39,Обнаружено движение,f
4453267527,196771,2026-06-15,11:01:39,0.01,f
4453267530,196779,2026-06-15,11:01:39,0.00,f
4453267553,196759,2026-06-15,11:01:40,0.03,f
4453267562,196771,2026-06-15,11:01:41,0.02,f
4453267561,196783,2026-06-15,11:01:41,0.00,f
4453267573,196780,2026-06-15,11:01:42,0.00,f
4453267574,196771,2026-06-15,11:01:42,0.01,f
3404714397,212081,2026-06-15,11:01:42,Норма,f
4453267591,196756,2026-06-15,11:01:43,0.00,f
4453267616,104061,2026-06-15,11:01:44,0.05,f
4453267614,104047,2026-06-15,11:01:44,0.09,f
4453267599,196771,2026-06-15,11:01:44,0.02,f
4453267627,196741,2026-06-15,11:01:45,0.01,f
3404714480,77770,2026-06-15,11:01:45,Движения нет,f
4453267672,196726,2026-06-15,11:01:48,0.00,f
4453267677,196760,2026-06-15,11:01:48,0.00,f
4453267686,196761,2026-06-15,11:01:49,0.00,f
4453267693,196771,2026-06-15,11:01:50,0.01,f
4453267706,196742,2026-06-15,11:01:50,0.00,f
4453267725,196745,2026-06-15,11:01:51,0.00,f
4453267720,147207,2026-06-15,11:01:51,0.02,f
4453267741,196771,2026-06-15,11:01:52,0.02,f
4453267756,196761,2026-06-15,11:01:52,0.01,f
4453267656,230493,2026-06-15,11:01:52,0.03,f
3404714638,77770,2026-06-15,11:01:53,Обнаружено движение,f
4453267777,196771,2026-06-15,11:01:54,0.01,f
4453267784,196761,2026-06-15,11:01:54,0.00,f
3404714660,77770,2026-06-15,11:01:54,Движения нет,f
4453267788,196762,2026-06-15,11:01:54,0.01,f
4453267795,196730,2026-06-15,11:01:55,0.00,f
4453267726,230493,2026-06-15,11:01:56,0.00,f
4453267819,196738,2026-06-15,11:01:56,0.01,f
4453267813,196771,2026-06-15,11:01:56,0.02,f
4453267817,116068,2026-06-15,11:01:56,0.04,f
4453267825,196761,2026-06-15,11:01:57,0.01,f
4453267845,196771,2026-06-15,11:01:58,0.01,f
4453267836,196759,2026-06-15,11:01:58,0.00,f
4453267861,196783,2026-06-15,11:01:59,0.01,f
4453267857,196786,2026-06-15,11:01:59,0.00,f
4453267791,230543,2026-06-15,11:02:00,0.00,f
4453267873,196789,2026-06-15,11:02:00,0.01,f
4453267892,196726,2026-06-15,11:02:01,0.01,f
4453267909,196771,2026-06-15,11:02:02,0.02,f
4453267905,196789,2026-06-15,11:02:02,0.00,f
4453267815,230623,2026-06-15,11:02:02,0.02,f
4453267931,196726,2026-06-15,11:02:03,0.00,f
4453267946,196728,2026-06-15,11:02:04,0.01,f
4453267944,196771,2026-06-15,11:02:04,0.01,f
4453267938,196759,2026-06-15,11:02:04,0.03,f
3404714817,77770,2026-06-15,11:02:04,Обнаружено движение,f
3404714842,77770,2026-06-15,11:02:05,Движения нет,f
4453267955,196785,2026-06-15,11:02:05,0.01,f
4453267972,196728,2026-06-15,11:02:06,0.00,f
4453267965,196759,2026-06-15,11:02:06,0.00,f
3404714867,77770,2026-06-15,11:02:06,Обнаружено движение,f
4453267993,196726,2026-06-15,11:02:07,0.01,f
4453268008,196725,2026-06-15,11:02:08,0.01,f
4453268009,104039,2026-06-15,11:02:08,0.00,f
4453268028,196726,2026-06-15,11:02:09,0.00,f
4453268030,196768,2026-06-15,11:02:09,0.01,f
4453268029,196780,2026-06-15,11:02:09,0.01,f
4453268021,196790,2026-06-15,11:02:09,0.01,f
4453268018,196785,2026-06-15,11:02:09,0.00,f
4453268044,196783,2026-06-15,11:02:10,0.00,f
3404714935,77770,2026-06-15,11:02:10,Движения нет,f
4453268034,196759,2026-06-15,11:02:10,0.03,f
3404714953,77770,2026-06-15,11:02:11,Обнаружено движение,f
4453268081,196775,2026-06-15,11:02:13,0.01,f
3404714993,77770,2026-06-15,11:02:14,Движения нет,f
4453268097,196759,2026-06-15,11:02:14,0.00,f
4453268125,196780,2026-06-15,11:02:16,0.00,f
4453268131,104047,2026-06-15,11:02:16,0.08,f
4453268047,230543,2026-06-15,11:02:16,0.01,f
4453268160,196780,2026-06-15,11:02:18,0.01,f
4453268158,196775,2026-06-15,11:02:18,0.00,f
3404715085,77770,2026-06-15,11:02:19,Обнаружено движение,f
4453268084,230543,2026-06-15,11:02:20,0.00,f
3404715100,77770,2026-06-15,11:02:20,Движения нет,f
3404715099,77758,2026-06-15,11:02:20,Обнаружено движение,f
3404715114,77758,2026-06-15,11:02:21,Движения нет,f
4453268208,147206,2026-06-15,11:02:22,0.14,f
4453268216,196774,2026-06-15,11:02:23,0.00,f
4453268230,196789,2026-06-15,11:02:24,0.01,f
3404714955,196480,2026-06-15,11:02:24,Обнаружено движение,f
4453268236,196775,2026-06-15,11:02:24,0.01,f
4453268250,196775,2026-06-15,11:02:25,0.00,f
4453268273,116137,2026-06-15,11:02:26,0.03,f
4453268289,116068,2026-06-15,11:02:27,0.03,f
3404715180,77770,2026-06-15,11:02:27,Обнаружено движение,f
4453268301,196790,2026-06-15,11:02:29,0.02,f
3404715042,196480,2026-06-15,11:02:29,Движения нет,f
3404715073,196480,2026-06-15,11:02:31,Обнаружено движение,f
3404715250,77770,2026-06-15,11:02:31,Движения нет,f
4453268358,196727,2026-06-15,11:02:32,0.01,f
4453268377,196765,2026-06-15,11:02:33,0.00,f
4453268387,196777,2026-06-15,11:02:34,0.00,f
3404715279,77758,2026-06-15,11:02:34,Обнаружено движение,f
3404715280,77770,2026-06-15,11:02:34,Обнаружено движение,f
4453268402,196727,2026-06-15,11:02:35,0.00,f
3404715302,77758,2026-06-15,11:02:35,Движения нет,f
3404715303,77770,2026-06-15,11:02:35,Движения нет,f
4453268419,196767,2026-06-15,11:02:36,0.01,f
3404715131,196480,2026-06-15,11:02:36,Движения нет,f
4453268428,196725,2026-06-15,11:02:37,0.00,f
4453268430,196780,2026-06-15,11:02:37,0.00,f
3404715330,77770,2026-06-15,11:02:37,Обнаружено движение,f
4453268440,196733,2026-06-15,11:02:38,0.01,f
3404715352,77770,2026-06-15,11:02:38,Движения нет,f
4453268442,196767,2026-06-15,11:02:38,0.00,f
4453268438,196796,2026-06-15,11:02:38,0.01,f
3404715365,77770,2026-06-15,11:02:39,Обнаружено движение,f
4453268456,196727,2026-06-15,11:02:39,0.01,f
4453268464,196734,2026-06-15,11:02:40,0.01,f
3404715390,77758,2026-06-15,11:02:40,Обнаружено движение,f
4453268466,104036,2026-06-15,11:02:40,0.08,f
4453268489,196727,2026-06-15,11:02:41,0.00,f
3404715326,212082,2026-06-15,11:02:41,Не замкнут,f
3404715418,77758,2026-06-15,11:02:41,Движения нет,f
4453268497,196738,2026-06-15,11:02:42,0.00,f
3404715383,210643,2026-06-15,11:02:42,Включен,f
4453268495,196734,2026-06-15,11:02:42,0.00,f
4453268385,268158,2026-06-15,11:02:43,0.01,f
4453268508,196761,2026-06-15,11:02:43,0.00,f
4453268521,196727,2026-06-15,11:02:43,0.01,f
4453268537,196796,2026-06-15,11:02:44,0.00,f
4453268528,196762,2026-06-15,11:02:44,0.00,f
4453268543,196767,2026-06-15,11:02:45,0.01,f
4453268544,196771,2026-06-15,11:02:45,0.00,f
4453268426,268158,2026-06-15,11:02:45,0.00,f
4453268546,196741,2026-06-15,11:02:45,0.00,f
3404715488,77770,2026-06-15,11:02:46,Движения нет,f
4453268576,196733,2026-06-15,11:02:47,0.00,f
4453268578,196767,2026-06-15,11:02:47,0.00,f
3404715518,77770,2026-06-15,11:02:47,Обнаружено движение,f
4453268603,104054,2026-06-15,11:02:48,0.03,f
4453268610,196790,2026-06-15,11:02:48,0.00,f
4453268602,104047,2026-06-15,11:02:48,0.09,f
3404715545,77770,2026-06-15,11:02:49,Движения нет,f
4453268480,268158,2026-06-15,11:02:49,0.01,f
4453268634,196768,2026-06-15,11:02:50,0.00,f
3404715494,212082,2026-06-15,11:02:51,Норма,f
3404715548,98171,2026-06-15,11:02:52,Не замкнут,f
4453268664,196738,2026-06-15,11:02:52,0.01,f
4453268674,196777,2026-06-15,11:02:53,0.01,f
3404715384,196491,2026-06-15,11:02:53,Обнаружено движение,f
4453268703,196760,2026-06-15,11:02:54,0.01,f
4453268693,196765,2026-06-15,11:02:54,0.01,f
4453268702,147206,2026-06-15,11:02:54,0.13,f
4453268694,196771,2026-06-15,11:02:54,0.01,f
4453268696,196727,2026-06-15,11:02:54,0.00,f
4453268733,196771,2026-06-15,11:02:56,0.00,f
4453268734,196727,2026-06-15,11:02:56,0.01,f
4453268770,116137,2026-06-15,11:02:57,0.02,f
4453268754,196774,2026-06-15,11:02:57,0.01,f
4453268778,196738,2026-06-15,11:02:58,0.00,f
3404715504,196503,2026-06-15,11:02:59,Обнаружено движение,f
3404715523,196491,2026-06-15,11:03:00,Движения нет,f
4453268809,196780,2026-06-15,11:03:00,0.01,f
4453268829,196751,2026-06-15,11:03:01,0.01,f
3404715550,196503,2026-06-15,11:03:02,Движения нет,f
4453268841,196723,2026-06-15,11:03:02,0.01,f
4453268842,196727,2026-06-15,11:03:02,0.00,f
4453268844,196738,2026-06-15,11:03:02,0.01,f
4453268875,196733,2026-06-15,11:03:04,0.01,f
4453268874,196727,2026-06-15,11:03:04,0.01,f
3404715595,196499,2026-06-15,11:03:05,Обнаружено движение,f
4453268906,196771,2026-06-15,11:03:06,0.01,f
4453268894,196755,2026-06-15,11:03:06,0.01,f
4453268902,196789,2026-06-15,11:03:06,0.00,f
4453268905,196733,2026-06-15,11:03:06,0.00,f
3404715651,196499,2026-06-15,11:03:08,Движения нет,f
4453268976,196784,2026-06-15,11:03:10,0.01,f
4453268872,230543,2026-06-15,11:03:10,0.03,f
4453268981,196738,2026-06-15,11:03:11,0.00,f
3404715907,77770,2026-06-15,11:03:11,Обнаружено движение,f
4453269006,104039,2026-06-15,11:03:12,0.01,f
4453269016,196784,2026-06-15,11:03:12,0.00,f
3404715926,77770,2026-06-15,11:03:12,Движения нет,f
4453269005,104036,2026-06-15,11:03:12,0.07,f
4453269002,104029,2026-06-15,11:03:12,0.03,f
4453269028,196738,2026-06-15,11:03:13,0.01,f
4453269029,196755,2026-06-15,11:03:13,0.00,f
4453269058,196784,2026-06-15,11:03:14,0.01,f
3404715941,77770,2026-06-15,11:03:14,Обнаружено движение,f
3404715757,196498,2026-06-15,11:03:14,Не замкнут,f
4453269063,196738,2026-06-15,11:03:15,0.00,f
4453268982,288276,2026-06-15,11:03:16,0.00,f
4453269073,196725,2026-06-15,11:03:16,0.01,f
4453269076,196774,2026-06-15,11:03:16,0.00,f
4453269079,213790,2026-06-15,11:03:16,0.11,f
3404715977,77770,2026-06-15,11:03:16,Движения нет,f
4453269098,196760,2026-06-15,11:03:17,0.00,f
4453269090,196771,2026-06-15,11:03:17,0.00,f
3404715996,77758,2026-06-15,11:03:17,Обнаружено движение,f
4453269023,288276,2026-06-15,11:03:18,0.01,f
3404716017,77758,2026-06-15,11:03:18,Движения нет,f
4453269108,196745,2026-06-15,11:03:18,0.01,f
4453269116,104054,2026-06-15,11:03:19,0.02,f
4453269115,196774,2026-06-15,11:03:19,0.01,f
4453269041,288276,2026-06-15,11:03:20,0.00,f
4453269138,196745,2026-06-15,11:03:20,0.00,f
4453269155,196774,2026-06-15,11:03:21,0.00,f
4453269153,196725,2026-06-15,11:03:21,0.00,f
4453269157,196730,2026-06-15,11:03:21,0.01,f
3404716003,159006,2026-06-15,11:03:22,Выключен,f
4453269177,196745,2026-06-15,11:03:22,0.01,f
4453269066,268158,2026-06-15,11:03:23,0.01,f
4453269048,268158,2026-06-15,11:03:23,0.00,f
4453269192,196730,2026-06-15,11:03:23,0.00,f
4453269191,196774,2026-06-15,11:03:23,0.01,f
4453269211,196780,2026-06-15,11:03:24,0.00,f
3404715629,93181,2026-06-15,11:03:24,Обнаружено движение,f
3404715650,93181,2026-06-15,11:03:25,Движения нет,f
4453269237,196744,2026-06-15,11:03:25,0.01,f
4453269233,196774,2026-06-15,11:03:25,0.00,f
4453269251,196780,2026-06-15,11:03:26,0.01,f
3404715965,197002,2026-06-15,11:03:26,Не замкнут,f
4453269154,288276,2026-06-15,11:03:26,0.01,f
4453269258,196745,2026-06-15,11:03:26,0.00,f
4453269252,196723,2026-06-15,11:03:26,0.00,f
4453269248,147208,2026-06-15,11:03:26,0.06,f
4453269272,196725,2026-06-15,11:03:27,0.01,f
4453269279,196756,2026-06-15,11:03:27,0.01,f
4453269302,213354,2026-06-15,11:03:28,0.06,f
4453269299,196771,2026-06-15,11:03:28,0.01,f
4453269326,196756,2026-06-15,11:03:29,0.00,f
4453269322,196774,2026-06-15,11:03:29,0.01,f
4453269323,196750,2026-06-15,11:03:29,0.01,f
4453269338,196780,2026-06-15,11:03:30,0.00,f
4453269339,196752,2026-06-15,11:03:30,0.01,f
4453269208,230543,2026-06-15,11:03:30,0.01,f
4453269181,268158,2026-06-15,11:03:31,0.00,f
4453269376,196777,2026-06-15,11:03:32,0.00,f
4453269377,196780,2026-06-15,11:03:32,0.01,f
4453269385,196760,2026-06-15,11:03:32,0.01,f
4453269402,196756,2026-06-15,11:03:33,0.01,f
4453269426,196760,2026-06-15,11:03:34,0.00,f
4453269417,196727,2026-06-15,11:03:34,0.00,f
3404716302,77758,2026-06-15,11:03:34,Обнаружено движение,f
3404716308,3073,2026-06-15,11:03:35,Обнаружено движение,f
4453269437,196725,2026-06-15,11:03:35,0.00,f
4453269455,196771,2026-06-15,11:03:36,0.00,f
3404716351,77758,2026-06-15,11:03:37,Движения нет,f
3404715851,93181,2026-06-15,11:03:38,Обнаружено движение,f
4453269486,196723,2026-06-15,11:03:38,0.01,f
4453269488,196732,2026-06-15,11:03:38,0.01,f
4453269479,196756,2026-06-15,11:03:38,0.00,f
3404715863,93181,2026-06-15,11:03:39,Движения нет,f
4453269498,196760,2026-06-15,11:03:39,0.01,f
4453269508,196765,2026-06-15,11:03:39,0.00,f
3404716378,3073,2026-06-15,11:03:41,Движения нет,f
4453269558,196767,2026-06-15,11:03:42,0.01,f
4453269589,77679,2026-06-15,11:03:42,16,f
4453269568,104036,2026-06-15,11:03:43,0.08,f
4453269569,196761,2026-06-15,11:03:43,0.01,f
4453269590,196756,2026-06-15,11:03:44,0.01,f
3404715955,93181,2026-06-15,11:03:44,Обнаружено движение,f
4453269605,196732,2026-06-15,11:03:44,0.00,f
3404716448,3073,2026-06-15,11:03:45,Обнаружено движение,f
4453269613,196760,2026-06-15,11:03:45,0.00,f
3404715974,93181,2026-06-15,11:03:45,Движения нет,f
3404716889,144741,2026-06-15,11:03:45,Обнаружено движение,f
4453269611,196755,2026-06-15,11:03:45,0.01,f
4453269648,196767,2026-06-15,11:03:46,0.00,f
4453269528,230543,2026-06-15,11:03:46,0.02,f
4453269635,196762,2026-06-15,11:03:46,0.01,f
4453269655,213780,2026-06-15,11:03:47,0.02,f
4453269682,196756,2026-06-15,11:03:48,0.00,f
4453269567,288276,2026-06-15,11:03:48,0.00,f
4453269678,196746,2026-06-15,11:03:48,0.01,f
3404716010,93181,2026-06-15,11:03:48,Обнаружено движение,f
4453269693,196771,2026-06-15,11:03:48,0.01,f
3404716949,144818,2026-06-15,11:03:48,Не замкнут,f
3404716975,144741,2026-06-15,11:03:49,Движения нет,f
3404716534,77770,2026-06-15,11:03:49,Обнаружено движение,f
3404716029,93181,2026-06-15,11:03:49,Движения нет,f
4453269727,196738,2026-06-15,11:03:50,0.01,f
3404716045,93181,2026-06-15,11:03:50,Обнаружено движение,f
4453269725,196746,2026-06-15,11:03:50,0.00,f
4453269731,104054,2026-06-15,11:03:50,0.03,f
4453269733,104061,2026-06-15,11:03:50,0.06,f
4453269607,230543,2026-06-15,11:03:50,0.03,f
3404716991,144741,2026-06-15,11:03:50,Обнаружено движение,f
3404716066,93181,2026-06-15,11:03:51,Движения нет,f
3404716564,77770,2026-06-15,11:03:51,Движения нет,f
4453269745,196767,2026-06-15,11:03:51,0.01,f
4453269749,196761,2026-06-15,11:03:51,0.00,f
4453269748,196784,2026-06-15,11:03:51,0.00,f
3404716525,3073,2026-06-15,11:03:51,Движения нет,f
4453269747,196771,2026-06-15,11:03:51,0.00,f
4453269766,196738,2026-06-15,11:03:52,0.00,f
3404717009,144741,2026-06-15,11:03:52,Движения нет,f
4453269784,196755,2026-06-15,11:03:53,0.00,f
3404716615,77770,2026-06-15,11:03:53,Обнаружено движение,f
4453269786,196761,2026-06-15,11:03:53,0.01,f
4453269795,196723,2026-06-15,11:03:54,0.00,f
3404717067,144818,2026-06-15,11:03:54,Норма,f
4453269802,196752,2026-06-15,11:03:54,0.00,f
4453269798,196730,2026-06-15,11:03:54,0.01,f
3404716633,77770,2026-06-15,11:03:55,Движения нет,f
4453269822,196761,2026-06-15,11:03:55,0.00,f
4453269816,196767,2026-06-15,11:03:55,0.00,f
4453269835,196765,2026-06-15,11:03:56,0.01,f
4453269837,196732,2026-06-15,11:03:56,0.01,f
3404717105,144743,2026-06-15,11:03:56,Обнаружено движение,f
3404716654,77770,2026-06-15,11:03:56,Обнаружено движение,f
3404716652,77764,2026-06-15,11:03:56,Обнаружено движение,f
4453269838,196780,2026-06-15,11:03:56,0.00,f
3404716669,77770,2026-06-15,11:03:57,Движения нет,f
3404717122,144743,2026-06-15,11:03:57,Движения нет,f
3404716563,330706,2026-06-15,11:03:57,Не замкнут,t
4453269891,196753,2026-06-15,11:03:58,0.01,f
4453269882,196765,2026-06-15,11:03:58,0.00,f
4453269878,147207,2026-06-15,11:03:58,0.03,f
3404716685,77764,2026-06-15,11:03:58,Движения нет,f
4453269917,196744,2026-06-15,11:03:59,0.00,f
3404716697,77770,2026-06-15,11:03:59,Обнаружено движение,f
4453269929,213363,2026-06-15,11:04:00,0.05,f
3404716713,77770,2026-06-15,11:04:00,Движения нет,f
3404717184,144743,2026-06-15,11:04:00,Обнаружено движение,f
4453269935,196765,2026-06-15,11:04:00,0.01,f
4453269928,213360,2026-06-15,11:04:00,0.05,f
3404716726,77770,2026-06-15,11:04:01,Обнаружено движение,f
4453269959,196772,2026-06-15,11:04:01,0.01,f
4453269980,196765,2026-06-15,11:04:02,0.00,f
3404717204,144743,2026-06-15,11:04:02,Движения нет,f
4453270014,196765,2026-06-15,11:04:04,0.01,f
4453270018,196752,2026-06-15,11:04:04,0.01,f
4453270015,196771,2026-06-15,11:04:04,0.01,f
4453270036,196774,2026-06-15,11:04:05,0.00,f
3404716768,98171,2026-06-15,11:04:06,Норма,f
4453269950,230543,2026-06-15,11:04:06,0.00,f
4453270069,196765,2026-06-15,11:04:07,0.00,f
4453270094,196738,2026-06-15,11:04:08,0.01,f
4453270090,196732,2026-06-15,11:04:08,0.00,f
4453270087,196771,2026-06-15,11:04:08,0.00,f
4453270134,196738,2026-06-15,11:04:10,0.00,f
3404716809,330707,2026-06-15,11:04:10,Обнаружено движение,f
4453270136,196743,2026-06-15,11:04:10,0.01,f
4453270123,196723,2026-06-15,11:04:10,0.01,f
4453270125,196771,2026-06-15,11:04:10,0.01,f
3404716887,77770,2026-06-15,11:04:11,Движения нет,f
4453270142,196774,2026-06-15,11:04:11,0.01,f
4453270164,196752,2026-06-15,11:04:12,0.02,f
4453270162,196732,2026-06-15,11:04:12,0.01,f
4453270170,196743,2026-06-15,11:04:12,0.00,f
4453270175,196761,2026-06-15,11:04:13,0.01,f
4453270203,104036,2026-06-15,11:04:14,0.07,f
4453270062,268153,2026-06-15,11:04:14,0.01,f
3404716863,330707,2026-06-15,11:04:15,Движения нет,f
4453270230,196774,2026-06-15,11:04:15,0.00,f
4453270228,196772,2026-06-15,11:04:15,0.00,f
4453270244,196723,2026-06-15,11:04:16,0.00,f
4453270248,196771,2026-06-15,11:04:16,0.00,f
3404716970,77770,2026-06-15,11:04:16,Обнаружено движение,f
4453270264,196774,2026-06-15,11:04:17,0.01,f
3404716985,77770,2026-06-15,11:04:17,Движения нет,f
4453270263,196765,2026-06-15,11:04:17,0.01,f
4453270286,213790,2026-06-15,11:04:18,0.09,f
4453270168,288226,2026-06-15,11:04:18,0.05,f
4453270285,213780,2026-06-15,11:04:18,0.03,f
3404717003,77770,2026-06-15,11:04:18,Обнаружено движение,f
4453270282,196732,2026-06-15,11:04:18,0.00,f
4453270280,196728,2026-06-15,11:04:18,0.01,f
4453270295,196774,2026-06-15,11:04:19,0.00,f
3404717029,77770,2026-06-15,11:04:19,Движения нет,f
4453270221,230493,2026-06-15,11:04:20,0.01,f
4453270309,196756,2026-06-15,11:04:20,0.01,f
4453270334,104061,2026-06-15,11:04:21,0.05,f
4453270332,104054,2026-06-15,11:04:21,0.02,f
4453270331,104047,2026-06-15,11:04:21,0.08,f
4453270330,196761,2026-06-15,11:04:21,0.00,f
3404717066,77770,2026-06-15,11:04:21,Обнаружено движение,f
4453270247,288226,2026-06-15,11:04:22,0.06,f
3404717088,77770,2026-06-15,11:04:22,Движения нет,f
3404717109,77770,2026-06-15,11:04:23,Обнаружено движение,f
4453270354,196771,2026-06-15,11:04:23,0.01,f
4453270267,288226,2026-06-15,11:04:24,0.05,f
4453270395,196761,2026-06-15,11:04:25,0.01,f
4453270388,196771,2026-06-15,11:04:25,0.00,f
4453270396,196786,2026-06-15,11:04:25,0.01,f
3404717073,330707,2026-06-15,11:04:26,Обнаружено движение,f
4453270401,196730,2026-06-15,11:04:26,0.00,f
3404717125,330706,2026-06-15,11:04:27,Норма,f
4453270413,196771,2026-06-15,11:04:27,0.01,f
4453270349,230493,2026-06-15,11:04:28,0.00,f
4453270430,196728,2026-06-15,11:04:28,0.00,f
3404717167,330707,2026-06-15,11:04:29,Движения нет,f
4453270457,196751,2026-06-15,11:04:29,0.00,f
4453270455,147208,2026-06-15,11:04:29,0.04,f
4453270460,196761,2026-06-15,11:04:29,0.00,f
4453270477,196756,2026-06-15,11:04:30,0.00,f
4453270489,196750,2026-06-15,11:04:31,0.00,f
4453270496,196789,2026-06-15,11:04:31,0.01,f
3404717253,77770,2026-06-15,11:04:32,Движения нет,f
4453270513,196762,2026-06-15,11:04:32,0.00,f
4453270510,213360,2026-06-15,11:04:32,0.04,f
4453270389,268153,2026-06-15,11:04:33,0.00,f
4453270544,196752,2026-06-15,11:04:34,0.00,f
4453270545,196736,2026-06-15,11:04:34,0.01,f
4453270559,196731,2026-06-15,11:04:35,0.01,f
4453270580,196752,2026-06-15,11:04:36,0.01,f
4453270485,230543,2026-06-15,11:04:36,0.01,f
3404717255,330707,2026-06-15,11:04:36,Обнаружено движение,f
3404717294,95383,2026-06-15,11:04:37,Есть питание,f
4453270596,196731,2026-06-15,11:04:37,0.00,f
4453270622,196736,2026-06-15,11:04:38,0.00,f
4453270620,196752,2026-06-15,11:04:38,0.00,f
4453270633,196743,2026-06-15,11:04:39,0.01,f
4453270644,196728,2026-06-15,11:04:40,0.01,f
4453270650,196743,2026-06-15,11:04:40,0.00,f
4453270638,196786,2026-06-15,11:04:40,0.00,f
3404717392,77770,2026-06-15,11:04:41,Обнаружено движение,f
4453270664,196753,2026-06-15,11:04:42,0.00,f
3404717406,77770,2026-06-15,11:04:42,Движения нет,f
4453270675,196726,2026-06-15,11:04:42,0.01,f
3404717339,333768,2026-06-15,11:04:43,Есть питание,f
4453270690,196790,2026-06-15,11:04:43,0.01,f
4453270680,196743,2026-06-15,11:04:43,0.01,f
4453270681,196762,2026-06-15,11:04:43,0.01,f
4453270704,196726,2026-06-15,11:04:44,0.00,f
4453270703,196789,2026-06-15,11:04:44,0.00,f
4453270698,196755,2026-06-15,11:04:44,0.01,f
4453270721,104039,2026-06-15,11:04:45,0.00,f
4453270719,104029,2026-06-15,11:04:45,0.04,f
3404717448,268812,2026-06-15,11:04:45,Обнаружено движение,f
4453270722,196765,2026-06-15,11:04:45,0.00,f
4453270711,196743,2026-06-15,11:04:45,0.00,f
3404717381,330707,2026-06-15,11:04:45,Движения нет,f
4453270725,196730,2026-06-15,11:04:45,0.01,f
3404717432,95384,2026-06-15,11:04:46,Есть питание,f
4453270740,196727,2026-06-15,11:04:46,0.01,f
3404717463,77754,2026-06-15,11:04:46,Обнаружено движение,f
3404717481,77754,2026-06-15,11:04:47,Движения нет,f
3404717482,77770,2026-06-15,11:04:47,Обнаружено движение,f
3404717486,268812,2026-06-15,11:04:47,Движения нет,f
4453270743,196743,2026-06-15,11:04:47,0.01,f
4453270748,196762,2026-06-15,11:04:47,0.00,f
4453270769,196789,2026-06-15,11:04:48,0.01,f
4453270776,196732,2026-06-15,11:04:48,0.01,f
3404717497,77754,2026-06-15,11:04:48,Обнаружено движение,f
3404717498,77770,2026-06-15,11:04:48,Движения нет,f
4453270767,196755,2026-06-15,11:04:48,0.00,f
4453270805,213780,2026-06-15,11:04:49,0.02,f
4453270782,196743,2026-06-15,11:04:49,0.00,f
4453270797,196790,2026-06-15,11:04:49,0.00,f
3404717516,77754,2026-06-15,11:04:49,Движения нет,f
3404717518,77770,2026-06-15,11:04:49,Обнаружено движение,f
4453270819,196727,2026-06-15,11:04:50,0.00,f
3404717570,77770,2026-06-15,11:04:51,Движения нет,f
3404717604,77770,2026-06-15,11:04:52,Обнаружено движение,f
3404717603,77752,2026-06-15,11:04:52,Обнаружено движение,f
4453270848,196762,2026-06-15,11:04:52,0.01,f
4453270863,196743,2026-06-15,11:04:53,0.01,f
4453270870,196790,2026-06-15,11:04:53,0.01,f
4453272101,278326,2026-06-15,11:04:54,0.01,f
4453270876,196731,2026-06-15,11:04:54,0.01,f
4453270907,196727,2026-06-15,11:04:56,0.01,f
3404717653,77770,2026-06-15,11:04:56,Движения нет,f
4453272141,278326,2026-06-15,11:04:56,0.00,f
4453270927,196733,2026-06-15,11:04:57,0.01,f
4453270925,196771,2026-06-15,11:04:57,0.00,f
3404717666,77752,2026-06-15,11:04:57,Движения нет,f
4453270932,196751,2026-06-15,11:04:57,0.01,f
3404717668,77770,2026-06-15,11:04:57,Обнаружено движение,f
3404717683,77770,2026-06-15,11:04:58,Движения нет,f
4453270948,196726,2026-06-15,11:04:58,0.01,f
4453270949,196731,2026-06-15,11:04:58,0.02,f
3404717707,77758,2026-06-15,11:04:59,Обнаружено движение,f
4453270959,196731,2026-06-15,11:04:59,0.01,f
4453270811,268158,2026-06-15,11:05:00,0.01,f
4453272206,278326,2026-06-15,11:05:00,0.01,f
3404717721,77758,2026-06-15,11:05:00,Движения нет,f
4453270977,196746,2026-06-15,11:05:00,0.01,f
3404717738,77758,2026-06-15,11:05:01,Обнаружено движение,f
4453270997,196789,2026-06-15,11:05:01,0.00,f
4453270995,196761,2026-06-15,11:05:01,0.01,f
4453270988,196731,2026-06-15,11:05:01,0.00,f
4453270846,268158,2026-06-15,11:05:02,0.00,f
4453271007,196727,2026-06-15,11:05:02,0.00,f
4453271008,196728,2026-06-15,11:05:02,0.00,f
3404717775,77758,2026-06-15,11:05:03,Движения нет,f
3404717776,77770,2026-06-15,11:05:03,Обнаружено движение,f
4453271029,213363,2026-06-15,11:05:03,0.06,f
3404717794,77770,2026-06-15,11:05:04,Движения нет,f
4453270883,268158,2026-06-15,11:05:04,0.01,f
4453271076,196727,2026-06-15,11:05:06,0.01,f
4453271074,196726,2026-06-15,11:05:06,0.00,f
3404717830,77770,2026-06-15,11:05:06,Обнаружено движение,f
4453271099,196761,2026-06-15,11:05:07,0.00,f
4453271081,196790,2026-06-15,11:05:07,0.00,f
3404717851,77770,2026-06-15,11:05:07,Движения нет,f
4453271021,230543,2026-06-15,11:05:08,0.05,f
4453271019,288196,2026-06-15,11:05:08,0.01,f
4453270953,268158,2026-06-15,11:05:08,0.00,f
4453271130,196756,2026-06-15,11:05:10,0.01,f
4453271132,196761,2026-06-15,11:05:10,0.01,f
3404717897,77770,2026-06-15,11:05:10,Обнаружено движение,f
3404717920,196146,2026-06-15,11:05:12,Неопределен,f
4453271172,196789,2026-06-15,11:05:12,0.01,f
4453271104,230543,2026-06-15,11:05:12,0.04,f
3404717913,196141,2026-06-15,11:05:12,Неопределен,f
3404717910,196139,2026-06-15,11:05:12,Неопределен,f
3404717923,196148,2026-06-15,11:05:12,Неопределен,f
3404717915,196142,2026-06-15,11:05:12,Неопределен,f
4453271164,196756,2026-06-15,11:05:12,0.00,f
3404717916,196143,2026-06-15,11:05:12,Неопределен,f
3404717917,196144,2026-06-15,11:05:12,Неопределен,f
3404717918,196145,2026-06-15,11:05:12,Неопределен,f
3404717912,196140,2026-06-15,11:05:12,Неопределен,f
3404717928,196205,2026-06-15,11:05:12,Неопределен,f
3404717927,196150,2026-06-15,11:05:12,Неопределен,f
3404717924,196149,2026-06-15,11:05:12,Неопределен,f
3404717921,196147,2026-06-15,11:05:12,Неопределен,f
4453271080,288196,2026-06-15,11:05:12,0.00,f
3404717875,330709,2026-06-15,11:05:13,Не замкнут,f
3404718024,268815,2026-06-15,11:05:14,Норма,f
4453271199,196789,2026-06-15,11:05:14,0.00,f
4453271195,196761,2026-06-15,11:05:14,0.00,f
3404718021,268811,2026-06-15,11:05:14,Норма,f
3404718030,77770,2026-06-15,11:05:14,Движения нет,f
3404718016,196150,2026-06-15,11:05:15,Норма,f
3404717996,196139,2026-06-15,11:05:15,Норма,f
3404718003,196143,2026-06-15,11:05:15,Норма,f
3404718004,196144,2026-06-15,11:05:15,Норма,f
3404718005,196145,2026-06-15,11:05:15,Норма,f
3404718008,196146,2026-06-15,11:05:15,Норма,f
3404717998,196140,2026-06-15,11:05:15,Норма,f
3404717999,196141,2026-06-15,11:05:15,Норма,f
3404718017,196205,2026-06-15,11:05:15,Норма,f
3404718013,196148,2026-06-15,11:05:15,Норма,f
3404718009,196147,2026-06-15,11:05:15,Норма,f
3404718001,196142,2026-06-15,11:05:15,Норма,f
3404718046,77770,2026-06-15,11:05:15,Обнаружено движение,f
3404718014,196149,2026-06-15,11:05:15,Норма,f
4453271243,196779,2026-06-15,11:05:16,0.01,f
3404718067,77770,2026-06-15,11:05:17,Движения нет,f
4453271270,196727,2026-06-15,11:05:18,0.00,f
4453271259,196745,2026-06-15,11:05:18,0.01,f
3404718085,330709,2026-06-15,11:05:19,Норма,f
3404718133,77770,2026-06-15,11:05:20,Обнаружено движение,f
4453271319,213780,2026-06-15,11:05:21,0.03,f
3404718150,77770,2026-06-15,11:05:21,Движения нет,f
4453271322,196772,2026-06-15,11:05:21,0.01,f
4453271248,230543,2026-06-15,11:05:22,0.05,f
4453271371,104047,2026-06-15,11:05:24,0.09,f
4453271373,104054,2026-06-15,11:05:24,0.03,f
3404718274,77770,2026-06-15,11:05:24,Обнаружено движение,f
4453271381,196752,2026-06-15,11:05:25,0.01,f
4453271392,196772,2026-06-15,11:05:25,0.00,f
4453271376,196779,2026-06-15,11:05:25,0.00,f
3404718360,77770,2026-06-15,11:05:25,Движения нет,f
4453271303,230543,2026-06-15,11:05:26,0.04,f
4453271408,196789,2026-06-15,11:05:26,0.01,f
4453271399,196752,2026-06-15,11:05:26,0.00,f
4453271393,196775,2026-06-15,11:05:26,0.03,f
4453271445,196789,2026-06-15,11:05:28,0.00,f
4453271433,196775,2026-06-15,11:05:28,0.01,f
4453271454,196777,2026-06-15,11:05:29,0.01,f
4453271498,196755,2026-06-15,11:05:31,0.01,f
4453271488,196779,2026-06-15,11:05:31,0.01,f
4453271502,196775,2026-06-15,11:05:32,0.00,f
4453271510,196752,2026-06-15,11:05:32,0.01,f
4453271513,147204,2026-06-15,11:05:32,0.04,f
4453272725,278326,2026-06-15,11:05:32,0.00,f
4453271536,196760,2026-06-15,11:05:33,0.01,f
4453271526,196779,2026-06-15,11:05:33,0.00,f
4453271525,196777,2026-06-15,11:05:33,0.00,f
4453271545,213363,2026-06-15,11:05:34,0.05,f
4453271563,196760,2026-06-15,11:05:35,0.00,f
4453271486,230543,2026-06-15,11:05:36,0.01,f
4453271592,196738,2026-06-15,11:05:36,0.01,f
4453271578,196730,2026-06-15,11:05:36,0.00,f
4453271602,196772,2026-06-15,11:05:37,0.01,f
4453271615,196732,2026-06-15,11:05:38,0.00,f
4453271448,268173,2026-06-15,11:05:38,0.24,f
4453271468,268173,2026-06-15,11:05:38,0.25,f
4453271621,196738,2026-06-15,11:05:38,0.00,f
4453271524,230543,2026-06-15,11:05:38,0.02,f
3404718646,77770,2026-06-15,11:05:39,Обнаружено движение,f
4453271647,196738,2026-06-15,11:05:40,0.01,f
4453271643,196752,2026-06-15,11:05:40,0.00,f
4453271639,196780,2026-06-15,11:05:40,0.01,f
4453271637,196768,2026-06-15,11:05:40,0.01,f
4453271675,196755,2026-06-15,11:05:41,0.00,f
4453271668,196743,2026-06-15,11:05:41,0.00,f
4453271665,196751,2026-06-15,11:05:41,0.00,f
4453271661,196772,2026-06-15,11:05:41,0.00,f
4453271689,196738,2026-06-15,11:05:42,0.00,f
4453271520,268173,2026-06-15,11:05:42,0.24,f
4453271599,230543,2026-06-15,11:05:42,0.04,f
4453271511,268158,2026-06-15,11:05:42,0.01,f
4453271541,268173,2026-06-15,11:05:42,0.25,f
3404718713,77770,2026-06-15,11:05:43,Движения нет,f
4453271719,196780,2026-06-15,11:05:44,0.00,f
4453271546,268158,2026-06-15,11:05:44,0.00,f
4453271771,196733,2026-06-15,11:05:47,0.00,f
4453271783,196762,2026-06-15,11:05:49,0.00,f
4453271656,268173,2026-06-15,11:05:50,0.24,f
4453271677,268173,2026-06-15,11:05:50,0.25,f
4453271818,196765,2026-06-15,11:05:50,0.01,f
4453271842,196733,2026-06-15,11:05:51,0.01,f
4453273025,278331,2026-06-15,11:05:52,0.02,f
4453271883,196730,2026-06-15,11:05:53,0.01,f
4453271889,196734,2026-06-15,11:05:54,0.01,f
3404718856,196624,2026-06-15,11:05:54,Включен,f
4453271951,196752,2026-06-15,11:05:57,0.01,f
4453271954,196761,2026-06-15,11:05:57,0.01,f
4453271969,196734,2026-06-15,11:05:58,0.00,f
4453271871,230543,2026-06-15,11:05:58,0.01,f
4453271847,268173,2026-06-15,11:06:00,0.24,f
4453272024,196761,2026-06-15,11:06:01,0.00,f
3404718999,77770,2026-06-15,11:06:02,Обнаружено движение,f
4453272043,196746,2026-06-15,11:06:02,0.00,f
4453271952,230543,2026-06-15,11:06:02,0.02,f
4453272066,196761,2026-06-15,11:06:03,0.01,f
4453272050,196768,2026-06-15,11:06:03,0.00,f
4453272076,147204,2026-06-15,11:06:04,0.03,f
3404719020,77770,2026-06-15,11:06:04,Движения нет,f
4453273246,278301,2026-06-15,11:06:06,0.01,f
4453273268,278301,2026-06-15,11:06:06,0.00,f
4453272149,196727,2026-06-15,11:06:08,0.01,f
4453272147,196723,2026-06-15,11:06:08,0.01,f
4453272180,196790,2026-06-15,11:06:09,0.01,f
4453272177,196755,2026-06-15,11:06:09,0.01,f
4453272174,147199,2026-06-15,11:06:09,0.05,f
3404720187,266918,2026-06-15,11:06:10,Обнаружено движение,f
3404720203,266918,2026-06-15,11:06:10,Движения нет,f
3404719116,77752,2026-06-15,11:06:11,Обнаружено движение,f
4453272094,268158,2026-06-15,11:06:12,0.01,f
3404720220,266918,2026-06-15,11:06:12,Обнаружено движение,f
3404719133,77752,2026-06-15,11:06:12,Движения нет,f
4453272233,196761,2026-06-15,11:06:13,0.00,f
4453272246,196763,2026-06-15,11:06:14,0.01,f
4453273449,278296,2026-06-15,11:06:16,0.01,f
3404720279,266924,2026-06-15,11:06:16,Норма,f
4453273467,278296,2026-06-15,11:06:16,0.00,f
4453272260,196723,2026-06-15,11:06:16,0.00,f
3404720294,266918,2026-06-15,11:06:16,Движения нет,f
4453272272,196790,2026-06-15,11:06:17,0.00,f
4453272281,196743,2026-06-15,11:06:17,0.01,f
3404719201,210643,2026-06-15,11:06:18,Выключен,f
4453272295,196727,2026-06-15,11:06:18,0.00,f
3404719243,77770,2026-06-15,11:06:20,Обнаружено движение,f
4453272327,196728,2026-06-15,11:06:20,0.01,f
4453272325,196727,2026-06-15,11:06:20,0.01,f
4453272323,196784,2026-06-15,11:06:20,0.01,f
3404719266,77770,2026-06-15,11:06:21,Движения нет,f
4453272345,196745,2026-06-15,11:06:21,0.00,f
4453272349,196761,2026-06-15,11:06:22,0.01,f
4453272362,196771,2026-06-15,11:06:22,0.01,f
4453272396,196723,2026-06-15,11:06:24,0.01,f
4453272397,196727,2026-06-15,11:06:24,0.00,f
3404719322,77770,2026-06-15,11:06:24,Обнаружено движение,f
3404719341,77770,2026-06-15,11:06:25,Движения нет,f
4453272437,104054,2026-06-15,11:06:26,0.02,f
4453272318,268158,2026-06-15,11:06:26,0.01,f
4453272431,196755,2026-06-15,11:06:26,0.00,f
4453272434,196780,2026-06-15,11:06:26,0.01,f
4453272438,196732,2026-06-15,11:06:26,0.01,f
4453272308,268158,2026-06-15,11:06:26,0.00,f
4453272462,196751,2026-06-15,11:06:28,0.01,f
3404719383,77770,2026-06-15,11:06:28,Обнаружено движение,f
4453272472,196732,2026-06-15,11:06:28,0.00,f
3404719382,77752,2026-06-15,11:06:28,Обнаружено движение,f
3404719401,77752,2026-06-15,11:06:29,Движения нет,f
3404719403,77770,2026-06-15,11:06:29,Движения нет,f
4453272475,196752,2026-06-15,11:06:29,0.00,f
4453272494,196741,2026-06-15,11:06:30,0.01,f
4453272502,196728,2026-06-15,11:06:30,0.00,f
4453272493,196751,2026-06-15,11:06:30,0.00,f
3404719424,77752,2026-06-15,11:06:30,Обнаружено движение,f
4453272506,196752,2026-06-15,11:06:31,0.01,f
3404719434,77752,2026-06-15,11:06:31,Движения нет,f
3404719435,77770,2026-06-15,11:06:31,Обнаружено движение,f
4453272522,196783,2026-06-15,11:06:32,0.01,f
3404719448,77752,2026-06-15,11:06:32,Обнаружено движение,f
4453272534,196732,2026-06-15,11:06:33,0.01,f
3404719470,77770,2026-06-15,11:06:33,Движения нет,f
4453272476,230543,2026-06-15,11:06:34,0.00,f
3404719476,77752,2026-06-15,11:06:34,Движения нет,f
4453272571,196783,2026-06-15,11:06:35,0.00,f
4453272568,196732,2026-06-15,11:06:35,0.00,f
4453272583,147207,2026-06-15,11:06:35,0.04,f
4453272589,196752,2026-06-15,11:06:36,0.00,f
4453272612,213353,2026-06-15,11:06:37,0.05,f
4453272601,196732,2026-06-15,11:06:37,0.01,f
4453272603,196783,2026-06-15,11:06:37,0.01,f
4453272611,116068,2026-06-15,11:06:37,0.04,f
4453272514,268158,2026-06-15,11:06:38,0.00,f
3404719519,77752,2026-06-15,11:06:38,Обнаружено движение,f
4453272527,268158,2026-06-15,11:06:38,0.01,f
4453272664,147199,2026-06-15,11:06:40,0.06,f
3404719541,77752,2026-06-15,11:06:40,Движения нет,f
4453272545,268158,2026-06-15,11:06:40,0.00,f
4453272669,196783,2026-06-15,11:06:41,0.00,f
4453272672,196732,2026-06-15,11:06:41,0.00,f
4453272674,196742,2026-06-15,11:06:41,0.01,f
4453272602,230543,2026-06-15,11:06:42,0.02,f
4453272616,230543,2026-06-15,11:06:42,0.03,f
4453272590,268158,2026-06-15,11:06:42,0.00,f
4453272575,268158,2026-06-15,11:06:42,0.01,f
4453272701,196783,2026-06-15,11:06:43,0.01,f
4453272702,196784,2026-06-15,11:06:43,0.00,f
4453272706,196760,2026-06-15,11:06:43,0.01,f
4453272721,196726,2026-06-15,11:06:44,0.01,f
3404719634,77752,2026-06-15,11:06:45,Обнаружено движение,f
3404719659,77752,2026-06-15,11:06:46,Движения нет,f
4453272684,230543,2026-06-15,11:06:46,0.04,f
4453272754,196730,2026-06-15,11:06:46,0.00,f
4453272757,196775,2026-06-15,11:06:46,0.01,f
4453272758,196780,2026-06-15,11:06:46,0.02,f
4453272775,196742,2026-06-15,11:06:47,0.00,f
4453272765,196763,2026-06-15,11:06:47,0.00,f
4453272767,196779,2026-06-15,11:06:47,0.01,f
4453272769,196771,2026-06-15,11:06:47,0.00,f
4453272777,196760,2026-06-15,11:06:48,0.00,f
3404719683,77752,2026-06-15,11:06:49,Обнаружено движение,f
4453272797,196771,2026-06-15,11:06:49,0.01,f
4453272812,196775,2026-06-15,11:06:50,0.00,f
3404719698,103913,2026-06-15,11:06:50,Есть питание,f
4453272815,196752,2026-06-15,11:06:50,0.01,f
3404719699,77752,2026-06-15,11:06:50,Движения нет,f
4453272843,196780,2026-06-15,11:06:52,0.01,f
4453272857,196763,2026-06-15,11:06:53,0.01,f
3404719751,77752,2026-06-15,11:06:53,Обнаружено движение,f
4453272886,196765,2026-06-15,11:06:54,0.00,f
3404719783,77752,2026-06-15,11:06:55,Движения нет,f
3404719802,77752,2026-06-15,11:06:56,Обнаружено движение,f
4453272907,196743,2026-06-15,11:06:56,0.00,f
4453272794,268158,2026-06-15,11:06:56,0.01,f
4453272935,196733,2026-06-15,11:06:57,0.00,f
4453272933,196731,2026-06-15,11:06:57,0.01,f
4453272923,196763,2026-06-15,11:06:57,0.00,f
4453272936,104047,2026-06-15,11:06:57,0.08,f
4453272940,196736,2026-06-15,11:06:58,0.01,f
4453272946,196761,2026-06-15,11:06:58,0.00,f
3404719818,77752,2026-06-15,11:06:58,Движения нет,f
4453272964,196763,2026-06-15,11:06:59,0.01,f
4453272971,196775,2026-06-15,11:06:59,0.01,f
4453272897,230543,2026-06-15,11:07:00,0.03,f
4453272982,196726,2026-06-15,11:07:00,0.00,f
4453272986,196752,2026-06-15,11:07:01,0.00,f
3404719867,77770,2026-06-15,11:07:01,Обнаружено движение,f
4453273011,196780,2026-06-15,11:07:02,0.02,f
4453273000,196765,2026-06-15,11:07:02,0.01,f
4453273003,196731,2026-06-15,11:07:02,0.00,f
3404719879,77770,2026-06-15,11:07:02,Движения нет,f
4453273015,196728,2026-06-15,11:07:03,0.01,f
3404719905,77770,2026-06-15,11:07:03,Обнаружено движение,f
4453274226,278331,2026-06-15,11:07:04,0.01,f
4453273037,196786,2026-06-15,11:07:04,0.01,f
4453273044,196752,2026-06-15,11:07:05,0.01,f
3404719935,77770,2026-06-15,11:07:05,Движения нет,f
4453273047,196761,2026-06-15,11:07:05,0.01,f
3404719959,77770,2026-06-15,11:07:06,Обнаружено движение,f
4453273005,230543,2026-06-15,11:07:06,0.04,f
4453273059,147207,2026-06-15,11:07:06,0.03,f
4453272979,268158,2026-06-15,11:07:06,0.00,f
4453273067,196752,2026-06-15,11:07:07,0.00,f
4453273064,196728,2026-06-15,11:07:07,0.00,f
4453273075,196761,2026-06-15,11:07:07,0.00,f
4453273081,196752,2026-06-15,11:07:08,0.01,f
4453273090,196763,2026-06-15,11:07:08,0.00,f
4453272993,268158,2026-06-15,11:07:08,0.01,f
4453273099,213353,2026-06-15,11:07:08,0.04,f
3404720002,77770,2026-06-15,11:07:09,Движения нет,f
4453273102,116068,2026-06-15,11:07:09,0.03,f
4453273115,196736,2026-06-15,11:07:10,0.00,f
4453273129,196771,2026-06-15,11:07:11,0.00,f
4453273130,196728,2026-06-15,11:07:11,0.01,f
4453274394,278331,2026-06-15,11:07:12,0.02,f
3404720063,77752,2026-06-15,11:07:13,Обнаружено движение,f
3404720043,98172,2026-06-15,11:07:13,Не замкнут,f
3404720090,77752,2026-06-15,11:07:14,Движения нет,f
4453273187,196723,2026-06-15,11:07:14,0.00,f
4453273097,230543,2026-06-15,11:07:14,0.03,f
4453274429,278331,2026-06-15,11:07:14,0.02,f
4453274416,278331,2026-06-15,11:07:14,0.01,f
4453273207,196783,2026-06-15,11:07:15,0.00,f
4453273231,196736,2026-06-15,11:07:16,0.01,f
4453274461,278331,2026-06-15,11:07:16,0.01,f
4453273251,196743,2026-06-15,11:07:17,0.01,f
4453273250,196741,2026-06-15,11:07:17,0.00,f
4453273264,196732,2026-06-15,11:07:18,0.01,f
4453273294,196732,2026-06-15,11:07:20,0.00,f
4453273299,196738,2026-06-15,11:07:20,0.01,f
4453273337,196732,2026-06-15,11:07:22,0.01,f
4453273334,196728,2026-06-15,11:07:22,0.00,f
4453273325,196761,2026-06-15,11:07:22,0.01,f
3404720218,93833,2026-06-15,11:07:24,Обнаружено движение,f
4453273383,196732,2026-06-15,11:07:24,0.00,f
3404720236,93833,2026-06-15,11:07:25,Движения нет,f
4453273394,196759,2026-06-15,11:07:25,0.03,f
4453273427,196780,2026-06-15,11:07:26,0.00,f
4453273426,196775,2026-06-15,11:07:26,0.00,f
4453273433,196759,2026-06-15,11:07:27,0.00,f
4453273448,213780,2026-06-15,11:07:27,0.02,f
4453273457,196759,2026-06-15,11:07:28,0.03,f
4453273464,196732,2026-06-15,11:07:28,0.01,f
4453273465,196775,2026-06-15,11:07:28,0.01,f
4453273352,230623,2026-06-15,11:07:28,0.00,f
4453273480,104047,2026-06-15,11:07:29,0.09,f
4453273358,268203,2026-06-15,11:07:30,0.04,f
4453273492,196743,2026-06-15,11:07:30,0.00,f
4453273530,196755,2026-06-15,11:07:32,0.01,f
4453273539,196762,2026-06-15,11:07:33,0.01,f
3404720423,77770,2026-06-15,11:07:35,Обнаружено движение,f
4453273570,196762,2026-06-15,11:07:35,0.00,f
4453273564,196732,2026-06-15,11:07:35,0.00,f
3404720446,77770,2026-06-15,11:07:36,Движения нет,f
4453273590,196786,2026-06-15,11:07:36,0.02,f
4453273588,196759,2026-06-15,11:07:36,0.00,f
4453273577,196775,2026-06-15,11:07:36,0.00,f
3404720443,95384,2026-06-15,11:07:37,Обесточен,f
4453273599,196732,2026-06-15,11:07:37,0.01,f
4453273616,196736,2026-06-15,11:07:38,0.00,f
4453273620,196755,2026-06-15,11:07:38,0.00,f
4453273621,196756,2026-06-15,11:07:38,0.01,f
4453273638,196752,2026-06-15,11:07:39,0.00,f
3404720491,77752,2026-06-15,11:07:39,Обнаружено движение,f
3404720494,77770,2026-06-15,11:07:39,Обнаружено движение,f
4453273631,196779,2026-06-15,11:07:39,0.00,f
4453273655,196736,2026-06-15,11:07:40,0.01,f
4453273648,196726,2026-06-15,11:07:40,0.01,f
4453273650,196775,2026-06-15,11:07:40,0.01,f
4453273647,213360,2026-06-15,11:07:40,0.03,f
3404720528,77752,2026-06-15,11:07:41,Движения нет,f
4453273668,116068,2026-06-15,11:07:41,0.04,f
4453273700,196762,2026-06-15,11:07:42,0.01,f
4453273699,196756,2026-06-15,11:07:42,0.00,f
4453273691,196752,2026-06-15,11:07:42,0.01,f
4453273715,196768,2026-06-15,11:07:43,0.01,f
4453273712,196732,2026-06-15,11:07:43,0.00,f
4453273708,196786,2026-06-15,11:07:43,0.01,f
3404720577,77770,2026-06-15,11:07:43,Движения нет,f
3404720576,77752,2026-06-15,11:07:43,Обнаружено движение,f
4453273727,196736,2026-06-15,11:07:44,0.00,f
3404720596,77752,2026-06-15,11:07:44,Движения нет,f
3404720601,77770,2026-06-15,11:07:44,Обнаружено движение,f
4453273740,196764,2026-06-15,11:07:45,0.01,f
4453273736,196732,2026-06-15,11:07:45,0.01,f
4453273764,196725,2026-06-15,11:07:46,0.01,f
4453273748,196786,2026-06-15,11:07:46,0.00,f
4453273767,196751,2026-06-15,11:07:46,0.01,f
4453273781,196732,2026-06-15,11:07:47,0.00,f
3404720417,196499,2026-06-15,11:07:47,Обнаружено движение,f
4453273804,196762,2026-06-15,11:07:48,0.00,f
4453273803,196736,2026-06-15,11:07:48,0.01,f
4453273802,196751,2026-06-15,11:07:48,0.00,f
3404720454,196499,2026-06-15,11:07:49,Движения нет,f
4453273819,196755,2026-06-15,11:07:49,0.01,f
4453273812,196764,2026-06-15,11:07:49,0.00,f
3404720675,77770,2026-06-15,11:07:49,Движения нет,f
3404721123,144821,2026-06-15,11:07:50,Не замкнут,f
3404722081,267428,2026-06-15,11:07:52,Норма,f
3404720724,77752,2026-06-15,11:07:52,Обнаружено движение,f
4453273851,196726,2026-06-15,11:07:52,0.00,f
4453273847,196755,2026-06-15,11:07:52,0.00,f
3404720707,96474,2026-06-15,11:07:53,Есть питание,f
3404720762,77752,2026-06-15,11:07:54,Движения нет,f
4453273890,196752,2026-06-15,11:07:54,0.00,f
3404720791,77770,2026-06-15,11:07:55,Обнаружено движение,f
4453273918,196785,2026-06-15,11:07:56,0.01,f
4453273938,196779,2026-06-15,11:07:57,0.01,f
3404720820,77770,2026-06-15,11:07:57,Движения нет,f
3404721299,144821,2026-06-15,11:07:57,Норма,f
4453273936,196725,2026-06-15,11:07:57,0.00,f
3404720678,333641,2026-06-15,11:07:57,Включен,f
4453273927,196736,2026-06-15,11:07:57,0.00,f
4453273968,213780,2026-06-15,11:07:59,0.03,f
4453273980,196761,2026-06-15,11:08:00,0.00,f
4453273986,196768,2026-06-15,11:08:00,0.00,f
3404720872,77752,2026-06-15,11:08:01,Обнаружено движение,f
4453273994,104054,2026-06-15,11:08:01,0.03,f
3404720890,77752,2026-06-15,11:08:02,Движения нет,f
4453274000,196779,2026-06-15,11:08:02,0.00,f
4453274012,196768,2026-06-15,11:08:02,0.01,f
3404720907,77752,2026-06-15,11:08:03,Обнаружено движение,f
3404720909,77770,2026-06-15,11:08:03,Обнаружено движение,f
4453273960,288276,2026-06-15,11:08:04,0.01,f
3404720927,77770,2026-06-15,11:08:04,Движения нет,f
4453274048,196726,2026-06-15,11:08:04,0.01,f
4453273962,230543,2026-06-15,11:08:04,0.04,f
3404720888,93833,2026-06-15,11:08:04,Обнаружено движение,f
3404720919,3073,2026-06-15,11:08:05,Обнаружено движение,f
3404720951,77752,2026-06-15,11:08:05,Движения нет,f
3404720908,93833,2026-06-15,11:08:05,Движения нет,f
4453273973,288276,2026-06-15,11:08:06,0.00,f
4453274078,196765,2026-06-15,11:08:07,0.00,f
4453274092,196779,2026-06-15,11:08:08,0.01,f
4453274102,196786,2026-06-15,11:08:08,0.01,f
3404720996,77752,2026-06-15,11:08:08,Обнаружено движение,f
3404720992,3073,2026-06-15,11:08:09,Движения нет,f
4453274118,196775,2026-06-15,11:08:10,0.02,f
3404721016,77752,2026-06-15,11:08:10,Движения нет,f
4453274051,288276,2026-06-15,11:08:11,0.01,f
4453274132,196768,2026-06-15,11:08:11,0.00,f
4453274163,213360,2026-06-15,11:08:11,0.04,f
3404721036,77770,2026-06-15,11:08:11,Обнаружено движение,f
4453274152,196730,2026-06-15,11:08:12,0.01,f
4453275507,278301,2026-06-15,11:08:12,0.01,f
4453274150,196726,2026-06-15,11:08:12,0.00,f
3404721050,3077,2026-06-15,11:08:12,Обнаружено движение,f
3404721074,103915,2026-06-15,11:08:13,Есть питание,f
3404721097,77770,2026-06-15,11:08:15,Движения нет,f
4453274098,268158,2026-06-15,11:08:15,0.01,f
4453274083,268158,2026-06-15,11:08:15,0.00,f
4453274215,196775,2026-06-15,11:08:16,0.01,f
3404721083,3077,2026-06-15,11:08:16,Движения нет,f
4453274214,196726,2026-06-15,11:08:16,0.01,f
4453274244,196761,2026-06-15,11:08:17,0.01,f
4453274230,196786,2026-06-15,11:08:17,0.00,f
4453274248,196785,2026-06-15,11:08:18,0.00,f
3404722494,267105,2026-06-15,11:08:18,Есть питание,f
3404722507,267105,2026-06-15,11:08:18,Обесточен,f
4453274266,196755,2026-06-15,11:08:18,0.01,f
3404722532,267105,2026-06-15,11:08:20,Есть питание,f
4453273931,120298,2026-06-15,11:08:20,26,f
3404721203,209989,2026-06-15,11:08:20,Обнаружено движение,f
4453274300,196756,2026-06-15,11:08:21,0.01,f
3404722552,267106,2026-06-15,11:08:22,Обесточен,f
3404722563,267104,2026-06-15,11:08:22,Есть питание,f
3404722556,267106,2026-06-15,11:08:22,Есть питание,f
3404721284,209989,2026-06-15,11:08:22,Движения нет,f
4453274318,196730,2026-06-15,11:08:22,0.00,f
4453274311,196761,2026-06-15,11:08:22,0.00,f
4453274239,230543,2026-06-15,11:08:23,0.05,f
4453274354,196786,2026-06-15,11:08:24,0.01,f
3404721269,93833,2026-06-15,11:08:24,Обнаружено движение,f
4453274343,196761,2026-06-15,11:08:24,0.01,f
3404721320,209989,2026-06-15,11:08:24,Обнаружено движение,f
3404721291,93833,2026-06-15,11:08:25,Движения нет,f
4453274414,196738,2026-06-15,11:08:25,0.00,f
3404721347,209989,2026-06-15,11:08:26,Движения нет,f
4453274427,196775,2026-06-15,11:08:26,0.00,f
4453274463,196746,2026-06-15,11:08:28,0.01,f
4453274314,268143,2026-06-15,11:08:29,0.01,f
4453274472,196756,2026-06-15,11:08:29,0.00,f
4453274495,196743,2026-06-15,11:08:30,0.01,f
4453274501,196786,2026-06-15,11:08:30,0.00,f
4453274507,196775,2026-06-15,11:08:30,0.01,f
4453274533,104054,2026-06-15,11:08:31,0.02,f
4453274546,196784,2026-06-15,11:08:32,0.01,f
4453274535,196755,2026-06-15,11:08:32,0.00,f
4453274451,230543,2026-06-15,11:08:33,0.05,f
3404721335,333641,2026-06-15,11:08:33,Выключен,f
4453274434,230543,2026-06-15,11:08:33,0.06,f
4453274588,196784,2026-06-15,11:08:34,0.00,f
4453274587,196780,2026-06-15,11:08:34,0.01,f
4453274583,196764,2026-06-15,11:08:34,0.01,f
4453275893,278301,2026-06-15,11:08:34,0.00,f
4453274598,196760,2026-06-15,11:08:35,0.01,f
4453274456,268158,2026-06-15,11:08:35,0.00,f
4453274638,196786,2026-06-15,11:08:36,0.01,f
4453274640,196796,2026-06-15,11:08:36,0.01,f
4453274646,196775,2026-06-15,11:08:37,0.00,f
4453274647,196784,2026-06-15,11:08:37,0.01,f
4453274648,196764,2026-06-15,11:08:37,0.00,f
3404721440,330696,2026-06-15,11:08:38,Не замкнут,f
4453274674,196780,2026-06-15,11:08:39,0.00,f
4453274675,196784,2026-06-15,11:08:39,0.00,f
4453274677,196764,2026-06-15,11:08:39,0.01,f
4453274691,196790,2026-06-15,11:08:39,0.01,f
3404721579,77736,2026-06-15,11:08:40,Обнаружено движение,f
4453274714,196771,2026-06-15,11:08:41,0.01,f
4453274590,288276,2026-06-15,11:08:41,0.00,f
4453274741,196736,2026-06-15,11:08:42,0.01,f
4453274742,196741,2026-06-15,11:08:42,0.01,f
3404721534,330696,2026-06-15,11:08:42,Норма,f
4453274772,213360,2026-06-15,11:08:42,0.03,f
4453274770,213353,2026-06-15,11:08:42,0.05,f
4453274758,196780,2026-06-15,11:08:43,0.01,f
4453274763,196752,2026-06-15,11:08:43,0.01,f
3404721510,333763,2026-06-15,11:08:43,Есть питание,f
4453274769,196760,2026-06-15,11:08:43,0.00,f
4453274759,196784,2026-06-15,11:08:43,0.01,f
3404721626,77736,2026-06-15,11:08:43,Движения нет,f
4453274790,196741,2026-06-15,11:08:44,0.00,f
4453274809,196764,2026-06-15,11:08:45,0.00,f
4453274808,196784,2026-06-15,11:08:45,0.00,f
3404721656,209989,2026-06-15,11:08:45,Обнаружено движение,f
4453274810,196771,2026-06-15,11:08:45,0.00,f
3404721655,77734,2026-06-15,11:08:45,Обнаружено движение,f
3404721625,3077,2026-06-15,11:08:45,Обнаружено движение,f
4453274825,196755,2026-06-15,11:08:46,0.01,f
4453274819,196774,2026-06-15,11:08:46,0.01,f
4453274820,196741,2026-06-15,11:08:46,0.01,f
4453274837,196784,2026-06-15,11:08:47,0.01,f
3404721662,3077,2026-06-15,11:08:47,Движения нет,f
3404721698,77770,2026-06-15,11:08:47,Обнаружено движение,f
3404721718,77734,2026-06-15,11:08:50,Движения нет,f
3404721721,77770,2026-06-15,11:08:50,Движения нет,f
4453274897,196780,2026-06-15,11:08:50,0.00,f
4453274893,196730,2026-06-15,11:08:50,0.01,f
4453274910,196779,2026-06-15,11:08:51,0.00,f
3404721733,209989,2026-06-15,11:08:51,Движения нет,f
4453274929,196736,2026-06-15,11:08:52,0.00,f
4453274924,196752,2026-06-15,11:08:52,0.00,f
4453274954,104039,2026-06-15,11:08:53,0.01,f
4453274948,196760,2026-06-15,11:08:53,0.01,f
4453274952,196786,2026-06-15,11:08:54,0.00,f
4453274957,196774,2026-06-15,11:08:54,0.00,f
4453274961,196752,2026-06-15,11:08:54,0.01,f
4453274999,196780,2026-06-15,11:08:56,0.01,f
3404721904,77770,2026-06-15,11:08:57,Обнаружено движение,f
4453275016,196743,2026-06-15,11:08:57,0.00,f
4453275032,196774,2026-06-15,11:08:58,0.01,f
4453275021,196755,2026-06-15,11:08:58,0.02,f
4453274918,268143,2026-06-15,11:08:59,0.02,f
4453275046,196779,2026-06-15,11:08:59,0.01,f
4453275042,196796,2026-06-15,11:08:59,0.00,f
4453274947,288226,2026-06-15,11:08:59,0.04,f
4453275037,196789,2026-06-15,11:08:59,0.01,f
4453274967,288226,2026-06-15,11:09:00,0.05,f
4453275092,196752,2026-06-15,11:09:00,0.00,f
4453275090,196726,2026-06-15,11:09:00,0.00,f
4453274950,288276,2026-06-15,11:09:00,0.01,f
4453275117,196789,2026-06-15,11:09:01,0.00,f
4453275129,196743,2026-06-15,11:09:01,0.01,f
4453275123,196774,2026-06-15,11:09:01,0.00,f
3404722084,77770,2026-06-15,11:09:02,Движения нет,f
4453275139,196760,2026-06-15,11:09:02,0.00,f
4453275140,196761,2026-06-15,11:09:02,0.00,f
3404722043,93833,2026-06-15,11:09:02,Обнаружено движение,f
4453275151,196726,2026-06-15,11:09:02,0.01,f
4453275181,104061,2026-06-15,11:09:03,0.06,f
4453275160,196753,2026-06-15,11:09:03,0.01,f
3404722068,93833,2026-06-15,11:09:03,Движения нет,f
4453275180,104054,2026-06-15,11:09:03,0.03,f
4453275179,104047,2026-06-15,11:09:03,0.08,f
4453275188,196730,2026-06-15,11:09:04,0.00,f
4453275190,196780,2026-06-15,11:09:04,0.00,f
3404722083,93833,2026-06-15,11:09:04,Обнаружено движение,f
4453275007,268143,2026-06-15,11:09:05,0.01,f
3404722130,93833,2026-06-15,11:09:05,Движения нет,f
4453275223,196726,2026-06-15,11:09:06,0.00,f
4453275249,196743,2026-06-15,11:09:08,0.00,f
4453275243,196774,2026-06-15,11:09:08,0.01,f
4453275131,268143,2026-06-15,11:09:09,0.02,f
4453275258,196726,2026-06-15,11:09:09,0.01,f
4453275157,288276,2026-06-15,11:09:09,0.00,f
4453275281,196739,2026-06-15,11:09:10,0.01,f
4453275286,196786,2026-06-15,11:09:10,0.01,f
4453275289,196784,2026-06-15,11:09:10,0.00,f
3404722233,209989,2026-06-15,11:09:10,Обнаружено движение,f
4453275292,196726,2026-06-15,11:09:11,0.00,f
4453275295,196727,2026-06-15,11:09:11,0.01,f
3404722257,209989,2026-06-15,11:09:12,Движения нет,f
3404722283,209989,2026-06-15,11:09:13,Обнаружено движение,f
3404722260,196624,2026-06-15,11:09:13,Выключен,f
4453275359,213360,2026-06-15,11:09:13,0.04,f
4453275228,288276,2026-06-15,11:09:13,0.00,f
4453275207,288276,2026-06-15,11:09:13,0.01,f
4453275357,196753,2026-06-15,11:09:14,0.02,f
4453275355,196741,2026-06-15,11:09:14,0.00,f
4453275372,116068,2026-06-15,11:09:14,0.03,f
4453275247,288276,2026-06-15,11:09:15,0.01,f
4453275382,196736,2026-06-15,11:09:15,0.01,f
4453275402,196739,2026-06-15,11:09:16,0.00,f
4453275277,288276,2026-06-15,11:09:17,0.00,f
4453275259,268143,2026-06-15,11:09:17,0.01,f
4453275443,196732,2026-06-15,11:09:19,0.01,f
3404722346,209989,2026-06-15,11:09:19,Движения нет,f
4453275442,196727,2026-06-15,11:09:19,0.00,f
4453275460,196739,2026-06-15,11:09:20,0.01,f
4453275479,196790,2026-06-15,11:09:21,0.00,f
4453275473,196729,2026-06-15,11:09:21,0.01,f
4453275475,196746,2026-06-15,11:09:21,0.00,f
4453275472,196727,2026-06-15,11:09:21,0.01,f
3404722398,209989,2026-06-15,11:09:22,Обнаружено движение,f
4453275413,230543,2026-06-15,11:09:22,0.04,f
4453275505,196729,2026-06-15,11:09:23,0.00,f
3404722420,209989,2026-06-15,11:09:24,Движения нет,f
3404722401,93833,2026-06-15,11:09:24,Обнаружено движение,f
4453275544,196746,2026-06-15,11:09:25,0.01,f
4453275552,104036,2026-06-15,11:09:25,0.08,f
4453275554,104039,2026-06-15,11:09:25,0.00,f
4453275563,196739,2026-06-15,11:09:26,0.00,f
3404722444,93833,2026-06-15,11:09:27,Движения нет,f
4453275578,196729,2026-06-15,11:09:27,0.01,f
3404722458,3077,2026-06-15,11:09:28,Обнаружено движение,f
3404722478,93833,2026-06-15,11:09:29,Обнаружено движение,f
4453275613,196732,2026-06-15,11:09:29,0.00,f
4453275626,196785,2026-06-15,11:09:30,0.01,f
4453275537,230543,2026-06-15,11:09:30,0.03,f
3404722508,3077,2026-06-15,11:09:30,Движения нет,f
4453275651,196784,2026-06-15,11:09:31,0.01,f
4453275650,196783,2026-06-15,11:09:31,0.01,f
3404722502,93833,2026-06-15,11:09:31,Движения нет,f
4453275669,196727,2026-06-15,11:09:32,0.00,f
4453275582,288226,2026-06-15,11:09:33,0.04,f
4453275681,196783,2026-06-15,11:09:33,0.00,f
4453275700,196768,2026-06-15,11:09:34,0.01,f
3404722577,77726,2026-06-15,11:09:34,Обнаружено движение,f
4453275689,196738,2026-06-15,11:09:34,0.01,f
4453275691,196743,2026-06-15,11:09:34,0.01,f
4453275713,104061,2026-06-15,11:09:34,0.05,f
4453275710,104054,2026-06-15,11:09:34,0.02,f
4453275708,104047,2026-06-15,11:09:34,0.09,f
4453275621,288226,2026-06-15,11:09:35,0.05,f
3404722592,77770,2026-06-15,11:09:35,Обнаружено движение,f
3404722602,77770,2026-06-15,11:09:36,Движения нет,f
4453275642,230543,2026-06-15,11:09:36,0.02,f
4453275741,196750,2026-06-15,11:09:36,0.01,f
4453275744,196768,2026-06-15,11:09:36,0.00,f
4453275726,196743,2026-06-15,11:09:36,0.00,f
3404722610,77726,2026-06-15,11:09:37,Движения нет,f
4453275748,196738,2026-06-15,11:09:37,0.00,f
3404722612,77770,2026-06-15,11:09:37,Обнаружено движение,f
4453275637,288226,2026-06-15,11:09:37,0.04,f
4453275765,196771,2026-06-15,11:09:37,0.01,f
4453275773,196755,2026-06-15,11:09:38,0.00,f
3404722623,77770,2026-06-15,11:09:38,Движения нет,f
3404722613,93833,2026-06-15,11:09:39,Обнаружено движение,f
3404722644,209989,2026-06-15,11:09:40,Обнаружено движение,f
4453275829,196774,2026-06-15,11:09:41,0.00,f
3404722663,77726,2026-06-15,11:09:42,Обнаружено движение,f
3404722640,93833,2026-06-15,11:09:42,Движения нет,f
4453275844,196768,2026-06-15,11:09:42,0.01,f
4453275842,196723,2026-06-15,11:09:42,0.01,f
3404722682,209989,2026-06-15,11:09:43,Движения нет,f
3404722681,77770,2026-06-15,11:09:43,Обнаружено движение,f
3404722696,77770,2026-06-15,11:09:44,Движения нет,f
4453275863,196771,2026-06-15,11:09:44,0.00,f
3404722695,77726,2026-06-15,11:09:44,Движения нет,f
4453275884,116068,2026-06-15,11:09:45,0.04,f
4453275876,196780,2026-06-15,11:09:45,0.01,f
4453275879,196771,2026-06-15,11:09:45,0.01,f
3404722723,209989,2026-06-15,11:09:45,Обнаружено движение,f
3404722738,77770,2026-06-15,11:09:46,Обнаружено движение,f
4453275903,196768,2026-06-15,11:09:47,0.00,f
3404722761,77726,2026-06-15,11:09:47,Обнаружено движение,f
3404722762,77770,2026-06-15,11:09:47,Движения нет,f
3404722780,77726,2026-06-15,11:09:48,Движения нет,f
4453275926,196743,2026-06-15,11:09:48,0.01,f
4453275918,147201,2026-06-15,11:09:48,0.10,f
3404722783,209989,2026-06-15,11:09:48,Движения нет,f
4453275831,268143,2026-06-15,11:09:49,0.02,f
4453275939,196729,2026-06-15,11:09:49,0.00,f
4453275940,196768,2026-06-15,11:09:49,0.01,f
4453275948,196738,2026-06-15,11:09:49,0.01,f
3404724078,267423,2026-06-15,11:09:50,Норма,f
4453275962,196751,2026-06-15,11:09:50,0.01,f
4453275959,196774,2026-06-15,11:09:50,0.01,f
4453275971,196786,2026-06-15,11:09:50,0.00,f
4453275976,196728,2026-06-15,11:09:51,0.01,f
4453275977,196729,2026-06-15,11:09:51,0.01,f
4453275980,196784,2026-06-15,11:09:51,0.00,f
3404722807,77726,2026-06-15,11:09:51,Обнаружено движение,f
4453276007,196753,2026-06-15,11:09:52,0.00,f
4453275998,196751,2026-06-15,11:09:52,0.00,f
4453275995,196733,2026-06-15,11:09:52,0.01,f
4453276016,196729,2026-06-15,11:09:53,0.00,f
4453276019,196768,2026-06-15,11:09:53,0.00,f
4453275885,268173,2026-06-15,11:09:53,0.25,f
3404722852,77726,2026-06-15,11:09:53,Движения нет,f
4453275920,288276,2026-06-15,11:09:54,0.01,f
3404722652,196499,2026-06-15,11:09:54,Обнаружено движение,f
3404722654,196503,2026-06-15,11:09:54,Обнаружено движение,f
4453276038,196733,2026-06-15,11:09:54,0.00,f
4453276066,196743,2026-06-15,11:09:55,0.00,f
4453276055,196727,2026-06-15,11:09:55,0.01,f
4453276056,196728,2026-06-15,11:09:55,0.00,f
4453276054,196768,2026-06-15,11:09:55,0.01,f
3404722882,209989,2026-06-15,11:09:55,Обнаружено движение,f
4453276093,104036,2026-06-15,11:09:56,0.07,f
4453276078,196774,2026-06-15,11:09:56,0.00,f
4453275898,268173,2026-06-15,11:09:56,0.24,f
4453275919,268143,2026-06-15,11:09:56,0.01,f
3404722686,196499,2026-06-15,11:09:56,Движения нет,f
3404722701,196503,2026-06-15,11:09:57,Движения нет,f
4453276099,196743,2026-06-15,11:09:57,0.01,f
4453276089,196786,2026-06-15,11:09:57,0.01,f
3404722700,196491,2026-06-15,11:09:57,Обнаружено движение,f
4453276112,196774,2026-06-15,11:09:58,0.01,f
3404722944,209989,2026-06-15,11:09:58,Движения нет,f
4453275973,288276,2026-06-15,11:09:58,0.00,f
4453275938,268143,2026-06-15,11:09:58,0.02,f
4453275956,268173,2026-06-15,11:09:58,0.25,f
4453275994,288276,2026-06-15,11:09:58,0.01,f
4453276125,196733,2026-06-15,11:09:59,0.01,f
4453276129,196768,2026-06-15,11:09:59,0.00,f
4453276145,196780,2026-06-15,11:10:00,0.00,f
4453276149,196774,2026-06-15,11:10:00,0.00,f
4453276151,196734,2026-06-15,11:10:00,0.01,f
4453276059,230493,2026-06-15,11:10:00,0.02,f
4453276061,230493,2026-06-15,11:10:00,0.17,f
4453276168,196779,2026-06-15,11:10:01,0.00,f
4453276171,196723,2026-06-15,11:10:01,0.00,f
4453276011,268173,2026-06-15,11:10:02,0.24,f
4453276180,196786,2026-06-15,11:10:02,0.00,f
4453276186,196780,2026-06-15,11:10:02,0.01,f
4453276188,196723,2026-06-15,11:10:02,0.01,f
4453276189,196725,2026-06-15,11:10:02,0.01,f
3404723021,77770,2026-06-15,11:10:02,Обнаружено движение,f
4453276201,196734,2026-06-15,11:10:03,0.00,f
4453276204,196756,2026-06-15,11:10:03,0.01,f
4453276211,196768,2026-06-15,11:10:03,0.01,f
3404723078,209989,2026-06-15,11:10:03,Обнаружено движение,f
4453276234,196774,2026-06-15,11:10:04,0.01,f
4453276232,196768,2026-06-15,11:10:04,0.00,f
4453276231,196780,2026-06-15,11:10:04,0.00,f
4453276230,196775,2026-06-15,11:10:04,0.01,f
4453276127,230493,2026-06-15,11:10:04,0.09,f
4453276120,230543,2026-06-15,11:10:04,0.01,f
3404722824,196491,2026-06-15,11:10:04,Движения нет,f
4453276251,196756,2026-06-15,11:10:05,0.00,f
3404723119,209989,2026-06-15,11:10:05,Движения нет,f
3404723268,171590,2026-06-15,11:10:05,Обнаружено движение,f
3404723077,286822,2026-06-15,11:10:06,Обнаружено движение,f
3404723105,3077,2026-06-15,11:10:06,Обнаружено движение,f
4453276320,196775,2026-06-15,11:10:06,0.00,f
4453276319,196768,2026-06-15,11:10:06,0.01,f
4453276318,196723,2026-06-15,11:10:06,0.00,f
3404723287,171597,2026-06-15,11:10:06,Не замкнут,f
4453276185,230493,2026-06-15,11:10:06,0.07,f
4453276326,196734,2026-06-15,11:10:07,0.01,f
4453276338,196784,2026-06-15,11:10:07,0.01,f
4453276358,196774,2026-06-15,11:10:08,0.02,f
3404723136,93833,2026-06-15,11:10:08,Обнаружено движение,f
3404722879,196491,2026-06-15,11:10:08,Обнаружено движение,f
4453276357,196768,2026-06-15,11:10:08,0.00,f
3404723328,171590,2026-06-15,11:10:08,Движения нет,f
3404723144,3077,2026-06-15,11:10:09,Движения нет,f
4453276360,196736,2026-06-15,11:10:09,0.00,f
4453276389,196785,2026-06-15,11:10:10,0.00,f
4453276164,268158,2026-06-15,11:10:10,0.01,f
4453276172,268143,2026-06-15,11:10:10,0.01,f
3404723147,286822,2026-06-15,11:10:10,Движения нет,f
4453276386,196761,2026-06-15,11:10:10,0.01,f
4453276393,196774,2026-06-15,11:10:10,0.01,f
3404723208,209989,2026-06-15,11:10:11,Обнаружено движение,f
3404723207,77770,2026-06-15,11:10:11,Движения нет,f
4453276400,196725,2026-06-15,11:10:11,0.00,f
4453276300,288276,2026-06-15,11:10:11,0.00,f
4453276421,196727,2026-06-15,11:10:12,0.00,f
3404723183,93833,2026-06-15,11:10:12,Движения нет,f
3404723364,171597,2026-06-15,11:10:12,Норма,f
4453276294,268143,2026-06-15,11:10:13,0.01,f
4453276437,196774,2026-06-15,11:10:13,0.02,f
4453276244,268143,2026-06-15,11:10:14,0.02,f
4453276447,196786,2026-06-15,11:10:14,0.01,f
4453276444,196761,2026-06-15,11:10:14,0.00,f
4453276440,196784,2026-06-15,11:10:14,0.00,f
4453276458,196768,2026-06-15,11:10:15,0.01,f
4453276456,196750,2026-06-15,11:10:15,0.00,f
4453276378,288276,2026-06-15,11:10:15,0.01,f
4453276455,196775,2026-06-15,11:10:15,0.01,f
4453276491,196786,2026-06-15,11:10:16,0.00,f
4453276496,116072,2026-06-15,11:10:16,0.19,f
3404723071,196503,2026-06-15,11:10:16,Обнаружено движение,f
3404723276,209989,2026-06-15,11:10:16,Движения нет,f
4453276449,147207,2026-06-15,11:10:16,0.02,f
4453276501,196780,2026-06-15,11:10:17,0.01,f
3404723090,196491,2026-06-15,11:10:17,Движения нет,f
4453276388,268158,2026-06-15,11:10:17,0.00,f
4453276500,196775,2026-06-15,11:10:17,0.00,f
4453276518,196777,2026-06-15,11:10:18,0.01,f
4453276521,196774,2026-06-15,11:10:18,0.01,f
4453276550,196768,2026-06-15,11:10:19,0.00,f
4453276418,268203,2026-06-15,11:10:19,0.05,f
3404723154,196499,2026-06-15,11:10:20,Обнаружено движение,f
4453276582,196752,2026-06-15,11:10:21,0.01,f
3404723313,93833,2026-06-15,11:10:21,Обнаружено движение,f
4453276554,147199,2026-06-15,11:10:21,0.05,f
4453276555,147201,2026-06-15,11:10:21,0.11,f
4453276579,196723,2026-06-15,11:10:21,0.01,f
4453276581,196780,2026-06-15,11:10:21,0.00,f
3404723326,93833,2026-06-15,11:10:22,Движения нет,f
4453276453,268173,2026-06-15,11:10:23,0.25,f
3404723188,196503,2026-06-15,11:10:23,Движения нет,f
3404723185,196499,2026-06-15,11:10:23,Движения нет,f
3404723380,77770,2026-06-15,11:10:23,Обнаружено движение,f
4453276635,196734,2026-06-15,11:10:24,0.00,f
3404723392,77770,2026-06-15,11:10:24,Движения нет,f
4453276634,196774,2026-06-15,11:10:24,0.02,f
4453276514,268173,2026-06-15,11:10:25,0.24,f
3404723408,77770,2026-06-15,11:10:25,Обнаружено движение,f
3404723423,77770,2026-06-15,11:10:26,Движения нет,f
4453276666,196733,2026-06-15,11:10:26,0.00,f
4453276668,196774,2026-06-15,11:10:26,0.01,f
4453276674,196734,2026-06-15,11:10:26,0.01,f
4453276686,196768,2026-06-15,11:10:27,0.01,f
4453276547,268173,2026-06-15,11:10:27,0.25,f
4453276689,196746,2026-06-15,11:10:27,0.00,f
4453276692,196752,2026-06-15,11:10:27,0.00,f
3404723438,77770,2026-06-15,11:10:27,Обнаружено движение,f
3404723453,77770,2026-06-15,11:10:28,Движения нет,f
4453276703,104036,2026-06-15,11:10:28,0.08,f
4453276708,196756,2026-06-15,11:10:28,0.01,f
4453276717,196771,2026-06-15,11:10:29,0.00,f
4453276720,196784,2026-06-15,11:10:29,0.01,f
3404723437,3077,2026-06-15,11:10:29,Обнаружено движение,f
4453276755,196733,2026-06-15,11:10:31,0.01,f
3404723486,3077,2026-06-15,11:10:31,Движения нет,f
4453276688,230493,2026-06-15,11:10:32,0.05,f
4453276767,196785,2026-06-15,11:10:32,0.01,f
3404723505,3073,2026-06-15,11:10:32,Обнаружено движение,f
4453276701,230493,2026-06-15,11:10:32,0.10,f
4453276698,230543,2026-06-15,11:10:32,0.02,f
4453276691,230493,2026-06-15,11:10:32,0.22,f
4453276772,196765,2026-06-15,11:10:32,0.01,f
4453276768,196783,2026-06-15,11:10:32,0.01,f
4453276669,268158,2026-06-15,11:10:33,0.01,f
4453276791,196723,2026-06-15,11:10:33,0.00,f
4453276658,268143,2026-06-15,11:10:33,0.02,f
4453276792,196733,2026-06-15,11:10:33,0.00,f
4453276810,196785,2026-06-15,11:10:34,0.00,f
4453276811,196780,2026-06-15,11:10:34,0.01,f
4453276821,196734,2026-06-15,11:10:34,0.00,f
4453276843,196723,2026-06-15,11:10:35,0.01,f
4453276844,196784,2026-06-15,11:10:35,0.00,f
4453276845,196738,2026-06-15,11:10:35,0.00,f
4453276846,196743,2026-06-15,11:10:35,0.00,f
4453276754,230493,2026-06-15,11:10:36,0.09,f
4453276864,104061,2026-06-15,11:10:36,0.04,f
4453276851,196765,2026-06-15,11:10:36,0.00,f
3404723566,3073,2026-06-15,11:10:37,Движения нет,f
4453276899,196723,2026-06-15,11:10:37,0.00,f
4453276902,196727,2026-06-15,11:10:38,0.01,f
4453276906,196752,2026-06-15,11:10:38,0.01,f
3404723718,77728,2026-06-15,11:10:39,Обнаружено движение,f
4453276941,196780,2026-06-15,11:10:40,0.00,f
4453276836,230543,2026-06-15,11:10:40,0.03,f
3404723768,77726,2026-06-15,11:10:42,Обнаружено движение,f
3404723769,77770,2026-06-15,11:10:42,Обнаружено движение,f
4453277044,196768,2026-06-15,11:10:42,0.00,f
4453277046,196733,2026-06-15,11:10:43,0.01,f
3404723798,77728,2026-06-15,11:10:44,Движения нет,f
3404723758,93833,2026-06-15,11:10:44,Обнаружено движение,f
3404723813,77770,2026-06-15,11:10:45,Движения нет,f
3404723779,93833,2026-06-15,11:10:45,Движения нет,f
4453277055,196774,2026-06-15,11:10:46,0.00,f
4453278291,278326,2026-06-15,11:10:46,0.01,f
4453277086,116072,2026-06-15,11:10:47,0.20,f
3404723870,77726,2026-06-15,11:10:47,Движения нет,f
4453277085,116068,2026-06-15,11:10:47,0.03,f
3404723789,330683,2026-06-15,11:10:48,Не замкнут,f
4453278326,278326,2026-06-15,11:10:48,0.02,f
3404723895,77770,2026-06-15,11:10:49,Обнаружено движение,f
4453277135,196783,2026-06-15,11:10:50,0.00,f
3404723878,93833,2026-06-15,11:10:50,Обнаружено движение,f
3404723864,330683,2026-06-15,11:10:50,Норма,f
3404723914,77770,2026-06-15,11:10:50,Движения нет,f
4453277146,196729,2026-06-15,11:10:51,0.01,f
4453277076,230543,2026-06-15,11:10:52,0.01,f
4453277134,147199,2026-06-15,11:10:52,0.06,f
4453277162,196751,2026-06-15,11:10:52,0.01,f
3404723928,77770,2026-06-15,11:10:52,Обнаружено движение,f
4453277196,196762,2026-06-15,11:10:53,0.01,f
3404723941,77770,2026-06-15,11:10:53,Движения нет,f
3404723913,93833,2026-06-15,11:10:53,Движения нет,f
4453277179,196727,2026-06-15,11:10:53,0.00,f
4453277183,196729,2026-06-15,11:10:53,0.00,f
4453277186,196768,2026-06-15,11:10:53,0.01,f
4453278411,278326,2026-06-15,11:10:54,0.01,f
4453277215,196756,2026-06-15,11:10:54,0.00,f
3404723953,77770,2026-06-15,11:10:54,Обнаружено движение,f
4453277219,196729,2026-06-15,11:10:55,0.01,f
4453277218,196727,2026-06-15,11:10:55,0.01,f
4453277222,196765,2026-06-15,11:10:55,0.01,f
3404723974,77770,2026-06-15,11:10:55,Движения нет,f
4453277234,196783,2026-06-15,11:10:56,0.01,f
4453277246,196729,2026-06-15,11:10:57,0.00,f
4453277247,196765,2026-06-15,11:10:57,0.00,f
3404724024,77770,2026-06-15,11:10:57,Обнаружено движение,f
4453278473,278326,2026-06-15,11:10:58,0.00,f
4453278444,266923,2026-06-15,11:10:58,27,f
4453277286,196771,2026-06-15,11:10:59,0.01,f
3404724058,77770,2026-06-15,11:10:59,Движения нет,f
4453277283,196726,2026-06-15,11:10:59,0.01,f
4453277284,196727,2026-06-15,11:10:59,0.00,f
4453277285,196729,2026-06-15,11:10:59,0.01,f
4453277299,104039,2026-06-15,11:11:00,0.01,f
4453277303,196740,2026-06-15,11:11:00,0.01,f
3404724020,95382,2026-06-15,11:11:00,Есть питание,f
4453277298,104036,2026-06-15,11:11:00,0.07,f
4453277314,196726,2026-06-15,11:11:01,0.00,f
4453277255,288246,2026-06-15,11:11:02,0.02,f
4453277350,196762,2026-06-15,11:11:04,0.02,f
4453277357,196772,2026-06-15,11:11:04,0.01,f
4453277359,196775,2026-06-15,11:11:04,0.01,f
4453277292,230543,2026-06-15,11:11:04,0.04,f
4453277270,288246,2026-06-15,11:11:04,0.03,f
4453277380,196729,2026-06-15,11:11:05,0.00,f
3404724114,93833,2026-06-15,11:11:05,Обнаружено движение,f
3404724157,93833,2026-06-15,11:11:07,Движения нет,f
4453277403,196786,2026-06-15,11:11:07,0.01,f
4453277410,196729,2026-06-15,11:11:07,0.01,f
4453277441,104054,2026-06-15,11:11:08,0.03,f
4453277422,196740,2026-06-15,11:11:08,0.00,f
4453277431,196775,2026-06-15,11:11:08,0.00,f
4453277468,196775,2026-06-15,11:11:10,0.01,f
4453277487,196764,2026-06-15,11:11:11,0.01,f
4453277501,196786,2026-06-15,11:11:12,0.00,f
4453277506,196772,2026-06-15,11:11:12,0.00,f
4453277508,196775,2026-06-15,11:11:12,0.00,f
4453277509,196751,2026-06-15,11:11:12,0.00,f
4453277511,196752,2026-06-15,11:11:12,0.00,f
4453277529,196777,2026-06-15,11:11:13,0.00,f
4453277532,196740,2026-06-15,11:11:14,0.01,f
4453277549,196768,2026-06-15,11:11:14,0.00,f
4453277540,196790,2026-06-15,11:11:14,0.01,f
3404724091,196503,2026-06-15,11:11:15,Обнаружено движение,f
4453277622,116068,2026-06-15,11:11:18,0.04,f
4453277617,196790,2026-06-15,11:11:18,0.00,f
4453277623,196729,2026-06-15,11:11:19,0.00,f
3404723889,93467,2026-06-15,11:11:19,Не замкнут,f
4453277559,230543,2026-06-15,11:11:20,0.03,f
3404724232,196499,2026-06-15,11:11:22,Обнаружено движение,f
3404724233,196503,2026-06-15,11:11:22,Движения нет,f
4453277680,196771,2026-06-15,11:11:22,0.00,f
4453277692,196790,2026-06-15,11:11:22,0.01,f
4453277573,268203,2026-06-15,11:11:23,0.04,f
4453277681,147199,2026-06-15,11:11:23,0.05,f
4453277683,147201,2026-06-15,11:11:23,0.10,f
4453277699,196727,2026-06-15,11:11:23,0.01,f
4453277718,196784,2026-06-15,11:11:24,0.01,f
4453277719,196730,2026-06-15,11:11:24,0.01,f
4453277720,196771,2026-06-15,11:11:24,0.01,f
4453278054,143512,2026-06-15,11:11:24,19,f
3404724274,196499,2026-06-15,11:11:25,Движения нет,f
4453277748,196790,2026-06-15,11:11:25,0.00,f
4453277758,196783,2026-06-15,11:11:26,0.00,f
4453277621,268203,2026-06-15,11:11:26,0.05,f
4453277761,196739,2026-06-15,11:11:26,0.01,f
4453277756,196771,2026-06-15,11:11:26,0.00,f
3404724456,77770,2026-06-15,11:11:27,Обнаружено движение,f
4453277677,288226,2026-06-15,11:11:27,0.05,f
4453277775,196771,2026-06-15,11:11:27,0.01,f
4453277794,196740,2026-06-15,11:11:28,0.00,f
4453277792,196777,2026-06-15,11:11:28,0.01,f
3404724488,77770,2026-06-15,11:11:29,Движения нет,f
4453277816,196790,2026-06-15,11:11:29,0.01,f
3404724073,93467,2026-06-15,11:11:30,Норма,f
4453277738,230543,2026-06-15,11:11:30,0.02,f
4453277674,268203,2026-06-15,11:11:30,0.04,f
4453277845,104039,2026-06-15,11:11:31,0.00,f
4453277844,104036,2026-06-15,11:11:31,0.08,f
4453277707,268203,2026-06-15,11:11:32,0.05,f
4453277735,268203,2026-06-15,11:11:32,0.04,f
4453277746,268203,2026-06-15,11:11:34,0.05,f
4453277896,196730,2026-06-15,11:11:34,0.00,f
4453277914,196771,2026-06-15,11:11:35,0.00,f
3404724558,77770,2026-06-15,11:11:35,Обнаружено движение,f
4453277857,230543,2026-06-15,11:11:36,0.04,f
4453277928,196730,2026-06-15,11:11:36,0.01,f
4453277929,196733,2026-06-15,11:11:36,0.00,f
4453277936,196739,2026-06-15,11:11:36,0.00,f
3404724574,77770,2026-06-15,11:11:36,Движения нет,f
4453277779,268158,2026-06-15,11:11:36,0.00,f
4453277812,268158,2026-06-15,11:11:38,0.01,f
4453277825,268158,2026-06-15,11:11:38,0.00,f
4453277962,196730,2026-06-15,11:11:38,0.00,f
4453277965,196733,2026-06-15,11:11:38,0.01,f
4453277971,196739,2026-06-15,11:11:39,0.01,f
4453277982,196746,2026-06-15,11:11:39,0.01,f
4453277995,196783,2026-06-15,11:11:40,0.01,f
4453278004,196739,2026-06-15,11:11:41,0.00,f
4453278015,196764,2026-06-15,11:11:41,0.00,f
4453278016,196752,2026-06-15,11:11:41,0.01,f
4453278017,196784,2026-06-15,11:11:41,0.00,f
4453277955,230543,2026-06-15,11:11:42,0.01,f
4453278034,196783,2026-06-15,11:11:42,0.00,f
4453278041,196762,2026-06-15,11:11:43,0.01,f
4453278046,196733,2026-06-15,11:11:43,0.00,f
3404724684,286822,2026-06-15,11:11:44,Обнаружено движение,f
3404725147,144751,2026-06-15,11:11:44,Обнаружено движение,f
3404724699,286822,2026-06-15,11:11:44,Движения нет,f
4453278051,196746,2026-06-15,11:11:44,0.00,f
4453278060,196790,2026-06-15,11:11:44,0.00,f
4453278066,196730,2026-06-15,11:11:44,0.01,f
4453278089,196739,2026-06-15,11:11:46,0.01,f
4453278093,196790,2026-06-15,11:11:46,0.01,f
4453278103,196765,2026-06-15,11:11:46,0.01,f
4453278112,196789,2026-06-15,11:11:47,0.01,f
4453278115,196733,2026-06-15,11:11:47,0.01,f
3404725225,144751,2026-06-15,11:11:47,Движения нет,f
4453278129,196793,2026-06-15,11:11:48,0.01,f
4453278136,196730,2026-06-15,11:11:48,0.00,f
3404725932,267418,2026-06-15,11:11:48,Норма,f
4453278158,196785,2026-06-15,11:11:50,0.01,f
4453278159,196790,2026-06-15,11:11:50,0.00,f
4453278160,196793,2026-06-15,11:11:50,0.00,f
4453278087,230543,2026-06-15,11:11:50,0.02,f
4453278180,196784,2026-06-15,11:11:52,0.01,f
4453278187,196790,2026-06-15,11:11:52,0.01,f
4453278195,196727,2026-06-15,11:11:52,0.02,f
4453278069,288246,2026-06-15,11:11:52,0.02,f
4453278203,196762,2026-06-15,11:11:53,0.00,f
4453278215,196784,2026-06-15,11:11:54,0.00,f
4453278228,196785,2026-06-15,11:11:54,0.00,f
4453278233,196727,2026-06-15,11:11:55,0.01,f
4453278249,196784,2026-06-15,11:11:56,0.01,f
4453278265,196727,2026-06-15,11:11:57,0.02,f
4453278266,196730,2026-06-15,11:11:57,0.01,f
4453278269,196780,2026-06-15,11:11:57,0.01,f
4453278279,196730,2026-06-15,11:11:58,0.00,f
3404724950,77770,2026-06-15,11:11:59,Обнаружено движение,f
4453278295,196728,2026-06-15,11:11:59,0.01,f
4453278247,230543,2026-06-15,11:12:00,0.04,f
3404724966,77770,2026-06-15,11:12:00,Движения нет,f
4453278307,196730,2026-06-15,11:12:00,0.01,f
4453278320,196765,2026-06-15,11:12:01,0.00,f
3404726173,272688,2026-06-15,11:12:02,Не замкнут,t
3404726154,266887,2026-06-15,11:12:02,Не замкнут,t
4453278335,104036,2026-06-15,11:12:02,0.07,f
4453278349,196752,2026-06-15,11:12:03,0.00,f
4453278350,196759,2026-06-15,11:12:03,0.03,f
4453278351,196775,2026-06-15,11:12:03,0.01,f
4453278353,196793,2026-06-15,11:12:03,0.01,f
3404724988,77770,2026-06-15,11:12:03,Обнаружено движение,f
4453278364,196759,2026-06-15,11:12:04,0.00,f
4453278369,196785,2026-06-15,11:12:04,0.01,f
3404725024,77770,2026-06-15,11:12:04,Движения нет,f
4453278372,196775,2026-06-15,11:12:05,0.00,f
4453278385,196790,2026-06-15,11:12:05,0.00,f
4453278406,196765,2026-06-15,11:12:07,0.01,f
4453278416,196760,2026-06-15,11:12:07,0.01,f
4453278418,196793,2026-06-15,11:12:07,0.00,f
4453278428,196736,2026-06-15,11:12:08,0.01,f
4453278431,196759,2026-06-15,11:12:08,0.03,f
4453278439,196780,2026-06-15,11:12:09,0.00,f
4453278441,196728,2026-06-15,11:12:09,0.00,f
4453278442,196746,2026-06-15,11:12:09,0.01,f
4453278356,230543,2026-06-15,11:12:09,0.02,f
4453278466,196727,2026-06-15,11:12:11,0.01,f
4453278467,196728,2026-06-15,11:12:11,0.01,f
4453278475,196746,2026-06-15,11:12:11,0.00,f
4453278495,196739,2026-06-15,11:12:12,0.00,f
4453278499,196759,2026-06-15,11:12:13,0.00,f
4453278504,196796,2026-06-15,11:12:13,0.01,f
4453278509,196727,2026-06-15,11:12:13,0.02,f
3404725182,77770,2026-06-15,11:12:13,Обнаружено движение,f
4453278519,196760,2026-06-15,11:12:14,0.00,f
4453278526,196765,2026-06-15,11:12:14,0.00,f
3404725205,77770,2026-06-15,11:12:14,Движения нет,f
4453278534,196759,2026-06-15,11:12:15,0.03,f
4453278536,196786,2026-06-15,11:12:15,0.01,f
4453278537,196796,2026-06-15,11:12:15,0.00,f
4453278540,196727,2026-06-15,11:12:15,0.01,f
4453278543,196728,2026-06-15,11:12:15,0.00,f
4453278565,196736,2026-06-15,11:12:16,0.00,f
3404726530,266888,2026-06-15,11:12:16,Обнаружено движение,f
4453278571,196759,2026-06-15,11:12:17,0.00,f
4453278580,196777,2026-06-15,11:12:17,0.00,f
3404725316,77770,2026-06-15,11:12:19,Обнаружено движение,f
4453278633,196760,2026-06-15,11:12:20,0.01,f
4453278638,196786,2026-06-15,11:12:20,0.00,f
3404725358,77718,2026-06-15,11:12:21,Обнаружено движение,f
3404725359,77770,2026-06-15,11:12:21,Движения нет,f
4453278664,196738,2026-06-15,11:12:22,0.01,f
4453278684,196756,2026-06-15,11:12:23,0.01,f
4453278698,196728,2026-06-15,11:12:23,0.01,f
4453278699,196729,2026-06-15,11:12:23,0.01,f
4453278702,196784,2026-06-15,11:12:24,0.00,f
4453278709,196738,2026-06-15,11:12:24,0.00,f
4453278711,196760,2026-06-15,11:12:24,0.00,f
3404725814,144824,2026-06-15,11:12:24,Не замкнут,f
4453278604,230543,2026-06-15,11:12:25,0.03,f
4453278724,196727,2026-06-15,11:12:25,0.00,f
3404725443,77718,2026-06-15,11:12:26,Движения нет,f
4453278749,196738,2026-06-15,11:12:26,0.01,f
4453278764,196736,2026-06-15,11:12:27,0.01,f
4453278768,196796,2026-06-15,11:12:27,0.01,f
4453278774,196774,2026-06-15,11:12:28,0.01,f
3404726872,266888,2026-06-15,11:12:28,Движения нет,f
4453278786,196730,2026-06-15,11:12:29,0.00,f
4453278787,196732,2026-06-15,11:12:29,0.01,f
4453278792,196736,2026-06-15,11:12:29,0.00,f
3404726887,266888,2026-06-15,11:12:30,Обнаружено движение,f
4453278809,196728,2026-06-15,11:12:31,0.00,f
4453278817,196736,2026-06-15,11:12:31,0.01,f
4453278847,196789,2026-06-15,11:12:33,0.00,f
4453278850,196726,2026-06-15,11:12:33,0.01,f
4453278851,196728,2026-06-15,11:12:33,0.01,f
4453278858,196736,2026-06-15,11:12:33,0.00,f
3404726953,266888,2026-06-15,11:12:34,Движения нет,f
4453278867,196760,2026-06-15,11:12:34,0.01,f
4453278880,196726,2026-06-15,11:12:35,0.00,f
4453278881,196728,2026-06-15,11:12:35,0.00,f
3404725582,77770,2026-06-15,11:12:35,Обнаружено движение,f
4453278922,196726,2026-06-15,11:12:37,0.01,f
4453278927,196760,2026-06-15,11:12:37,0.00,f
4453278947,196726,2026-06-15,11:12:39,0.00,f
4453278877,230543,2026-06-15,11:12:41,0.02,f
4453278979,196780,2026-06-15,11:12:41,0.01,f
4453278977,196726,2026-06-15,11:12:41,0.01,f
3404725684,77770,2026-06-15,11:12:41,Движения нет,f
4453278995,196774,2026-06-15,11:12:42,0.02,f
4453278997,196777,2026-06-15,11:12:42,0.01,f
4453278988,196760,2026-06-15,11:12:42,0.01,f
4453279006,196771,2026-06-15,11:12:43,0.01,f
4453279007,196777,2026-06-15,11:12:43,0.00,f
4453279010,196752,2026-06-15,11:12:43,0.01,f
4453279015,196760,2026-06-15,11:12:44,0.00,f
4453279032,196734,2026-06-15,11:12:44,0.01,f
4453279048,196777,2026-06-15,11:12:45,0.01,f
4453279050,196780,2026-06-15,11:12:45,0.02,f
4453279056,196760,2026-06-15,11:12:46,0.01,f
4453279058,196738,2026-06-15,11:12:46,0.00,f
4453279065,196790,2026-06-15,11:12:46,0.01,f
4453279070,196733,2026-06-15,11:12:46,0.00,f
3404725660,333787,2026-06-15,11:12:47,Включен,f
4453279093,196780,2026-06-15,11:12:47,0.01,f
4453279092,196777,2026-06-15,11:12:47,0.00,f
3404725667,333786,2026-06-15,11:12:47,Включен,f
4453279120,196728,2026-06-15,11:12:49,0.01,f
4453279017,288151,2026-06-15,11:12:50,0.01,f
3404725735,333769,2026-06-15,11:12:51,Включен,f
4453279147,196732,2026-06-15,11:12:51,0.00,f
4453279148,196768,2026-06-15,11:12:51,0.01,f
4453279038,230543,2026-06-15,11:12:51,0.01,f
3404725732,333770,2026-06-15,11:12:51,Включен,f
4453279172,196780,2026-06-15,11:12:52,0.00,f
4453279156,196752,2026-06-15,11:12:52,0.00,f
4453279177,196774,2026-06-15,11:12:53,0.00,f
4453279198,196783,2026-06-15,11:12:53,0.01,f
3404725844,77736,2026-06-15,11:12:54,Обнаружено движение,f
4453279204,196732,2026-06-15,11:12:54,0.01,f
4453279208,196768,2026-06-15,11:12:54,0.00,f
4453279202,196729,2026-06-15,11:12:54,0.00,f
4453279237,196734,2026-06-15,11:12:55,0.00,f
4453279243,196756,2026-06-15,11:12:55,0.00,f
4453279249,147201,2026-06-15,11:12:55,0.11,f
4453280538,266679,2026-06-15,11:12:56,28,f
3404725801,333765,2026-06-15,11:12:57,Включен,f
3404725804,333764,2026-06-15,11:12:57,Включен,f
4453279268,196768,2026-06-15,11:12:57,0.01,f
3404725895,77736,2026-06-15,11:12:57,Движения нет,f
4453279138,288151,2026-06-15,11:12:58,0.00,f
4453279291,196728,2026-06-15,11:12:58,0.00,f
4453279300,196738,2026-06-15,11:12:58,0.01,f
4453279307,196785,2026-06-15,11:12:58,0.00,f
4453279308,196790,2026-06-15,11:12:58,0.02,f
4453279312,196768,2026-06-15,11:12:59,0.00,f
4453279339,196786,2026-06-15,11:13:00,0.01,f
4453279340,196790,2026-06-15,11:13:00,0.01,f
4453279350,196752,2026-06-15,11:13:01,0.01,f
3404725921,330673,2026-06-15,11:13:02,Не замкнут,f
3404725998,77734,2026-06-15,11:13:02,Обнаружено движение,f
3404725955,330673,2026-06-15,11:13:03,Норма,f
3404726022,77734,2026-06-15,11:13:04,Движения нет,f
4453279454,104036,2026-06-15,11:13:05,0.08,f
4453279434,196768,2026-06-15,11:13:05,0.01,f
4453279443,196738,2026-06-15,11:13:05,0.00,f
3404726032,77734,2026-06-15,11:13:05,Обнаружено движение,f
4453279386,230543,2026-06-15,11:13:06,0.04,f
4453279460,196743,2026-06-15,11:13:06,0.01,f
4453279477,196775,2026-06-15,11:13:07,0.01,f
4453279486,196756,2026-06-15,11:13:07,0.01,f
3404726052,77734,2026-06-15,11:13:07,Движения нет,f
4453279508,196783,2026-06-15,11:13:08,0.00,f
4453279526,196775,2026-06-15,11:13:09,0.00,f
4453279405,288246,2026-06-15,11:13:10,0.03,f
4453279557,196777,2026-06-15,11:13:10,0.01,f
4453279558,196783,2026-06-15,11:13:10,0.01,f
4453279562,196743,2026-06-15,11:13:10,0.00,f
4453279575,196768,2026-06-15,11:13:11,0.00,f
4453279593,196733,2026-06-15,11:13:12,0.01,f
4453279595,196783,2026-06-15,11:13:12,0.00,f
3404726071,330670,2026-06-15,11:13:12,Не замкнут,f
4453279615,196768,2026-06-15,11:13:13,0.01,f
4453279643,104054,2026-06-15,11:13:14,0.02,f
4453279543,230543,2026-06-15,11:13:14,0.02,f
4453279629,196760,2026-06-15,11:13:14,0.00,f
4453279491,288226,2026-06-15,11:13:14,0.04,f
4453279660,196796,2026-06-15,11:13:15,0.00,f
4453279673,196752,2026-06-15,11:13:15,0.00,f
4453279686,196790,2026-06-15,11:13:16,0.00,f
4453279705,196796,2026-06-15,11:13:17,0.01,f
4453279709,196752,2026-06-15,11:13:17,0.01,f
4453279726,196733,2026-06-15,11:13:18,0.00,f
4453279736,196755,2026-06-15,11:13:19,0.01,f
4453279742,196728,2026-06-15,11:13:19,0.01,f
4453279773,196755,2026-06-15,11:13:21,0.00,f
4453279779,196756,2026-06-15,11:13:21,0.00,f
4453279783,196786,2026-06-15,11:13:21,0.00,f
3404726769,171597,2026-06-15,11:13:22,Не замкнут,f
4453279820,196786,2026-06-15,11:13:23,0.01,f
4453279840,196775,2026-06-15,11:13:24,0.01,f
4453279849,196732,2026-06-15,11:13:26,0.00,f
3404726821,171597,2026-06-15,11:13:26,Норма,f
4453279852,196768,2026-06-15,11:13:26,0.00,f
4453279873,196775,2026-06-15,11:13:27,0.00,f
4453279883,196756,2026-06-15,11:13:27,0.01,f
4453279881,196755,2026-06-15,11:13:27,0.01,f
4453279874,196783,2026-06-15,11:13:27,0.01,f
4453279870,147199,2026-06-15,11:13:27,0.06,f
4453279871,147201,2026-06-15,11:13:27,0.10,f
4453279908,196756,2026-06-15,11:13:29,0.00,f
4453279809,288246,2026-06-15,11:13:30,0.02,f
4453279919,196777,2026-06-15,11:13:30,0.00,f
4453279921,196783,2026-06-15,11:13:30,0.00,f
4453279932,196786,2026-06-15,11:13:30,0.00,f
4453279924,213363,2026-06-15,11:13:30,0.06,f
4453279839,288246,2026-06-15,11:13:32,0.03,f
4453279847,288246,2026-06-15,11:13:32,0.02,f
4453279951,196783,2026-06-15,11:13:32,0.01,f
3404727162,144824,2026-06-15,11:13:32,Норма,f
4453279968,196726,2026-06-15,11:13:33,0.00,f
4453279970,196752,2026-06-15,11:13:33,0.00,f
4453279979,196756,2026-06-15,11:13:33,0.01,f
4453279988,196777,2026-06-15,11:13:34,0.01,f
4453279993,196742,2026-06-15,11:13:34,0.01,f
3404726591,228399,2026-06-15,11:13:34,Не замкнут,t
3404726599,228399,2026-06-15,11:13:34,Норма,f
4453280007,196727,2026-06-15,11:13:35,0.01,f
4453279899,288246,2026-06-15,11:13:36,0.03,f
4453280022,196742,2026-06-15,11:13:36,0.00,f
3404726809,77710,2026-06-15,11:13:36,Обнаружено движение,f
4453280029,104036,2026-06-15,11:13:36,0.07,f
4453280031,196726,2026-06-15,11:13:37,0.01,f
4453280034,196759,2026-06-15,11:13:37,0.03,f
3404726752,330670,2026-06-15,11:13:38,Норма,f
3404726781,330670,2026-06-15,11:13:39,Не замкнут,f
3404726789,330670,2026-06-15,11:13:39,Норма,f
3404726796,330670,2026-06-15,11:13:39,Не замкнут,f
3404726870,77770,2026-06-15,11:13:39,Обнаружено движение,f
4453280063,196726,2026-06-15,11:13:39,0.00,f
4453280066,196745,2026-06-15,11:13:39,0.01,f
4453280069,196750,2026-06-15,11:13:39,0.01,f
4453280088,196755,2026-06-15,11:13:40,0.00,f
3404726808,330670,2026-06-15,11:13:40,Норма,f
4453280087,196742,2026-06-15,11:13:40,0.01,f
4453280106,196759,2026-06-15,11:13:41,0.00,f
4453280104,196750,2026-06-15,11:13:41,0.00,f
4453280100,196726,2026-06-15,11:13:41,0.01,f
3404726915,77770,2026-06-15,11:13:42,Движения нет,f
4453280119,196743,2026-06-15,11:13:42,0.01,f
4453280137,196759,2026-06-15,11:13:43,0.03,f
4453280129,196745,2026-06-15,11:13:43,0.00,f
4453280133,196736,2026-06-15,11:13:43,0.01,f
4453280154,196743,2026-06-15,11:13:44,0.00,f
4453280036,288246,2026-06-15,11:13:44,0.02,f
4453280151,196742,2026-06-15,11:13:44,0.00,f
3404726851,333762,2026-06-15,11:13:44,Есть питание,f
4453280163,104054,2026-06-15,11:13:45,0.03,f
4453280164,196726,2026-06-15,11:13:45,0.00,f
4453280166,196745,2026-06-15,11:13:45,0.01,f
4453280172,213781,2026-06-15,11:13:46,0.01,f
4453280075,288246,2026-06-15,11:13:46,0.03,f
3404726984,77710,2026-06-15,11:13:46,Движения нет,f
4453280195,196785,2026-06-15,11:13:47,0.01,f
4453280118,268158,2026-06-15,11:13:49,0.01,f
4453280223,196739,2026-06-15,11:13:49,0.01,f
4453280227,196756,2026-06-15,11:13:49,0.00,f
4453280233,196729,2026-06-15,11:13:49,0.01,f
4453280234,196768,2026-06-15,11:13:49,0.01,f
4453280235,196771,2026-06-15,11:13:49,0.00,f
3404727026,77710,2026-06-15,11:13:49,Обнаружено движение,f
3404727028,77770,2026-06-15,11:13:49,Обнаружено движение,f
4453280253,196739,2026-06-15,11:13:51,0.00,f
4453280264,196768,2026-06-15,11:13:51,0.00,f
3404727066,77770,2026-06-15,11:13:51,Движения нет,f
3404727064,77710,2026-06-15,11:13:51,Движения нет,f
3404727084,77770,2026-06-15,11:13:52,Обнаружено движение,f
3404727083,77710,2026-06-15,11:13:52,Обнаружено движение,f
4453280297,196756,2026-06-15,11:13:53,0.01,f
4453280289,196739,2026-06-15,11:13:53,0.01,f
4453280308,196727,2026-06-15,11:13:53,0.00,f
4453280309,196729,2026-06-15,11:13:53,0.00,f
4453280204,288246,2026-06-15,11:13:54,0.02,f
3404727107,77770,2026-06-15,11:13:55,Движения нет,f
4453280261,230493,2026-06-15,11:13:56,0.03,f
4453280262,230493,2026-06-15,11:13:56,0.00,f
4453280278,230493,2026-06-15,11:13:56,0.10,f
4453280362,116068,2026-06-15,11:13:57,0.03,f
4453280361,196783,2026-06-15,11:13:57,0.00,f
4453280365,196739,2026-06-15,11:13:57,0.00,f
4453280368,196755,2026-06-15,11:13:57,0.01,f
4453280369,196756,2026-06-15,11:13:57,0.00,f
4453280378,196729,2026-06-15,11:13:57,0.01,f
3404727133,77710,2026-06-15,11:13:57,Движения нет,f
4453280381,196777,2026-06-15,11:13:58,0.00,f
4453280389,147199,2026-06-15,11:13:58,0.05,f
4453280415,196723,2026-06-15,11:13:59,0.01,f
3404727171,77770,2026-06-15,11:13:59,Обнаружено движение,f
3404727170,77710,2026-06-15,11:13:59,Обнаружено движение,f
4453280334,230493,2026-06-15,11:14:00,0.05,f
3404727111,228399,2026-06-15,11:14:00,Не замкнут,t
4453280429,196731,2026-06-15,11:14:01,0.01,f
4453280434,196739,2026-06-15,11:14:01,0.01,f
3404727115,228399,2026-06-15,11:14:02,Норма,f
4453280448,196738,2026-06-15,11:14:02,0.01,f
4453280451,196785,2026-06-15,11:14:02,0.00,f
3404727214,77710,2026-06-15,11:14:02,Движения нет,f
4453280457,196731,2026-06-15,11:14:03,0.00,f
3404727235,77770,2026-06-15,11:14:03,Движения нет,f
4453280480,196723,2026-06-15,11:14:04,0.00,f
4453280481,196768,2026-06-15,11:14:04,0.01,f
4453280484,196738,2026-06-15,11:14:04,0.00,f
4453280498,196723,2026-06-15,11:14:05,0.01,f
4453280505,196759,2026-06-15,11:14:05,0.00,f
4453280514,196728,2026-06-15,11:14:06,0.00,f
4453280515,196779,2026-06-15,11:14:06,0.01,f
4453280475,230543,2026-06-15,11:14:08,0.01,f
4453280500,230543,2026-06-15,11:14:08,0.02,f
4453280535,196779,2026-06-15,11:14:08,0.00,f
3404727279,77710,2026-06-15,11:14:08,Обнаружено движение,f
4453280555,196739,2026-06-15,11:14:10,0.00,f
4453280566,196745,2026-06-15,11:14:11,0.00,f
4453280489,288246,2026-06-15,11:14:12,0.03,f
4453280549,230543,2026-06-15,11:14:12,0.00,f
3404727330,77770,2026-06-15,11:14:12,Обнаружено движение,f
4453280582,196739,2026-06-15,11:14:12,0.01,f
3404727345,77710,2026-06-15,11:14:13,Движения нет,f
4453280597,196768,2026-06-15,11:14:13,0.00,f
4453280593,196765,2026-06-15,11:14:13,0.01,f
3404727366,77710,2026-06-15,11:14:14,Обнаружено движение,f
4453280615,196725,2026-06-15,11:14:14,0.01,f
4453280616,196779,2026-06-15,11:14:14,0.01,f
4453280618,196739,2026-06-15,11:14:14,0.00,f
4453280563,230543,2026-06-15,11:14:14,0.01,f
3404727367,77770,2026-06-15,11:14:15,Движения нет,f
4453280630,196796,2026-06-15,11:14:15,0.00,f
4453280642,196745,2026-06-15,11:14:15,0.01,f
4453280643,196752,2026-06-15,11:14:15,0.01,f
4453280565,230493,2026-06-15,11:14:16,0.02,f
4453280568,230493,2026-06-15,11:14:16,0.00,f
4453280655,196774,2026-06-15,11:14:16,0.01,f
4453280656,196725,2026-06-15,11:14:16,0.00,f
4453280658,196731,2026-06-15,11:14:16,0.01,f
4453280682,213781,2026-06-15,11:14:17,0.00,f
4453280680,213780,2026-06-15,11:14:17,0.02,f
3404727396,77710,2026-06-15,11:14:17,Движения нет,f
4453280699,196725,2026-06-15,11:14:18,0.01,f
4453280700,196774,2026-06-15,11:14:18,0.00,f
4453280631,230543,2026-06-15,11:14:18,0.00,f
4453280711,196755,2026-06-15,11:14:19,0.00,f
4453280717,196765,2026-06-15,11:14:19,0.00,f
4453280718,196784,2026-06-15,11:14:19,0.01,f
4453280721,196745,2026-06-15,11:14:19,0.00,f
3404727437,77710,2026-06-15,11:14:20,Обнаружено движение,f
3404727438,77770,2026-06-15,11:14:20,Обнаружено движение,f
4453280742,196779,2026-06-15,11:14:20,0.00,f
4453280753,196796,2026-06-15,11:14:21,0.01,f
4453280757,196784,2026-06-15,11:14:21,0.00,f
4453280758,196745,2026-06-15,11:14:21,0.01,f
4453280762,196752,2026-06-15,11:14:21,0.00,f
4453280676,230493,2026-06-15,11:14:22,0.05,f
3404727466,77710,2026-06-15,11:14:22,Движения нет,f
3404727467,77770,2026-06-15,11:14:22,Движения нет,f
4453280778,196745,2026-06-15,11:14:23,0.00,f
4453280780,196751,2026-06-15,11:14:23,0.01,f
4453280786,196796,2026-06-15,11:14:23,0.00,f
3404727591,171616,2026-06-15,11:14:23,Обнаружено движение,f
4453280796,196760,2026-06-15,11:14:24,0.01,f
4453280810,196731,2026-06-15,11:14:24,0.00,f
4453280831,196752,2026-06-15,11:14:26,0.01,f
4453280840,196760,2026-06-15,11:14:26,0.00,f
3404727615,171616,2026-06-15,11:14:26,Движения нет,f
4453280859,116068,2026-06-15,11:14:27,0.04,f
4453280849,196751,2026-06-15,11:14:27,0.00,f
4453280851,196739,2026-06-15,11:14:27,0.01,f
3404727643,171616,2026-06-15,11:14:28,Обнаружено движение,f
4453280867,196762,2026-06-15,11:14:28,0.01,f
3404727519,77710,2026-06-15,11:14:28,Обнаружено движение,f
4453280882,147199,2026-06-15,11:14:29,0.06,f
4453280883,147201,2026-06-15,11:14:29,0.11,f
4453280907,196729,2026-06-15,11:14:30,0.00,f
4453280924,196725,2026-06-15,11:14:31,0.00,f
4453280881,230543,2026-06-15,11:14:32,0.01,f
4453280969,196736,2026-06-15,11:14:33,0.00,f
4453280970,196739,2026-06-15,11:14:33,0.00,f
3404727711,171616,2026-06-15,11:14:33,Движения нет,f
4453280980,196728,2026-06-15,11:14:34,0.01,f
4453280984,196752,2026-06-15,11:14:34,0.00,f
4453280998,196745,2026-06-15,11:14:35,0.01,f
4453281004,196755,2026-06-15,11:14:35,0.01,f
4453280906,288226,2026-06-15,11:14:35,0.05,f
4453281024,196755,2026-06-15,11:14:36,0.00,f
4453281025,196760,2026-06-15,11:14:36,0.01,f
3404727601,95381,2026-06-15,11:14:37,Есть питание,f
4453281080,104036,2026-06-15,11:14:38,0.08,f
3404727640,77710,2026-06-15,11:14:38,Движения нет,f
4453281061,196755,2026-06-15,11:14:38,0.01,f
3404727647,77710,2026-06-15,11:14:39,Обнаружено движение,f
4453281074,196765,2026-06-15,11:14:39,0.01,f
4453281075,196775,2026-06-15,11:14:39,0.01,f
3404727663,77710,2026-06-15,11:14:40,Движения нет,f
4453281115,196745,2026-06-15,11:14:41,0.00,f
4453281120,196741,2026-06-15,11:14:41,0.01,f
4453281125,196756,2026-06-15,11:14:41,0.01,f
3404727680,77770,2026-06-15,11:14:41,Обнаружено движение,f
3404727691,77710,2026-06-15,11:14:42,Обнаружено движение,f
4453281155,196775,2026-06-15,11:14:43,0.00,f
4453281177,196728,2026-06-15,11:14:44,0.00,f
4453281191,196727,2026-06-15,11:14:45,0.01,f
4453281198,196745,2026-06-15,11:14:45,0.01,f
4453281202,196756,2026-06-15,11:14:45,0.00,f
4453281207,196731,2026-06-15,11:14:46,0.01,f
4453281220,196755,2026-06-15,11:14:46,0.00,f
4453281222,196760,2026-06-15,11:14:46,0.00,f
4453281226,196728,2026-06-15,11:14:47,0.01,f
3404727766,3073,2026-06-15,11:14:48,Обнаружено движение,f
4453281247,196731,2026-06-15,11:14:48,0.00,f
4453281272,213780,2026-06-15,11:14:49,0.03,f
4453281267,196728,2026-06-15,11:14:49,0.00,f
4453281273,196765,2026-06-15,11:14:49,0.00,f
3404727781,77770,2026-06-15,11:14:49,Движения нет,f
3404727791,77770,2026-06-15,11:14:50,Обнаружено движение,f
3404727790,77710,2026-06-15,11:14:50,Движения нет,f
4453281289,196756,2026-06-15,11:14:50,0.01,f
4453281297,196731,2026-06-15,11:14:50,0.01,f
4453281316,196727,2026-06-15,11:14:51,0.00,f
4453281321,196752,2026-06-15,11:14:51,0.01,f
4453281304,196760,2026-06-15,11:14:51,0.01,f
3404727463,93477,2026-06-15,11:14:52,Не замкнут,f
4453281327,196759,2026-06-15,11:14:52,0.03,f
3404727832,77770,2026-06-15,11:14:52,Движения нет,f
4453281351,196752,2026-06-15,11:14:53,0.00,f
3404727809,3073,2026-06-15,11:14:53,Движения нет,f
4453281270,230493,2026-06-15,11:14:54,0.18,f
4453281295,230493,2026-06-15,11:14:54,0.03,f
4453281266,230493,2026-06-15,11:14:54,0.04,f
4453281356,196759,2026-06-15,11:14:54,0.00,f
4453281372,196751,2026-06-15,11:14:54,0.01,f
3404727862,77710,2026-06-15,11:14:54,Обнаружено движение,f
4453281248,268158,2026-06-15,11:14:55,0.00,f
4453281377,196741,2026-06-15,11:14:55,0.00,f
4453281388,196785,2026-06-15,11:14:55,0.01,f
4453281432,196752,2026-06-15,11:14:58,0.01,f
4453281437,196760,2026-06-15,11:14:58,0.00,f
3404727909,77710,2026-06-15,11:14:58,Движения нет,f
4453281345,230493,2026-06-15,11:14:58,0.00,f
3404728950,266862,2026-06-15,11:14:58,Не замкнут,f
4453281461,147208,2026-06-15,11:14:59,0.05,f
4453281476,147192,2026-06-15,11:15:00,0.00,f
3404728989,267096,2026-06-15,11:15:00,Есть питание,f
4453282753,267423,2026-06-15,11:15:00,0.01,f
4453281521,196731,2026-06-15,11:15:02,0.00,f
3404727967,77710,2026-06-15,11:15:02,Обнаружено движение,f
3404727951,3082,2026-06-15,11:15:03,Обнаружено движение,f
3404727981,77710,2026-06-15,11:15:03,Движения нет,f
3404729066,266862,2026-06-15,11:15:04,Норма,f
4453281561,196731,2026-06-15,11:15:04,0.01,f
3404728018,77710,2026-06-15,11:15:05,Обнаружено движение,f
3404727602,93477,2026-06-15,11:15:05,Норма,f
4453281448,268203,2026-06-15,11:15:06,0.04,f
3404727928,228399,2026-06-15,11:15:06,Не замкнут,t
3404727935,228399,2026-06-15,11:15:06,Норма,f
4453281592,196723,2026-06-15,11:15:06,0.00,f
3404728035,77710,2026-06-15,11:15:07,Движения нет,f
3404728031,3084,2026-06-15,11:15:07,Обнаружено движение,f
3404728033,3086,2026-06-15,11:15:07,Не замкнут,f
4453281613,196780,2026-06-15,11:15:07,0.01,f
4453282893,267423,2026-06-15,11:15:08,0.00,f
3404728051,77710,2026-06-15,11:15:08,Обнаружено движение,f
3404728047,3082,2026-06-15,11:15:08,Движения нет,f
4453281649,196752,2026-06-15,11:15:09,0.00,f
4453281669,196764,2026-06-15,11:15:10,0.01,f
4453281672,196743,2026-06-15,11:15:10,0.01,f
3404728088,77710,2026-06-15,11:15:10,Движения нет,f
4453281603,230623,2026-06-15,11:15:10,0.02,f
4453281533,288166,2026-06-15,11:15:10,0.01,f
4453281688,196783,2026-06-15,11:15:11,0.01,f
4453281689,196752,2026-06-15,11:15:11,0.01,f
4453281703,196783,2026-06-15,11:15:12,0.00,f
3404728083,3086,2026-06-15,11:15:12,Норма,f
4453281727,196752,2026-06-15,11:15:13,0.00,f
3404728099,3084,2026-06-15,11:15:13,Движения нет,f
4453281653,230623,2026-06-15,11:15:14,0.01,f
4453281752,196790,2026-06-15,11:15:15,0.01,f
4453281759,196752,2026-06-15,11:15:15,0.01,f
4453281770,196732,2026-06-15,11:15:16,0.01,f
4453281783,196785,2026-06-15,11:15:17,0.00,f
4453281790,196745,2026-06-15,11:15:17,0.00,f
3404728196,77712,2026-06-15,11:15:17,Обнаружено движение,f
4453283039,267423,2026-06-15,11:15:18,0.01,f
4453281726,230623,2026-06-15,11:15:18,0.00,f
4453281810,196743,2026-06-15,11:15:18,0.00,f
3404728225,77710,2026-06-15,11:15:18,Обнаружено движение,f
3404728228,77712,2026-06-15,11:15:18,Движения нет,f
4453281825,196774,2026-06-15,11:15:19,0.01,f
4453281843,196764,2026-06-15,11:15:20,0.02,f
4453281850,196774,2026-06-15,11:15:20,0.00,f
4453281860,196785,2026-06-15,11:15:21,0.01,f
3404728265,77710,2026-06-15,11:15:21,Движения нет,f
3404728266,90696,2026-06-15,11:15:21,Норма,f
4453281796,230543,2026-06-15,11:15:22,0.05,f
4453281899,196780,2026-06-15,11:15:23,0.00,f
4453281923,196783,2026-06-15,11:15:24,0.01,f
3404728334,77710,2026-06-15,11:15:25,Обнаружено движение,f
4453281962,196774,2026-06-15,11:15:26,0.01,f
4453281956,196725,2026-06-15,11:15:26,0.01,f
3404728256,228399,2026-06-15,11:15:26,Не замкнут,t
4453281971,196780,2026-06-15,11:15:27,0.01,f
3404728353,77710,2026-06-15,11:15:27,Движения нет,f
3404728354,77836,2026-06-15,11:15:27,Не замкнут,t
3404728306,228399,2026-06-15,11:15:28,Норма,f
4453281988,196783,2026-06-15,11:15:28,0.00,f
3404728346,286826,2026-06-15,11:15:28,Обнаружено движение,f
3404728401,77712,2026-06-15,11:15:29,Обнаружено движение,f
3404728349,286829,2026-06-15,11:15:30,Обнаружено движение,f
3404728365,286826,2026-06-15,11:15:30,Движения нет,f
3404728368,286829,2026-06-15,11:15:30,Движения нет,f
4453282033,196783,2026-06-15,11:15:30,0.01,f
4453282035,147208,2026-06-15,11:15:30,0.04,f
4453282040,147192,2026-06-15,11:15:31,0.01,f
4453282042,147199,2026-06-15,11:15:31,0.05,f
3404728426,77712,2026-06-15,11:15:31,Движения нет,f
4453282063,196752,2026-06-15,11:15:32,0.00,f
4453282072,196772,2026-06-15,11:15:33,0.01,f
4453282073,196774,2026-06-15,11:15:33,0.00,f
4453282085,196771,2026-06-15,11:15:34,0.01,f
4453282086,196746,2026-06-15,11:15:34,0.01,f
4453282088,196752,2026-06-15,11:15:34,0.01,f
3404728474,77710,2026-06-15,11:15:34,Обнаружено движение,f
4453282020,230543,2026-06-15,11:15:34,0.03,f
3404729524,267413,2026-06-15,11:15:34,Норма,f
4453282100,196725,2026-06-15,11:15:35,0.00,f
4453282104,196751,2026-06-15,11:15:35,0.00,f
3404728487,77710,2026-06-15,11:15:35,Движения нет,f
4453282097,196772,2026-06-15,11:15:35,0.00,f
4453282124,196785,2026-06-15,11:15:36,0.00,f
4453282130,196790,2026-06-15,11:15:36,0.00,f
4453282134,196774,2026-06-15,11:15:37,0.01,f
4453282153,196738,2026-06-15,11:15:38,0.01,f
4453283462,267418,2026-06-15,11:15:38,0.00,f
4453283442,267418,2026-06-15,11:15:38,0.01,f
3404728523,77710,2026-06-15,11:15:39,Обнаружено движение,f
4453282178,196732,2026-06-15,11:15:40,0.00,f
4453282179,196771,2026-06-15,11:15:40,0.00,f
4453282181,196752,2026-06-15,11:15:40,0.00,f
4453282200,196780,2026-06-15,11:15:41,0.00,f
4453282222,196768,2026-06-15,11:15:42,0.01,f
4453282223,196771,2026-06-15,11:15:42,0.01,f
3404728593,77710,2026-06-15,11:15:42,Движения нет,f
3404728510,228399,2026-06-15,11:15:42,Не замкнут,t
4453282140,288166,2026-06-15,11:15:44,0.00,f
3404728522,228399,2026-06-15,11:15:44,Норма,f
4453283599,267418,2026-06-15,11:15:46,0.01,f
4453282176,288276,2026-06-15,11:15:46,0.00,f
4453282276,196771,2026-06-15,11:15:46,0.00,f
4453282297,196725,2026-06-15,11:15:47,0.01,f
4453282290,196785,2026-06-15,11:15:47,0.01,f
4453282299,196727,2026-06-15,11:15:47,0.01,f
4453282318,196768,2026-06-15,11:15:48,0.02,f
3404728604,228399,2026-06-15,11:15:48,Не замкнут,t
4453282261,230543,2026-06-15,11:15:48,0.04,f
4453282320,196738,2026-06-15,11:15:48,0.00,f
4453282323,196785,2026-06-15,11:15:49,0.00,f
4453282326,196725,2026-06-15,11:15:49,0.00,f
4453282328,196768,2026-06-15,11:15:49,0.03,f
4453282231,288276,2026-06-15,11:15:50,0.01,f
4453282244,288276,2026-06-15,11:15:50,0.00,f
3404728632,228399,2026-06-15,11:15:50,Норма,f
4453282349,196764,2026-06-15,11:15:50,0.01,f
4453282369,196768,2026-06-15,11:15:51,0.02,f
4453282311,230543,2026-06-15,11:15:52,0.05,f
4453282383,213781,2026-06-15,11:15:52,0.01,f
4453282375,196756,2026-06-15,11:15:52,0.00,f
4453282391,196772,2026-06-15,11:15:52,0.01,f
4453282395,196738,2026-06-15,11:15:52,0.01,f
3404728727,77728,2026-06-15,11:15:52,Обнаружено движение,f
4453282403,196727,2026-06-15,11:15:53,0.00,f
3404728746,77710,2026-06-15,11:15:54,Обнаружено движение,f
4453282293,288276,2026-06-15,11:15:54,0.01,f
4453282415,196772,2026-06-15,11:15:54,0.00,f
4453282417,196731,2026-06-15,11:15:54,0.00,f
3404728758,77726,2026-06-15,11:15:55,Обнаружено движение,f
3404728757,77710,2026-06-15,11:15:55,Движения нет,f
4453282436,196738,2026-06-15,11:15:55,0.00,f
4453282337,288226,2026-06-15,11:15:56,0.04,f
4453283763,267423,2026-06-15,11:15:56,0.00,f
4453282447,196725,2026-06-15,11:15:56,0.01,f
4453282449,196771,2026-06-15,11:15:56,0.01,f
4453282451,196772,2026-06-15,11:15:56,0.01,f
4453282466,196746,2026-06-15,11:15:57,0.00,f
3404728710,334938,2026-06-15,11:15:57,Не замкнут,f
4453282464,196764,2026-06-15,11:15:57,0.00,f
4453282465,196768,2026-06-15,11:15:57,0.03,f
4453282378,288276,2026-06-15,11:15:58,0.00,f
3404728802,77728,2026-06-15,11:15:58,Движения нет,f
4453282478,196762,2026-06-15,11:15:58,0.00,f
4453282489,196771,2026-06-15,11:15:58,0.00,f
4453282505,196768,2026-06-15,11:15:59,0.02,f
4453282511,196746,2026-06-15,11:16:00,0.01,f
3404728762,334938,2026-06-15,11:16:00,Норма,f
4453282528,196774,2026-06-15,11:16:00,0.00,f
4453282527,196771,2026-06-15,11:16:00,0.01,f
4453282545,196771,2026-06-15,11:16:01,0.00,f
4453282544,196765,2026-06-15,11:16:01,0.01,f
4453282439,288276,2026-06-15,11:16:02,0.01,f
4453282560,147199,2026-06-15,11:16:02,0.06,f
4453282564,147208,2026-06-15,11:16:02,0.05,f
3404728839,77726,2026-06-15,11:16:02,Движения нет,f
4453282477,230543,2026-06-15,11:16:02,0.00,f
4453283905,267418,2026-06-15,11:16:02,0.00,f
4453282445,268158,2026-06-15,11:16:04,0.01,f
4453282585,196738,2026-06-15,11:16:04,0.01,f
3404728878,77710,2026-06-15,11:16:04,Обнаружено движение,f
4453282611,196759,2026-06-15,11:16:05,0.03,f
3404728894,77710,2026-06-15,11:16:05,Движения нет,f
4453282570,230543,2026-06-15,11:16:06,0.01,f
3404728801,333749,2026-06-15,11:16:06,Есть питание,f
4453282516,288276,2026-06-15,11:16:06,0.00,f
4453282626,196738,2026-06-15,11:16:06,0.00,f
4453282638,196743,2026-06-15,11:16:07,0.01,f
4453282642,196785,2026-06-15,11:16:07,0.01,f
4453282524,268158,2026-06-15,11:16:08,0.00,f
4453282550,288226,2026-06-15,11:16:08,0.05,f
4453282652,196764,2026-06-15,11:16:08,0.01,f
4453282660,196746,2026-06-15,11:16:08,0.00,f
4453284002,267418,2026-06-15,11:16:08,0.01,f
4453282677,196783,2026-06-15,11:16:09,0.00,f
4453282576,268158,2026-06-15,11:16:10,0.01,f
4453282697,196738,2026-06-15,11:16:10,0.01,f
3404728983,77710,2026-06-15,11:16:10,Обнаружено движение,f
4453284015,267418,2026-06-15,11:16:10,0.00,f
3404729002,77710,2026-06-15,11:16:11,Движения нет,f
4453282588,268158,2026-06-15,11:16:12,0.00,f
4453282737,196746,2026-06-15,11:16:12,0.01,f
3404729021,77710,2026-06-15,11:16:12,Обнаружено движение,f
4453284071,267418,2026-06-15,11:16:12,0.01,f
4453282637,230543,2026-06-15,11:16:12,0.04,f
4453282761,196764,2026-06-15,11:16:14,0.00,f
3404729043,77710,2026-06-15,11:16:14,Движения нет,f
4453282781,196759,2026-06-15,11:16:15,0.00,f
4453284148,267418,2026-06-15,11:16:16,0.00,f
4453282791,196764,2026-06-15,11:16:16,0.01,f
4453282808,196765,2026-06-15,11:16:17,0.00,f
4453282815,196736,2026-06-15,11:16:17,0.01,f
4453284168,267418,2026-06-15,11:16:18,0.01,f
4453282727,288226,2026-06-15,11:16:18,0.04,f
4453282842,196780,2026-06-15,11:16:19,0.01,f
4453282855,196759,2026-06-15,11:16:19,0.03,f
3404729140,77710,2026-06-15,11:16:20,Обнаружено движение,f
3404729011,228399,2026-06-15,11:16:20,Не замкнут,t
3404729019,228399,2026-06-15,11:16:20,Норма,f
4453282863,196728,2026-06-15,11:16:20,0.01,f
4453282884,196774,2026-06-15,11:16:21,0.01,f
4453282908,196729,2026-06-15,11:16:22,0.01,f
4453282917,196761,2026-06-15,11:16:22,0.01,f
4453282926,196780,2026-06-15,11:16:23,0.00,f
4453282936,213781,2026-06-15,11:16:23,0.00,f
4453282801,288226,2026-06-15,11:16:24,0.05,f
4453282941,196796,2026-06-15,11:16:24,0.01,f
4453282948,196764,2026-06-15,11:16:24,0.00,f
3404729195,77710,2026-06-15,11:16:24,Движения нет,f
3404729225,77710,2026-06-15,11:16:25,Обнаружено движение,f
4453282975,196764,2026-06-15,11:16:26,0.01,f
3404729246,77710,2026-06-15,11:16:26,Движения нет,f
4453282984,196785,2026-06-15,11:16:27,0.00,f
4453282988,196780,2026-06-15,11:16:27,0.01,f
4453282989,196738,2026-06-15,11:16:27,0.00,f
4453282899,288226,2026-06-15,11:16:28,0.04,f
3404729146,228399,2026-06-15,11:16:28,Не замкнут,t
4453282993,196796,2026-06-15,11:16:28,0.00,f
3404729257,77710,2026-06-15,11:16:28,Обнаружено движение,f
4453283009,196761,2026-06-15,11:16:29,0.00,f
4453283025,196750,2026-06-15,11:16:29,0.01,f
3404729172,228399,2026-06-15,11:16:30,Не замкнут,t
3404729289,77710,2026-06-15,11:16:30,Движения нет,f
3404729164,228399,2026-06-15,11:16:30,Норма,f
4453283061,196750,2026-06-15,11:16:31,0.00,f
3404729199,228399,2026-06-15,11:16:32,Норма,f
4453283076,196774,2026-06-15,11:16:32,0.00,f
4453283088,116068,2026-06-15,11:16:32,0.03,f
4453283093,196729,2026-06-15,11:16:33,0.00,f
4453283099,196746,2026-06-15,11:16:33,0.00,f
4453283086,147199,2026-06-15,11:16:33,0.05,f
4453283092,196723,2026-06-15,11:16:33,0.01,f
4453283102,147208,2026-06-15,11:16:34,0.04,f
3404729249,228399,2026-06-15,11:16:34,Не замкнут,t
3404729256,228399,2026-06-15,11:16:34,Норма,f
3404729362,77710,2026-06-15,11:16:34,Обнаружено движение,f
4453283126,196760,2026-06-15,11:16:35,0.01,f
4453283141,196746,2026-06-15,11:16:35,0.01,f
3404729383,77710,2026-06-15,11:16:35,Движения нет,f
3404729271,228399,2026-06-15,11:16:36,Не замкнут,t
3404729281,228399,2026-06-15,11:16:36,Норма,f
3404729422,77710,2026-06-15,11:16:38,Обнаружено движение,f
4453283063,230543,2026-06-15,11:16:38,0.00,f
4453283083,230543,2026-06-15,11:16:38,0.01,f
3404729321,228399,2026-06-15,11:16:38,Не замкнут,t
4453283172,196745,2026-06-15,11:16:38,0.01,f
4453283177,196760,2026-06-15,11:16:38,0.00,f
4453283190,196745,2026-06-15,11:16:39,0.00,f
3404729328,228399,2026-06-15,11:16:40,Норма,f
4453283204,196780,2026-06-15,11:16:40,0.00,f
4453283212,196760,2026-06-15,11:16:40,0.01,f
4453283222,196725,2026-06-15,11:16:41,0.00,f
4453283229,196750,2026-06-15,11:16:41,0.01,f
3404729459,77710,2026-06-15,11:16:41,Движения нет,f
4453283241,196723,2026-06-15,11:16:42,0.00,f
4453283269,104036,2026-06-15,11:16:43,0.07,f
4453283259,196745,2026-06-15,11:16:43,0.01,f
4453284602,267418,2026-06-15,11:16:44,0.00,f
4453283281,196768,2026-06-15,11:16:44,0.00,f
4453283283,196784,2026-06-15,11:16:44,0.01,f
4453283287,196746,2026-06-15,11:16:44,0.00,f
4453283288,196743,2026-06-15,11:16:44,0.00,f
3404729505,77710,2026-06-15,11:16:44,Обнаружено движение,f
4453283309,196736,2026-06-15,11:16:45,0.00,f
4453283328,196746,2026-06-15,11:16:46,0.01,f
3404729539,77710,2026-06-15,11:16:46,Движения нет,f
4453283323,196726,2026-06-15,11:16:46,0.01,f
4453283356,196775,2026-06-15,11:16:47,0.01,f
3404729452,228399,2026-06-15,11:16:48,Не замкнут,t
4453283373,196727,2026-06-15,11:16:48,0.01,f
4453283374,196732,2026-06-15,11:16:48,0.01,f
4453283375,196780,2026-06-15,11:16:48,0.01,f
4453283381,196760,2026-06-15,11:16:48,0.02,f
3404729467,228399,2026-06-15,11:16:48,Норма,f
4453283261,230543,2026-06-15,11:16:48,0.04,f
4453283398,196750,2026-06-15,11:16:49,0.00,f
3404729533,285843,2026-06-15,11:16:49,Обнаружено движение,f
3404729573,3086,2026-06-15,11:16:49,Не замкнут,f
3404729589,3084,2026-06-15,11:16:50,Обнаружено движение,f
3404729480,228399,2026-06-15,11:16:50,Норма,f
3404729472,228399,2026-06-15,11:16:50,Не замкнут,t
4453283436,196760,2026-06-15,11:16:50,0.03,f
4453283425,196767,2026-06-15,11:16:50,0.01,f
4453283423,196727,2026-06-15,11:16:50,0.00,f
4453283470,196746,2026-06-15,11:16:52,0.00,f
4453283469,196732,2026-06-15,11:16:52,0.00,f
4453283485,196775,2026-06-15,11:16:53,0.00,f
4453283484,196730,2026-06-15,11:16:53,0.01,f
4453283342,268203,2026-06-15,11:16:54,0.05,f
3404729630,3086,2026-06-15,11:16:54,Норма,f
3404729555,228399,2026-06-15,11:16:54,Не замкнут,t
4453283502,196777,2026-06-15,11:16:54,0.01,f
3404729564,228399,2026-06-15,11:16:54,Норма,f
3404729644,3082,2026-06-15,11:16:55,Обнаружено движение,f
4453283526,196730,2026-06-15,11:16:55,0.00,f
4453283529,196775,2026-06-15,11:16:55,0.01,f
4453283532,196750,2026-06-15,11:16:55,0.01,f
4453283533,196734,2026-06-15,11:16:55,0.01,f
3404729673,3084,2026-06-15,11:16:56,Движения нет,f
3404729594,228399,2026-06-15,11:16:56,Не замкнут,t
4453283557,196760,2026-06-15,11:16:56,0.05,f
3404729648,285840,2026-06-15,11:16:57,Обнаружено движение,f
3404729637,285843,2026-06-15,11:16:57,Движения нет,f
4453283573,196726,2026-06-15,11:16:57,0.00,f
3404729623,228399,2026-06-15,11:16:58,Не замкнут,t
4453283465,230543,2026-06-15,11:16:58,0.02,f
4453283435,268203,2026-06-15,11:16:58,0.04,f
3404729607,228399,2026-06-15,11:16:58,Норма,f
4453283588,196796,2026-06-15,11:16:58,0.01,f
4453283591,196767,2026-06-15,11:16:58,0.00,f
4453283600,196760,2026-06-15,11:16:59,0.03,f
4453283611,196734,2026-06-15,11:16:59,0.00,f
4453283607,196772,2026-06-15,11:16:59,0.00,f
3404729628,228399,2026-06-15,11:17:00,Норма,f
3404729742,3082,2026-06-15,11:17:00,Движения нет,f
4453283615,196789,2026-06-15,11:17:00,0.01,f
4453283634,196729,2026-06-15,11:17:01,0.01,f
4453283687,196796,2026-06-15,11:17:04,0.00,f
4453283688,147199,2026-06-15,11:17:04,0.06,f
3404729701,228399,2026-06-15,11:17:04,Норма,f
4453283691,196779,2026-06-15,11:17:04,0.01,f
3404729692,228399,2026-06-15,11:17:04,Не замкнут,t
4453283715,196746,2026-06-15,11:17:05,0.01,f
3404729949,3082,2026-06-15,11:17:05,Обнаружено движение,f
4453283709,196785,2026-06-15,11:17:05,0.01,f
4453283739,196730,2026-06-15,11:17:06,0.01,f
3404729645,196499,2026-06-15,11:17:06,Обнаружено движение,f
3404729755,228399,2026-06-15,11:17:06,Норма,f
3404729748,228399,2026-06-15,11:17:06,Не замкнут,t
3404729739,228399,2026-06-15,11:17:06,Норма,f
3404729729,228399,2026-06-15,11:17:06,Не замкнут,t
3404729956,285840,2026-06-15,11:17:06,Движения нет,f
3404730013,285840,2026-06-15,11:17:06,Обнаружено движение,f
3404729646,196503,2026-06-15,11:17:06,Обнаружено движение,f
4453283751,196729,2026-06-15,11:17:07,0.00,f
4453283747,196785,2026-06-15,11:17:07,0.00,f
4453283757,196753,2026-06-15,11:17:08,0.01,f
3404730046,285840,2026-06-15,11:17:08,Движения нет,f
3404729693,196499,2026-06-15,11:17:08,Движения нет,f
4453283755,196746,2026-06-15,11:17:08,0.00,f
4453283756,196750,2026-06-15,11:17:08,0.00,f
4453283773,196742,2026-06-15,11:17:09,0.01,f
4453283784,196765,2026-06-15,11:17:09,0.01,f
4453283666,268158,2026-06-15,11:17:10,0.01,f
3404729920,228399,2026-06-15,11:17:10,Норма,f
3404729908,228399,2026-06-15,11:17:10,Не замкнут,t
4453283789,196746,2026-06-15,11:17:10,0.01,f
4453283810,196730,2026-06-15,11:17:10,0.00,f
4453283825,213360,2026-06-15,11:17:11,0.05,f
3404729746,196499,2026-06-15,11:17:12,Обнаружено движение,f
3404730042,228399,2026-06-15,11:17:12,Не замкнут,t
3404730002,228399,2026-06-15,11:17:12,Не замкнут,t
3404730018,228399,2026-06-15,11:17:12,Норма,f
4453283826,196746,2026-06-15,11:17:12,0.00,f
4453283827,196771,2026-06-15,11:17:12,0.01,f
3404730093,285840,2026-06-15,11:17:12,Обнаружено движение,f
4453283840,196779,2026-06-15,11:17:13,0.00,f
4453283846,196730,2026-06-15,11:17:13,0.01,f
4453283851,196742,2026-06-15,11:17:13,0.00,f
4453283862,196785,2026-06-15,11:17:13,0.01,f
4453283884,104036,2026-06-15,11:17:14,0.08,f
4453283874,196726,2026-06-15,11:17:14,0.01,f
3404730050,228399,2026-06-15,11:17:14,Норма,f
4453283775,230543,2026-06-15,11:17:14,0.03,f
3404729900,196499,2026-06-15,11:17:14,Движения нет,f
4453283875,196771,2026-06-15,11:17:14,0.00,f
4453283906,196771,2026-06-15,11:17:16,0.01,f
3404729963,196503,2026-06-15,11:17:16,Движения нет,f
3404730086,228399,2026-06-15,11:17:16,Не замкнут,t
3404730097,228399,2026-06-15,11:17:16,Норма,f
4453283910,196780,2026-06-15,11:17:16,0.00,f
4453283948,196796,2026-06-15,11:17:17,0.01,f
4453283946,196789,2026-06-15,11:17:17,0.00,f
4453283943,196786,2026-06-15,11:17:17,0.01,f
4453283929,196730,2026-06-15,11:17:17,0.00,f
3404730220,285840,2026-06-15,11:17:18,Движения нет,f
4453283949,196764,2026-06-15,11:17:18,0.00,f
3404730033,196503,2026-06-15,11:17:18,Обнаружено движение,f
3404730109,228399,2026-06-15,11:17:18,Не замкнут,t
3404730120,228399,2026-06-15,11:17:18,Норма,f
4453283972,196756,2026-06-15,11:17:19,0.01,f
4453283975,196759,2026-06-15,11:17:19,0.00,f
3404730175,228399,2026-06-15,11:17:20,Не замкнут,t
4453283876,230543,2026-06-15,11:17:20,0.02,f
4453283987,196742,2026-06-15,11:17:20,0.01,f
3404730217,228399,2026-06-15,11:17:22,Норма,f
3404730197,228399,2026-06-15,11:17:22,Не замкнут,t
3404730184,228399,2026-06-15,11:17:22,Норма,f
4453283939,330711,2026-06-15,11:17:22,12,f
4453284007,196764,2026-06-15,11:17:22,0.01,f
3404730107,196503,2026-06-15,11:17:23,Движения нет,f
4453284035,196771,2026-06-15,11:17:24,0.00,f
4453283950,230543,2026-06-15,11:17:24,0.01,f
4453284038,196784,2026-06-15,11:17:24,0.02,f
4453284030,196786,2026-06-15,11:17:24,0.00,f
4453284054,196780,2026-06-15,11:17:25,0.01,f
3404730160,196503,2026-06-15,11:17:25,Обнаружено движение,f
4453284053,104054,2026-06-15,11:17:25,0.02,f
3404730295,228399,2026-06-15,11:17:26,Не замкнут,t
3404730374,3082,2026-06-15,11:17:26,Движения нет,f
3404730280,228399,2026-06-15,11:17:26,Норма,f
4453284085,213780,2026-06-15,11:17:26,0.02,f
3404730270,228399,2026-06-15,11:17:26,Не замкнут,t
4453284078,196728,2026-06-15,11:17:26,0.00,f
4453284082,196784,2026-06-15,11:17:26,0.01,f
4453284088,196764,2026-06-15,11:17:26,0.00,f
4453284103,196725,2026-06-15,11:17:27,0.01,f
3404730393,3082,2026-06-15,11:17:27,Обнаружено движение,f
3404730316,228399,2026-06-15,11:17:28,Норма,f
3404730382,285828,2026-06-15,11:17:28,Обнаружено движение,f
3404730396,285828,2026-06-15,11:17:28,Движения нет,f
3404730414,95380,2026-06-15,11:17:29,Есть питание,f
4453284129,196761,2026-06-15,11:17:29,0.01,f
4453284130,196786,2026-06-15,11:17:29,0.01,f
4453284138,196725,2026-06-15,11:17:29,0.00,f
4453284172,196786,2026-06-15,11:17:31,0.00,f
4453284176,196725,2026-06-15,11:17:31,0.01,f
4453284178,196730,2026-06-15,11:17:31,0.01,f
4453284180,196745,2026-06-15,11:17:31,0.00,f
4453284187,196796,2026-06-15,11:17:32,0.00,f
4453284201,196742,2026-06-15,11:17:32,0.00,f
4453284208,196786,2026-06-15,11:17:33,0.01,f
3404730304,196499,2026-06-15,11:17:33,Обнаружено движение,f
4453284211,196730,2026-06-15,11:17:33,0.00,f
4453284213,196780,2026-06-15,11:17:33,0.00,f
3404730399,228399,2026-06-15,11:17:34,Не замкнут,t
3404730410,228399,2026-06-15,11:17:34,Норма,f
3404730421,228399,2026-06-15,11:17:34,Не замкнут,t
4453284234,116068,2026-06-15,11:17:34,0.04,f
4453284092,268208,2026-06-15,11:17:34,0.02,f
4453284225,196779,2026-06-15,11:17:34,0.01,f
4453284246,196730,2026-06-15,11:17:35,0.01,f
4453284245,196780,2026-06-15,11:17:35,0.01,f
3404730347,196499,2026-06-15,11:17:35,Движения нет,f
3404730569,77712,2026-06-15,11:17:36,Обнаружено движение,f
3404730535,3082,2026-06-15,11:17:36,Движения нет,f
4453284105,268208,2026-06-15,11:17:36,0.01,f
3404730439,228399,2026-06-15,11:17:36,Норма,f
4453284250,147199,2026-06-15,11:17:36,0.05,f
4453284252,147201,2026-06-15,11:17:36,0.10,f
4453284265,196779,2026-06-15,11:17:36,0.00,f
3404730550,3077,2026-06-15,11:17:37,Обнаружено движение,f
4453284277,196785,2026-06-15,11:17:37,0.00,f
3404730469,228399,2026-06-15,11:17:38,Не замкнут,t
4453284290,196725,2026-06-15,11:17:38,0.00,f
3404730477,228399,2026-06-15,11:17:38,Норма,f
3404730409,196499,2026-06-15,11:17:39,Обнаружено движение,f
3404730606,77712,2026-06-15,11:17:39,Движения нет,f
3404730583,3077,2026-06-15,11:17:39,Движения нет,f
4453284297,196760,2026-06-15,11:17:39,0.02,f
4453284317,196725,2026-06-15,11:17:40,0.01,f
4453284323,196767,2026-06-15,11:17:41,0.01,f
4453284358,196779,2026-06-15,11:17:42,0.01,f
4453284363,213360,2026-06-15,11:17:42,0.04,f
4453284359,196784,2026-06-15,11:17:42,0.00,f
3404730445,196499,2026-06-15,11:17:42,Движения нет,f
4453284355,196777,2026-06-15,11:17:42,0.00,f
4453284362,196771,2026-06-15,11:17:43,0.01,f
4453284369,196760,2026-06-15,11:17:43,0.00,f
3404730586,228399,2026-06-15,11:17:44,Не замкнут,t
4453284393,196725,2026-06-15,11:17:45,0.00,f
3404730598,228399,2026-06-15,11:17:46,Норма,f
3404730751,77704,2026-06-15,11:17:47,Обнаружено движение,f
3404730528,196503,2026-06-15,11:17:47,Движения нет,f
4453284431,196743,2026-06-15,11:17:47,0.01,f
4453284441,196786,2026-06-15,11:17:47,0.00,f
3404730719,3077,2026-06-15,11:17:47,Обнаружено движение,f
3404730644,228399,2026-06-15,11:17:48,Не замкнут,t
3404730650,228399,2026-06-15,11:17:48,Норма,f
4453284451,196771,2026-06-15,11:17:48,0.00,f
4453284459,196760,2026-06-15,11:17:48,0.01,f
4453284347,230543,2026-06-15,11:17:48,0.02,f
4453284460,196742,2026-06-15,11:17:48,0.01,f
3404730264,93500,2026-06-15,11:17:48,Не замкнут,f
3404730749,3077,2026-06-15,11:17:49,Движения нет,f
4453284480,196786,2026-06-15,11:17:49,0.01,f
3404730762,77704,2026-06-15,11:17:49,Движения нет,f
3404730763,77770,2026-06-15,11:17:49,Обнаружено движение,f
4453284497,196760,2026-06-15,11:17:50,0.00,f
3404730776,77704,2026-06-15,11:17:50,Обнаружено движение,f
3404730799,77770,2026-06-15,11:17:51,Движения нет,f
4453284524,196729,2026-06-15,11:17:52,0.01,f
4453284527,196742,2026-06-15,11:17:52,0.00,f
4453284529,196743,2026-06-15,11:17:52,0.02,f
3404730830,77770,2026-06-15,11:17:52,Обнаружено движение,f
3404730845,77712,2026-06-15,11:17:53,Обнаружено движение,f
3404730846,77770,2026-06-15,11:17:53,Движения нет,f
3404730809,285828,2026-06-15,11:17:54,Обнаружено движение,f
3404730818,285828,2026-06-15,11:17:54,Движения нет,f
4453284554,196728,2026-06-15,11:17:54,0.01,f
4453284558,196743,2026-06-15,11:17:54,0.01,f
3404730882,77712,2026-06-15,11:17:55,Движения нет,f
3404730881,77704,2026-06-15,11:17:55,Движения нет,f
4453284588,196728,2026-06-15,11:17:56,0.00,f
3404730861,285828,2026-06-15,11:17:56,Обнаружено движение,f
4453284601,104061,2026-06-15,11:17:57,0.05,f
4453284611,196775,2026-06-15,11:17:57,0.00,f
3404730433,93500,2026-06-15,11:17:58,Норма,f
3404730893,285828,2026-06-15,11:17:58,Движения нет,f
4453284624,196786,2026-06-15,11:17:58,0.00,f
4453284637,196743,2026-06-15,11:17:58,0.00,f
3404730909,77836,2026-06-15,11:17:58,Норма,f
4453286019,267423,2026-06-15,11:17:58,0.01,f
4453284668,196768,2026-06-15,11:18:00,0.01,f
4453284674,196743,2026-06-15,11:18:00,0.01,f
3404730951,285828,2026-06-15,11:18:02,Обнаружено движение,f
4453284688,196753,2026-06-15,11:18:02,0.00,f
4453284699,196786,2026-06-15,11:18:02,0.01,f
4453284703,196732,2026-06-15,11:18:02,0.01,f
4453284708,196779,2026-06-15,11:18:02,0.00,f
4453284711,196743,2026-06-15,11:18:02,0.00,f
3404730858,228399,2026-06-15,11:18:02,Не замкнут,t
3404730870,228399,2026-06-15,11:18:02,Норма,f
3404730984,285828,2026-06-15,11:18:04,Движения нет,f
3404730910,333641,2026-06-15,11:18:04,Включен,f
4453284764,196726,2026-06-15,11:18:05,0.02,f
3404731017,77690,2026-06-15,11:18:05,Обнаружено движение,f
4453286173,267423,2026-06-15,11:18:06,0.00,f
4453284773,196789,2026-06-15,11:18:06,0.01,f
3404731027,77690,2026-06-15,11:18:06,Движения нет,f
4453284787,196786,2026-06-15,11:18:07,0.00,f
4453284792,196726,2026-06-15,11:18:07,0.01,f
4453284801,196759,2026-06-15,11:18:08,0.03,f
4453284803,196789,2026-06-15,11:18:08,0.00,f
4453284817,196732,2026-06-15,11:18:08,0.00,f
4453284838,196765,2026-06-15,11:18:09,0.00,f
4453284855,196789,2026-06-15,11:18:10,0.01,f
3404731026,285828,2026-06-15,11:18:10,Обнаружено движение,f
4453284852,196759,2026-06-15,11:18:10,0.00,f
4453284881,196768,2026-06-15,11:18:11,0.00,f
4453284867,196761,2026-06-15,11:18:11,0.00,f
4453284887,196756,2026-06-15,11:18:12,0.00,f
4453284915,196730,2026-06-15,11:18:13,0.00,f
4453284911,196780,2026-06-15,11:18:13,0.02,f
4453284766,268208,2026-06-15,11:18:13,0.00,f
3404732504,267097,2026-06-15,11:18:14,Есть питание,f
4453284920,196759,2026-06-15,11:18:14,0.03,f
3404732483,267095,2026-06-15,11:18:14,Есть питание,f
3404731059,228399,2026-06-15,11:18:15,Не замкнут,t
4453284947,196723,2026-06-15,11:18:15,0.01,f
3404731065,228399,2026-06-15,11:18:15,Норма,f
3404731089,285828,2026-06-15,11:18:16,Движения нет,f
3404730722,93207,2026-06-15,11:18:16,Обнаружено движение,f
4453284953,196736,2026-06-15,11:18:16,0.01,f
4453284962,104045,2026-06-15,11:18:16,0.06,f
4453284961,104036,2026-06-15,11:18:16,0.07,f
4453284805,268158,2026-06-15,11:18:17,0.00,f
4453284964,196779,2026-06-15,11:18:17,0.01,f
3404731123,285828,2026-06-15,11:18:18,Обнаружено движение,f
3404730790,93207,2026-06-15,11:18:20,Движения нет,f
4453284891,268158,2026-06-15,11:18:20,0.01,f
4453285014,196780,2026-06-15,11:18:20,0.01,f
4453285016,196726,2026-06-15,11:18:20,0.02,f
3404731135,285828,2026-06-15,11:18:20,Движения нет,f
3404731141,285828,2026-06-15,11:18:20,Обнаружено движение,f
4453285041,196780,2026-06-15,11:18:22,0.00,f
3404731269,3077,2026-06-15,11:18:22,Обнаружено движение,f
4453284955,268158,2026-06-15,11:18:24,0.00,f
4453285074,196789,2026-06-15,11:18:24,0.00,f
4453285078,196732,2026-06-15,11:18:24,0.01,f
4453285102,196779,2026-06-15,11:18:25,0.00,f
4453285107,196759,2026-06-15,11:18:25,0.00,f
4453285003,268158,2026-06-15,11:18:26,0.01,f
4453285111,196789,2026-06-15,11:18:26,0.01,f
4453285010,288226,2026-06-15,11:18:26,0.05,f
3404731375,3077,2026-06-15,11:18:26,Движения нет,f
4453285121,196790,2026-06-15,11:18:27,0.01,f
4453285137,196756,2026-06-15,11:18:27,0.01,f
3404731308,285828,2026-06-15,11:18:28,Движения нет,f
3404731324,285828,2026-06-15,11:18:28,Обнаружено движение,f
4453285154,104061,2026-06-15,11:18:28,0.04,f
3404731180,196967,2026-06-15,11:18:28,Не замкнут,t
4453285141,196789,2026-06-15,11:18:28,0.00,f
4453285191,213780,2026-06-15,11:18:29,0.03,f
3404731412,3077,2026-06-15,11:18:29,Обнаружено движение,f
4453285175,196730,2026-06-15,11:18:29,0.01,f
3404732816,266810,2026-06-15,11:18:30,Не замкнут,f
4453285201,196723,2026-06-15,11:18:30,0.03,f
4453285219,196730,2026-06-15,11:18:31,0.00,f
4453285220,196767,2026-06-15,11:18:31,0.00,f
4453285240,196738,2026-06-15,11:18:32,0.01,f
4453285241,196742,2026-06-15,11:18:32,0.01,f
4453285084,268158,2026-06-15,11:18:32,0.00,f
3404731474,3077,2026-06-15,11:18:32,Движения нет,f
4453285236,196723,2026-06-15,11:18:32,0.02,f
3404732902,266810,2026-06-15,11:18:34,Норма,f
4453285165,288226,2026-06-15,11:18:34,0.04,f
4453285276,196729,2026-06-15,11:18:34,0.00,f
3404731520,77770,2026-06-15,11:18:34,Обнаружено движение,f
4453285114,268158,2026-06-15,11:18:34,0.01,f
4453285127,268158,2026-06-15,11:18:34,0.00,f
4453285275,196723,2026-06-15,11:18:34,0.01,f
4453285292,196790,2026-06-15,11:18:35,0.00,f
4453285300,196726,2026-06-15,11:18:35,0.01,f
3404731535,77770,2026-06-15,11:18:35,Движения нет,f
3404731449,228399,2026-06-15,11:18:35,Не замкнут,t
4453285317,196723,2026-06-15,11:18:36,0.02,f
4453285320,196732,2026-06-15,11:18:36,0.00,f
4453285322,196779,2026-06-15,11:18:36,0.01,f
3404731463,285828,2026-06-15,11:18:36,Движения нет,f
4453285343,196765,2026-06-15,11:18:37,0.01,f
3404731457,228399,2026-06-15,11:18:37,Норма,f
3404731588,77770,2026-06-15,11:18:37,Обнаружено движение,f
4453285359,196732,2026-06-15,11:18:38,0.01,f
4453285223,268158,2026-06-15,11:18:38,0.01,f
4453285362,196779,2026-06-15,11:18:38,0.00,f
3404731603,77770,2026-06-15,11:18:39,Движения нет,f
4453285379,196765,2026-06-15,11:18:39,0.00,f
4453285378,196723,2026-06-15,11:18:39,0.01,f
4453285370,147201,2026-06-15,11:18:39,0.11,f
4453285291,230543,2026-06-15,11:18:39,0.01,f
4453285372,147204,2026-06-15,11:18:39,0.04,f
3404731534,285828,2026-06-15,11:18:40,Обнаружено движение,f
4453285402,196761,2026-06-15,11:18:41,0.01,f
4453285415,196723,2026-06-15,11:18:41,0.02,f
3404731525,333641,2026-06-15,11:18:41,Выключен,f
4453285425,196762,2026-06-15,11:18:42,0.01,f
4453285454,196765,2026-06-15,11:18:43,0.01,f
4453285440,196761,2026-06-15,11:18:43,0.00,f
4453285451,196729,2026-06-15,11:18:43,0.01,f
4453285452,196730,2026-06-15,11:18:43,0.01,f
4453285471,196733,2026-06-15,11:18:44,0.01,f
4453285488,196765,2026-06-15,11:18:45,0.00,f
4453285487,196729,2026-06-15,11:18:45,0.00,f
4453285495,213360,2026-06-15,11:18:46,0.05,f
3404731648,285828,2026-06-15,11:18:46,Движения нет,f
3404731658,285828,2026-06-15,11:18:46,Обнаружено движение,f
4453285521,196761,2026-06-15,11:18:47,0.01,f
4453285420,230543,2026-06-15,11:18:47,0.03,f
4453285533,196729,2026-06-15,11:18:47,0.01,f
4453285548,104036,2026-06-15,11:18:48,0.08,f
4453285551,104045,2026-06-15,11:18:48,0.07,f
4453285538,196765,2026-06-15,11:18:48,0.01,f
4453285570,196785,2026-06-15,11:18:49,0.01,f
4453285567,196761,2026-06-15,11:18:49,0.00,f
3404731714,285828,2026-06-15,11:18:50,Движения нет,f
4453285577,196732,2026-06-15,11:18:50,0.00,f
4453285610,196785,2026-06-15,11:18:51,0.00,f
4453285595,196779,2026-06-15,11:18:51,0.01,f
4453285492,230543,2026-06-15,11:18:51,0.02,f
3404731716,330528,2026-06-15,11:18:51,Обнаружено движение,f
4453285615,196729,2026-06-15,11:18:52,0.00,f
4453285616,196732,2026-06-15,11:18:52,0.01,f
4453285618,196764,2026-06-15,11:18:52,0.01,f
4453285478,268158,2026-06-15,11:18:52,0.00,f
3404733178,267398,2026-06-15,11:18:52,Норма,f
4453285632,196767,2026-06-15,11:18:53,0.01,f
3404731765,330528,2026-06-15,11:18:53,Движения нет,f
4453285654,196732,2026-06-15,11:18:54,0.00,f
4453285562,268158,2026-06-15,11:18:56,0.01,f
3404731868,3077,2026-06-15,11:18:56,Обнаружено движение,f
4453285691,196732,2026-06-15,11:18:56,0.01,f
3404732447,144757,2026-06-15,11:18:57,Обнаружено движение,f
4453285712,196739,2026-06-15,11:18:57,0.01,f
3404731981,3077,2026-06-15,11:18:58,Движения нет,f
4453285722,196732,2026-06-15,11:18:58,0.00,f
4453285726,196736,2026-06-15,11:18:58,0.00,f
4453285655,230543,2026-06-15,11:18:59,0.01,f
4453287216,267418,2026-06-15,11:19:00,0.01,f
4453285764,196764,2026-06-15,11:19:00,0.00,f
4453285798,196762,2026-06-15,11:19:00,0.00,f
3404732506,144757,2026-06-15,11:19:00,Движения нет,f
4453285830,196779,2026-06-15,11:19:01,0.00,f
4453285842,196739,2026-06-15,11:19:01,0.00,f
4453287256,267418,2026-06-15,11:19:02,0.01,f
4453287239,267418,2026-06-15,11:19:02,0.00,f
4453285869,196742,2026-06-15,11:19:02,0.00,f
3404732084,3077,2026-06-15,11:19:02,Обнаружено движение,f
4453285881,196765,2026-06-15,11:19:03,0.00,f
4453287282,267418,2026-06-15,11:19:04,0.00,f
4453285709,268158,2026-06-15,11:19:04,0.00,f
4453285924,196767,2026-06-15,11:19:05,0.02,f
4453287302,267418,2026-06-15,11:19:06,0.01,f
4453285943,196767,2026-06-15,11:19:06,0.01,f
3404732139,3077,2026-06-15,11:19:06,Движения нет,f
4453285859,230543,2026-06-15,11:19:06,0.00,f
4453285942,196764,2026-06-15,11:19:06,0.01,f
4453285740,268158,2026-06-15,11:19:06,0.00,f
4453285725,268158,2026-06-15,11:19:06,0.01,f
3404732155,3077,2026-06-15,11:19:07,Обнаружено движение,f
4453285975,116068,2026-06-15,11:19:07,0.03,f
3404732672,144759,2026-06-15,11:19:07,Обнаружено движение,f
4453285984,196767,2026-06-15,11:19:08,0.02,f
4453285976,196755,2026-06-15,11:19:08,0.01,f
3404732189,3073,2026-06-15,11:19:09,Обнаружено движение,f
4453286011,196723,2026-06-15,11:19:10,0.01,f
3404732202,3077,2026-06-15,11:19:10,Движения нет,f
3404732723,144759,2026-06-15,11:19:10,Движения нет,f
4453285970,286961,2026-06-15,11:19:10,23,f
4453286026,147204,2026-06-15,11:19:11,0.03,f
4453285952,288226,2026-06-15,11:19:12,0.05,f
4453286066,196730,2026-06-15,11:19:13,0.00,f
3404732213,285828,2026-06-15,11:19:14,Обнаружено движение,f
4453286081,196764,2026-06-15,11:19:14,0.00,f
3404732280,3073,2026-06-15,11:19:15,Движения нет,f
4453286094,196755,2026-06-15,11:19:15,0.00,f
4453286098,196726,2026-06-15,11:19:15,0.00,f
3404732252,285828,2026-06-15,11:19:16,Движения нет,f
3404732267,285828,2026-06-15,11:19:16,Обнаружено движение,f
4453286124,196738,2026-06-15,11:19:17,0.00,f
4453287551,278301,2026-06-15,11:19:18,0.00,f
4453287531,278301,2026-06-15,11:19:18,0.01,f
4453286029,268158,2026-06-15,11:19:18,0.00,f
4453286007,268158,2026-06-15,11:19:18,0.01,f
4453286146,196741,2026-06-15,11:19:18,0.01,f
4453286177,196730,2026-06-15,11:19:20,0.01,f
4453286061,268158,2026-06-15,11:19:20,0.01,f
3404732384,77770,2026-06-15,11:19:20,Обнаружено движение,f
4453286200,196751,2026-06-15,11:19:21,0.01,f
4453286201,196741,2026-06-15,11:19:21,0.00,f
4453286095,268158,2026-06-15,11:19:22,0.00,f
4453286214,196730,2026-06-15,11:19:22,0.00,f
4453286220,196756,2026-06-15,11:19:22,0.00,f
3404732410,77770,2026-06-15,11:19:22,Движения нет,f
4453286134,268158,2026-06-15,11:19:24,0.01,f
4453286286,196786,2026-06-15,11:19:25,0.01,f
3404732481,77770,2026-06-15,11:19:25,Обнаружено движение,f
4453286291,196728,2026-06-15,11:19:26,0.01,f
4453286299,196750,2026-06-15,11:19:26,0.01,f
3404732499,77770,2026-06-15,11:19:26,Движения нет,f
3404732426,285828,2026-06-15,11:19:26,Движения нет,f
3404732405,285828,2026-06-15,11:19:26,Движения нет,f
3404732417,285828,2026-06-15,11:19:26,Обнаружено движение,f
4453286318,196771,2026-06-15,11:19:27,0.01,f
4453286337,196728,2026-06-15,11:19:28,0.00,f
3404732507,285828,2026-06-15,11:19:30,Обнаружено движение,f
4453286385,104061,2026-06-15,11:19:30,0.05,f
4453286384,196762,2026-06-15,11:19:30,0.01,f
4453286397,196751,2026-06-15,11:19:31,0.00,f
4453286335,230543,2026-06-15,11:19:32,0.01,f
4453286406,213780,2026-06-15,11:19:32,0.02,f
4453286407,213790,2026-06-15,11:19:32,0.11,f
4453286419,196738,2026-06-15,11:19:32,0.01,f
4453286429,196750,2026-06-15,11:19:33,0.00,f
4453286434,196761,2026-06-15,11:19:33,0.01,f
4453286448,196723,2026-06-15,11:19:34,0.00,f
4453286450,196728,2026-06-15,11:19:34,0.01,f
3404732695,77770,2026-06-15,11:19:34,Обнаружено движение,f
4453286467,196767,2026-06-15,11:19:35,0.03,f
4453286507,196728,2026-06-15,11:19:36,0.00,f
3404732720,77770,2026-06-15,11:19:36,Движения нет,f
4453286520,196738,2026-06-15,11:19:36,0.00,f
4453286535,196785,2026-06-15,11:19:37,0.01,f
4453286447,230493,2026-06-15,11:19:38,0.02,f
4453286574,196756,2026-06-15,11:19:38,0.01,f
4453286593,196767,2026-06-15,11:19:39,0.00,f
4453286594,196774,2026-06-15,11:19:39,0.01,f
4453286602,196756,2026-06-15,11:19:40,0.00,f
4453286611,196723,2026-06-15,11:19:40,0.01,f
4453286613,196732,2026-06-15,11:19:40,0.01,f
4453286491,230543,2026-06-15,11:19:40,0.00,f
4453286627,196785,2026-06-15,11:19:41,0.00,f
3404732804,77718,2026-06-15,11:19:41,Обнаружено движение,f
3404732746,285828,2026-06-15,11:19:42,Обнаружено движение,f
3404732758,285828,2026-06-15,11:19:42,Движения нет,f
3404732765,285828,2026-06-15,11:19:42,Обнаружено движение,f
4453286656,196723,2026-06-15,11:19:42,0.00,f
4453286646,196759,2026-06-15,11:19:42,0.03,f
3404732736,285828,2026-06-15,11:19:42,Движения нет,f
4453286676,196755,2026-06-15,11:19:44,0.01,f
4453286683,196733,2026-06-15,11:19:44,0.00,f
3404732852,77718,2026-06-15,11:19:44,Движения нет,f
4453286576,288151,2026-06-15,11:19:44,0.01,f
3404732773,285828,2026-06-15,11:19:44,Движения нет,f
3404732793,285828,2026-06-15,11:19:44,Обнаружено движение,f
4453286696,196785,2026-06-15,11:19:45,0.01,f
4453286714,196755,2026-06-15,11:19:46,0.00,f
3404732809,285828,2026-06-15,11:19:46,Движения нет,f
3404732827,285828,2026-06-15,11:19:46,Обнаружено движение,f
3404732811,330645,2026-06-15,11:19:46,Не замкнут,f
4453286715,196756,2026-06-15,11:19:46,0.01,f
4453286738,196785,2026-06-15,11:19:47,0.00,f
3404732845,330646,2026-06-15,11:19:48,Обнаружено движение,f
4453286752,196756,2026-06-15,11:19:48,0.00,f
3404732884,285828,2026-06-15,11:19:50,Обнаружено движение,f
3404732874,285828,2026-06-15,11:19:50,Движения нет,f
4453286774,196774,2026-06-15,11:19:50,0.00,f
4453286796,196785,2026-06-15,11:19:51,0.01,f
3404732924,228399,2026-06-15,11:19:52,Норма,f
4453286809,196762,2026-06-15,11:19:52,0.00,f
4453286801,196723,2026-06-15,11:19:52,0.01,f
3404732905,330645,2026-06-15,11:19:52,Норма,f
3404732917,228399,2026-06-15,11:19:52,Не замкнут,t
4453286821,196761,2026-06-15,11:19:53,0.00,f
3404732927,330646,2026-06-15,11:19:53,Движения нет,f
4453286732,288151,2026-06-15,11:19:53,0.00,f
4453286835,196723,2026-06-15,11:19:54,0.00,f
4453286844,196745,2026-06-15,11:19:54,0.01,f
3404732955,333660,2026-06-15,11:19:55,Есть питание,f
3404732847,196892,2026-06-15,11:19:55,Обнаружено движение,f
3404732992,330646,2026-06-15,11:19:56,Обнаружено движение,f
4453286783,115219,2026-06-15,11:19:56,22,f
3404733060,77770,2026-06-15,11:19:56,Обнаружено движение,f
4453286873,196746,2026-06-15,11:19:56,0.01,f
4453286882,196756,2026-06-15,11:19:56,0.01,f
4453286883,196759,2026-06-15,11:19:56,0.00,f
4453286896,196761,2026-06-15,11:19:57,0.01,f
4453286899,196785,2026-06-15,11:19:57,0.00,f
3404732896,196892,2026-06-15,11:19:57,Движения нет,f
3404733078,77770,2026-06-15,11:19:57,Движения нет,f
4453286913,196746,2026-06-15,11:19:58,0.00,f
4453286916,196756,2026-06-15,11:19:58,0.00,f
3404733093,77770,2026-06-15,11:19:58,Обнаружено движение,f
3404733015,285828,2026-06-15,11:19:58,Движения нет,f
3404733029,285828,2026-06-15,11:19:58,Обнаружено движение,f
4453286928,196784,2026-06-15,11:19:59,0.01,f
3404732933,196892,2026-06-15,11:19:59,Обнаружено движение,f
4453286946,196738,2026-06-15,11:20:00,0.01,f
3404732950,196892,2026-06-15,11:20:00,Движения нет,f
3404733098,197148,2026-06-15,11:20:00,Выключен,f
3404733038,330646,2026-06-15,11:20:00,Движения нет,f
4453287015,196750,2026-06-15,11:20:03,0.01,f
3404733142,197148,2026-06-15,11:20:03,Включен,f
4453286999,213780,2026-06-15,11:20:03,0.03,f
4453287042,196746,2026-06-15,11:20:04,0.01,f
4453287043,196738,2026-06-15,11:20:04,0.00,f
3404733107,228399,2026-06-15,11:20:04,Не замкнут,t
3404733110,228399,2026-06-15,11:20:04,Норма,f
4453287038,196732,2026-06-15,11:20:04,0.00,f
4453287059,196783,2026-06-15,11:20:05,0.01,f
3404733199,77770,2026-06-15,11:20:05,Движения нет,f
4453287008,230493,2026-06-15,11:20:06,0.04,f
3404733198,197148,2026-06-15,11:20:06,Выключен,f
3404733252,77770,2026-06-15,11:20:07,Обнаружено движение,f
4453287119,196729,2026-06-15,11:20:08,0.01,f
4453287120,196732,2026-06-15,11:20:08,0.01,f
4453287122,196738,2026-06-15,11:20:08,0.01,f
3404733269,77710,2026-06-15,11:20:08,Обнаружено движение,f
3404733271,77770,2026-06-15,11:20:08,Движения нет,f
4453287137,196783,2026-06-15,11:20:09,0.00,f
4453287157,196738,2026-06-15,11:20:10,0.00,f
4453287168,116072,2026-06-15,11:20:11,0.19,f
3404733251,285828,2026-06-15,11:20:12,Движения нет,f
4453287190,196729,2026-06-15,11:20:12,0.00,f
4453287195,196746,2026-06-15,11:20:12,0.00,f
3404733312,77710,2026-06-15,11:20:12,Движения нет,f
4453287204,196761,2026-06-15,11:20:13,0.00,f
4453287210,196775,2026-06-15,11:20:13,0.01,f
4453287234,196784,2026-06-15,11:20:14,0.00,f
3404733342,77710,2026-06-15,11:20:14,Обнаружено движение,f
4453287113,230543,2026-06-15,11:20:14,0.03,f
3404734720,266862,2026-06-15,11:20:14,Не замкнут,f
4453287217,147201,2026-06-15,11:20:15,0.10,f
4453287240,196738,2026-06-15,11:20:15,0.01,f
3404733387,77710,2026-06-15,11:20:16,Движения нет,f
4453287265,196729,2026-06-15,11:20:16,0.01,f
4453287263,196728,2026-06-15,11:20:16,0.01,f
4453287276,196775,2026-06-15,11:20:17,0.00,f
4453287286,196756,2026-06-15,11:20:18,0.01,f
4453287287,196762,2026-06-15,11:20:18,0.01,f
4453287291,196786,2026-06-15,11:20:18,0.00,f
4453287295,196728,2026-06-15,11:20:18,0.00,f
4453287299,196784,2026-06-15,11:20:18,0.01,f
3404733389,95487,2026-06-15,11:20:19,Есть питание,f
3404733423,77710,2026-06-15,11:20:19,Обнаружено движение,f
4453287329,196767,2026-06-15,11:20:20,0.01,f
4453287323,213353,2026-06-15,11:20:20,0.04,f
3404734925,266862,2026-06-15,11:20:20,Норма,f
4453287333,196738,2026-06-15,11:20:21,0.00,f
3404733452,77710,2026-06-15,11:20:21,Движения нет,f
4453287259,230543,2026-06-15,11:20:22,0.02,f
4453287359,196756,2026-06-15,11:20:22,0.00,f
3404734991,267403,2026-06-15,11:20:22,Норма,f
4453287376,196738,2026-06-15,11:20:23,0.01,f
4453287394,196768,2026-06-15,11:20:23,0.01,f
4453287393,196726,2026-06-15,11:20:23,0.01,f
4453287380,196755,2026-06-15,11:20:23,0.01,f
4453287399,196746,2026-06-15,11:20:24,0.01,f
4453287412,196728,2026-06-15,11:20:24,0.01,f
3404733447,285828,2026-06-15,11:20:24,Обнаружено движение,f
4453287418,196755,2026-06-15,11:20:25,0.00,f
4453287416,196784,2026-06-15,11:20:25,0.00,f
4453287423,196768,2026-06-15,11:20:26,0.00,f
4453287319,230543,2026-06-15,11:20:26,0.00,f
4453287445,196755,2026-06-15,11:20:27,0.01,f
4453287440,196767,2026-06-15,11:20:27,0.00,f
4453287441,196732,2026-06-15,11:20:27,0.00,f
4453287454,196732,2026-06-15,11:20:28,0.01,f
4453287456,196746,2026-06-15,11:20:28,0.00,f
4453287461,196738,2026-06-15,11:20:28,0.00,f
4453287476,196728,2026-06-15,11:20:29,0.00,f
4453287477,196771,2026-06-15,11:20:29,0.00,f
4453287484,196739,2026-06-15,11:20:29,0.01,f
4453287500,196732,2026-06-15,11:20:30,0.00,f
3404733537,285828,2026-06-15,11:20:30,Обнаружено движение,f
3404733518,285828,2026-06-15,11:20:30,Движения нет,f
4453287506,196738,2026-06-15,11:20:30,0.01,f
4453287494,196775,2026-06-15,11:20:30,0.01,f
4453287495,196726,2026-06-15,11:20:30,0.00,f
4453287497,196768,2026-06-15,11:20:30,0.01,f
4453287522,196764,2026-06-15,11:20:31,0.01,f
4453287364,268158,2026-06-15,11:20:31,0.00,f
4453287382,268158,2026-06-15,11:20:31,0.01,f
3404733150,93520,2026-06-15,11:20:32,Не замкнут,f
4453287545,196775,2026-06-15,11:20:32,0.00,f
4453287552,196756,2026-06-15,11:20:32,0.01,f
4453287546,196738,2026-06-15,11:20:32,0.00,f
4453287573,196750,2026-06-15,11:20:34,0.00,f
4453287581,196738,2026-06-15,11:20:34,0.01,f
4453287594,196756,2026-06-15,11:20:34,0.00,f
4453287593,213781,2026-06-15,11:20:34,0.01,f
4453287571,196726,2026-06-15,11:20:34,0.01,f
4453287570,196768,2026-06-15,11:20:34,0.00,f
3404733554,228399,2026-06-15,11:20:34,Норма,f
4453287475,230543,2026-06-15,11:20:34,0.01,f
3404733545,228399,2026-06-15,11:20:34,Не замкнут,t
4453287595,213790,2026-06-15,11:20:34,0.09,f
4453287605,196784,2026-06-15,11:20:35,0.01,f
3404734176,144761,2026-06-15,11:20:35,Обнаружено движение,f
4453287613,196740,2026-06-15,11:20:35,0.01,f
3404733624,285828,2026-06-15,11:20:36,Движения нет,f
3404733632,285828,2026-06-15,11:20:36,Обнаружено движение,f
3404734193,144761,2026-06-15,11:20:36,Движения нет,f
4453287625,196796,2026-06-15,11:20:36,0.01,f
4453287633,196726,2026-06-15,11:20:36,0.00,f
4453287640,196725,2026-06-15,11:20:37,0.01,f
4453287647,196739,2026-06-15,11:20:37,0.00,f
4453287641,196733,2026-06-15,11:20:37,0.01,f
4453287648,196740,2026-06-15,11:20:37,0.00,f
3404733704,3073,2026-06-15,11:20:38,Обнаружено движение,f
4453287653,196726,2026-06-15,11:20:38,0.01,f
4453287654,196784,2026-06-15,11:20:38,0.00,f
4453287657,196736,2026-06-15,11:20:38,0.01,f
3404733293,93520,2026-06-15,11:20:40,Норма,f
4453287690,196764,2026-06-15,11:20:40,0.00,f
4453287699,196736,2026-06-15,11:20:40,0.00,f
4453287713,196740,2026-06-15,11:20:41,0.01,f
4453287706,196731,2026-06-15,11:20:41,0.01,f
4453287717,196753,2026-06-15,11:20:42,0.01,f
4453287724,196726,2026-06-15,11:20:42,0.00,f
4453287725,196784,2026-06-15,11:20:42,0.01,f
4453287629,230543,2026-06-15,11:20:42,0.00,f
3404733770,3073,2026-06-15,11:20:42,Движения нет,f
4453287743,196725,2026-06-15,11:20:43,0.00,f
4453287751,196736,2026-06-15,11:20:43,0.01,f
3404733784,3073,2026-06-15,11:20:43,Обнаружено движение,f
4453287754,196796,2026-06-15,11:20:44,0.00,f
4453287740,116072,2026-06-15,11:20:44,0.20,f
3404734349,144831,2026-06-15,11:20:44,Не замкнут,f
3404733801,196139,2026-06-15,11:20:45,Неопределен,f
3404733807,196143,2026-06-15,11:20:45,Неопределен,f
4453287776,196725,2026-06-15,11:20:45,0.01,f
3404733820,196150,2026-06-15,11:20:45,Неопределен,f
3404733817,196148,2026-06-15,11:20:45,Неопределен,f
3404733819,196149,2026-06-15,11:20:45,Неопределен,f
3404733814,196146,2026-06-15,11:20:45,Неопределен,f
3404733816,196147,2026-06-15,11:20:45,Неопределен,f
4453287666,288226,2026-06-15,11:20:45,0.04,f
3404733809,196144,2026-06-15,11:20:45,Неопределен,f
3404733822,196205,2026-06-15,11:20:45,Неопределен,f
3404733803,196140,2026-06-15,11:20:45,Неопределен,f
3404733812,196145,2026-06-15,11:20:45,Неопределен,f
3404733804,196141,2026-06-15,11:20:45,Неопределен,f
3404733806,196142,2026-06-15,11:20:45,Неопределен,f
4453287793,196729,2026-06-15,11:20:46,0.00,f
4453287803,196738,2026-06-15,11:20:46,0.00,f
3404733779,285828,2026-06-15,11:20:46,Движения нет,f
4453287827,196741,2026-06-15,11:20:47,0.01,f
4453287814,196731,2026-06-15,11:20:47,0.00,f
4453287815,196733,2026-06-15,11:20:47,0.00,f
3404734398,144763,2026-06-15,11:20:47,Обнаружено движение,f
3404733899,3073,2026-06-15,11:20:48,Движения нет,f
3404733915,196144,2026-06-15,11:20:48,Норма,f
3404733912,196143,2026-06-15,11:20:48,Норма,f
4453287734,230543,2026-06-15,11:20:48,0.01,f
3404733905,196139,2026-06-15,11:20:48,Норма,f
3404733906,196140,2026-06-15,11:20:48,Норма,f
3404733900,3077,2026-06-15,11:20:48,Обнаружено движение,f
3404733924,196149,2026-06-15,11:20:48,Норма,f
3404733922,196148,2026-06-15,11:20:48,Норма,f
3404733911,196142,2026-06-15,11:20:48,Норма,f
3404733921,196147,2026-06-15,11:20:48,Норма,f
3404733909,196141,2026-06-15,11:20:48,Норма,f
3404733919,196146,2026-06-15,11:20:48,Норма,f
3404733917,196145,2026-06-15,11:20:48,Норма,f
3404733925,196150,2026-06-15,11:20:48,Норма,f
3404733926,196205,2026-06-15,11:20:48,Норма,f
4453287848,196780,2026-06-15,11:20:48,0.01,f
4453287847,196768,2026-06-15,11:20:48,0.01,f
3404734419,144763,2026-06-15,11:20:49,Движения нет,f
3404733888,285828,2026-06-15,11:20:50,Обнаружено движение,f
4453289141,267418,2026-06-15,11:20:50,0.02,f
3404733952,3077,2026-06-15,11:20:50,Движения нет,f
4453287873,196736,2026-06-15,11:20:50,0.00,f
4453287886,196780,2026-06-15,11:20:50,0.00,f
4453287885,196768,2026-06-15,11:20:50,0.00,f
4453287896,196780,2026-06-15,11:20:51,0.01,f
4453287897,196731,2026-06-15,11:20:51,0.01,f
3404733967,3077,2026-06-15,11:20:51,Обнаружено движение,f
3404733846,228399,2026-06-15,11:20:52,Не замкнут,t
4453287919,196733,2026-06-15,11:20:52,0.01,f
3404734477,144831,2026-06-15,11:20:52,Норма,f
4453287918,196777,2026-06-15,11:20:52,0.01,f
4453287917,196767,2026-06-15,11:20:52,0.01,f
4453287900,196745,2026-06-15,11:20:52,0.00,f
3404733863,228399,2026-06-15,11:20:52,Норма,f
4453287929,196725,2026-06-15,11:20:53,0.00,f
4453287930,196731,2026-06-15,11:20:53,0.00,f
3404735587,267408,2026-06-15,11:20:54,Норма,f
4453287947,196786,2026-06-15,11:20:54,0.01,f
4453287942,196741,2026-06-15,11:20:54,0.00,f
4453287954,196733,2026-06-15,11:20:54,0.00,f
3404734022,3077,2026-06-15,11:20:54,Движения нет,f
4453287961,196784,2026-06-15,11:20:55,0.00,f
4453287960,196777,2026-06-15,11:20:55,0.00,f
4453287976,196780,2026-06-15,11:20:56,0.00,f
4453287977,196731,2026-06-15,11:20:56,0.01,f
3404734061,3073,2026-06-15,11:20:57,Обнаружено движение,f
4453287989,196728,2026-06-15,11:20:57,0.01,f
4453288010,196780,2026-06-15,11:20:58,0.01,f
4453288019,196753,2026-06-15,11:20:58,0.02,f
3404734038,285828,2026-06-15,11:20:58,Движения нет,f
3404734058,285828,2026-06-15,11:21:00,Обнаружено движение,f
4453287943,230543,2026-06-15,11:21:00,0.00,f
3404734113,103930,2026-06-15,11:21:00,Есть питание,f
4453288045,196763,2026-06-15,11:21:00,0.01,f
3404734126,3073,2026-06-15,11:21:01,Движения нет,f
4453288074,196762,2026-06-15,11:21:02,0.00,f
4453288070,196780,2026-06-15,11:21:02,0.00,f
3404734872,144831,2026-06-15,11:21:03,Не замкнут,f
3404734171,197148,2026-06-15,11:21:03,Неисправен,t
3404734173,197148,2026-06-15,11:21:03,Затоплен,t
3404734174,197148,2026-06-15,11:21:03,Обесточен,t
3404734218,77836,2026-06-15,11:21:04,Не замкнут,t
3404734192,3073,2026-06-15,11:21:04,Обнаружено движение,f
4453288111,104047,2026-06-15,11:21:04,0.08,f
3404734121,285828,2026-06-15,11:21:04,Движения нет,f
4453288115,104061,2026-06-15,11:21:04,0.04,f
4453288134,213781,2026-06-15,11:21:05,0.00,f
4453288140,196728,2026-06-15,11:21:06,0.00,f
4453288150,196762,2026-06-15,11:21:06,0.01,f
4453288158,196777,2026-06-15,11:21:07,0.01,f
4453288159,196764,2026-06-15,11:21:07,0.01,f
3404734274,77712,2026-06-15,11:21:07,Обнаружено движение,f
4453288174,196780,2026-06-15,11:21:08,0.01,f
4453288176,196728,2026-06-15,11:21:08,0.01,f
4453288180,196763,2026-06-15,11:21:08,0.00,f
3404734273,3073,2026-06-15,11:21:09,Движения нет,f
4453288191,196777,2026-06-15,11:21:09,0.00,f
4453288211,196728,2026-06-15,11:21:10,0.00,f
3404734254,285828,2026-06-15,11:21:10,Обнаружено движение,f
4453288219,196752,2026-06-15,11:21:10,0.01,f
3404734341,77712,2026-06-15,11:21:10,Движения нет,f
4453288221,196738,2026-06-15,11:21:10,0.01,f
4453288243,196742,2026-06-15,11:21:11,0.01,f
3404734325,3073,2026-06-15,11:21:11,Обнаружено движение,f
4453288234,196777,2026-06-15,11:21:11,0.01,f
4453289551,267418,2026-06-15,11:21:12,0.03,f
4453288258,196752,2026-06-15,11:21:12,0.00,f
3404734342,197148,2026-06-15,11:21:12,Норма,f
3404734343,197148,2026-06-15,11:21:12,Выключен,f
3404734374,77836,2026-06-15,11:21:13,Норма,f
4453288267,196777,2026-06-15,11:21:13,0.00,f
4453288262,196762,2026-06-15,11:21:13,0.00,f
4453288307,196743,2026-06-15,11:21:15,0.01,f
4453288301,196774,2026-06-15,11:21:15,0.01,f
4453288291,196762,2026-06-15,11:21:15,0.01,f
4453288319,196764,2026-06-15,11:21:16,0.00,f
4453288208,230543,2026-06-15,11:21:16,0.01,f
3404734405,3073,2026-06-15,11:21:16,Движения нет,f
4453288322,196732,2026-06-15,11:21:16,0.01,f
4453288341,147208,2026-06-15,11:21:17,0.05,f
4453288346,196743,2026-06-15,11:21:17,0.00,f
3404734410,3073,2026-06-15,11:21:17,Обнаружено движение,f
4453288350,196753,2026-06-15,11:21:18,0.00,f
4453288362,196727,2026-06-15,11:21:18,0.01,f
4453288364,196728,2026-06-15,11:21:18,0.01,f
4453288356,196786,2026-06-15,11:21:18,0.00,f
4453288383,196731,2026-06-15,11:21:19,0.00,f
4453288370,196742,2026-06-15,11:21:19,0.00,f
4453288404,196727,2026-06-15,11:21:20,0.00,f
4453288395,147201,2026-06-15,11:21:20,0.11,f
4453288392,196755,2026-06-15,11:21:20,0.00,f
4453288422,196790,2026-06-15,11:21:21,0.01,f
4453288411,196742,2026-06-15,11:21:21,0.01,f
3404734498,3073,2026-06-15,11:21:21,Движения нет,f
4453288435,196755,2026-06-15,11:21:22,0.01,f
3404734481,285828,2026-06-15,11:21:22,Обнаружено движение,f
3404734457,285828,2026-06-15,11:21:22,Движения нет,f
4453288445,196732,2026-06-15,11:21:22,0.00,f
4453288443,196727,2026-06-15,11:21:22,0.01,f
3404734535,196625,2026-06-15,11:21:23,Включен,f
4453288463,196731,2026-06-15,11:21:23,0.01,f
4453288451,196742,2026-06-15,11:21:23,0.00,f
4453288450,196740,2026-06-15,11:21:23,0.00,f
4453288480,104045,2026-06-15,11:21:23,0.06,f
4453288478,104036,2026-06-15,11:21:23,0.07,f
4453288487,196727,2026-06-15,11:21:24,0.00,f
3404734547,3073,2026-06-15,11:21:24,Обнаружено движение,f
4453288474,196755,2026-06-15,11:21:24,0.00,f
4453288500,196790,2026-06-15,11:21:25,0.00,f
4453288318,268158,2026-06-15,11:21:25,0.00,f
3404734528,285828,2026-06-15,11:21:26,Движения нет,f
3404734505,228399,2026-06-15,11:21:26,Норма,f
4453288521,196762,2026-06-15,11:21:26,0.00,f
3404734490,228399,2026-06-15,11:21:26,Не замкнут,t
4453288517,196736,2026-06-15,11:21:26,0.01,f
4453288508,196731,2026-06-15,11:21:26,0.00,f
4453288537,196738,2026-06-15,11:21:27,0.00,f
4453288538,196743,2026-06-15,11:21:27,0.01,f
3404734556,285828,2026-06-15,11:21:28,Обнаружено движение,f
4453288547,196731,2026-06-15,11:21:28,0.01,f
4453288573,196755,2026-06-15,11:21:29,0.01,f
4453288576,196786,2026-06-15,11:21:29,0.01,f
3404734763,3073,2026-06-15,11:21:29,Движения нет,f
4453288566,196740,2026-06-15,11:21:29,0.01,f
4453288595,196753,2026-06-15,11:21:30,0.01,f
4453288584,196775,2026-06-15,11:21:30,0.01,f
4453288612,196755,2026-06-15,11:21:31,0.00,f
4453288604,196728,2026-06-15,11:21:31,0.00,f
4453288617,196786,2026-06-15,11:21:31,0.00,f
3404734808,285828,2026-06-15,11:21:32,Обнаружено движение,f
3404734780,285828,2026-06-15,11:21:32,Движения нет,f
4453288631,196736,2026-06-15,11:21:32,0.00,f
4453288624,196774,2026-06-15,11:21:32,0.00,f
4453289889,267423,2026-06-15,11:21:32,0.01,f
4453288650,196738,2026-06-15,11:21:33,0.01,f
4453288644,196729,2026-06-15,11:21:33,0.01,f
3404735475,144831,2026-06-15,11:21:33,Норма,f
4453288669,196736,2026-06-15,11:21:34,0.01,f
4453288673,196762,2026-06-15,11:21:34,0.01,f
4453288664,196780,2026-06-15,11:21:34,0.00,f
4453288663,196775,2026-06-15,11:21:34,0.00,f
4453288694,196786,2026-06-15,11:21:35,0.01,f
4453288684,196728,2026-06-15,11:21:35,0.01,f
4453288693,196738,2026-06-15,11:21:35,0.00,f
4453288688,196729,2026-06-15,11:21:35,0.00,f
4453288689,196732,2026-06-15,11:21:35,0.01,f
3404735005,196625,2026-06-15,11:21:36,Выключен,f
4453288718,104047,2026-06-15,11:21:36,0.09,f
4453288719,104054,2026-06-15,11:21:36,0.03,f
3404734940,285828,2026-06-15,11:21:36,Обнаружено движение,f
3404734929,285828,2026-06-15,11:21:36,Движения нет,f
4453288700,196731,2026-06-15,11:21:36,0.00,f
4453288710,196736,2026-06-15,11:21:36,0.00,f
4453288587,230543,2026-06-15,11:21:36,0.00,f
4453288731,196732,2026-06-15,11:21:37,0.00,f
3404735556,144831,2026-06-15,11:21:38,Не замкнут,f
3404735045,3073,2026-06-15,11:21:38,Обнаружено движение,f
3404735089,77770,2026-06-15,11:21:38,Обнаружено движение,f
4453288749,196762,2026-06-15,11:21:38,0.00,f
4453288594,268158,2026-06-15,11:21:39,0.01,f
3404735108,77770,2026-06-15,11:21:39,Движения нет,f
4453288763,196743,2026-06-15,11:21:39,0.00,f
4453288761,196771,2026-06-15,11:21:39,0.01,f
4453288758,196796,2026-06-15,11:21:39,0.01,f
4453290019,278331,2026-06-15,11:21:40,0.02,f
4453289997,278326,2026-06-15,11:21:40,0.01,f
4453288776,196736,2026-06-15,11:21:40,0.01,f
3404735035,285828,2026-06-15,11:21:40,Движения нет,f
3404735047,285828,2026-06-15,11:21:40,Обнаружено движение,f
4453288652,268158,2026-06-15,11:21:41,0.01,f
4453288635,268158,2026-06-15,11:21:41,0.00,f
4453288795,196774,2026-06-15,11:21:41,0.01,f
4453288797,196751,2026-06-15,11:21:41,0.01,f
3404735143,3073,2026-06-15,11:21:42,Движения нет,f
3404735072,285828,2026-06-15,11:21:42,Движения нет,f
4453288815,196728,2026-06-15,11:21:42,0.00,f
4453288834,196774,2026-06-15,11:21:43,0.00,f
4453288835,196751,2026-06-15,11:21:43,0.00,f
4453288833,196771,2026-06-15,11:21:43,0.00,f
3404735093,285828,2026-06-15,11:21:44,Обнаружено движение,f
4453290070,278331,2026-06-15,11:21:44,0.01,f
4453288849,196726,2026-06-15,11:21:44,0.01,f
4453288850,196728,2026-06-15,11:21:44,0.01,f
3404735120,285828,2026-06-15,11:21:44,Движения нет,f
4453288725,268143,2026-06-15,11:21:45,0.01,f
4453288854,196759,2026-06-15,11:21:45,0.03,f
4453288869,196741,2026-06-15,11:21:45,0.01,f
4453290105,267423,2026-06-15,11:21:46,0.00,f
4453290125,267423,2026-06-15,11:21:46,0.01,f
4453288877,196728,2026-06-15,11:21:46,0.00,f
4453288884,196759,2026-06-15,11:21:47,0.00,f
4453288917,196728,2026-06-15,11:21:48,0.01,f
3404735180,285828,2026-06-15,11:21:48,Обнаружено движение,f
4453288910,196796,2026-06-15,11:21:48,0.00,f
3404735266,93833,2026-06-15,11:21:49,Обнаружено движение,f
4453288923,147208,2026-06-15,11:21:49,0.04,f
4453288945,196728,2026-06-15,11:21:50,0.00,f
4453288933,196741,2026-06-15,11:21:50,0.00,f
3404735251,285828,2026-06-15,11:21:50,Движения нет,f
3404735293,3073,2026-06-15,11:21:50,Обнаружено движение,f
4453288844,268143,2026-06-15,11:21:51,0.00,f
4453288958,147199,2026-06-15,11:21:52,0.06,f
3404735309,93833,2026-06-15,11:21:52,Движения нет,f
4453288929,330711,2026-06-15,11:21:52,14,f
3404735270,285828,2026-06-15,11:21:52,Обнаружено движение,f
4453290242,278326,2026-06-15,11:21:52,0.00,f
4453288974,196767,2026-06-15,11:21:53,0.00,f
3404735281,228399,2026-06-15,11:21:54,Норма,f
3404735371,3073,2026-06-15,11:21:54,Движения нет,f
3404735269,228399,2026-06-15,11:21:54,Не замкнут,t
4453288997,104045,2026-06-15,11:21:54,0.07,f
4453288994,104036,2026-06-15,11:21:54,0.08,f
4453288984,196728,2026-06-15,11:21:54,0.01,f
4453288980,196756,2026-06-15,11:21:54,0.01,f
3404735388,3073,2026-06-15,11:21:55,Обнаружено движение,f
4453289006,196751,2026-06-15,11:21:56,0.01,f
4453289004,196765,2026-06-15,11:21:56,0.01,f
3404735361,285828,2026-06-15,11:21:56,Движения нет,f
4453289016,196780,2026-06-15,11:21:56,0.01,f
4453289027,196743,2026-06-15,11:21:57,0.01,f
4453289051,196777,2026-06-15,11:21:58,0.01,f
4453289035,196765,2026-06-15,11:21:58,0.00,f
4453289053,196771,2026-06-15,11:21:59,0.01,f
4453289052,196728,2026-06-15,11:21:59,0.00,f
3404735458,3073,2026-06-15,11:22:00,Движения нет,f
4453289069,196765,2026-06-15,11:22:00,0.01,f
4453289072,196745,2026-06-15,11:22:00,0.01,f
4453289082,196728,2026-06-15,11:22:01,0.01,f
4453289081,196777,2026-06-15,11:22:01,0.00,f
4453289107,196780,2026-06-15,11:22:02,0.00,f
3404735521,3073,2026-06-15,11:22:03,Обнаружено движение,f
4453289121,196784,2026-06-15,11:22:03,0.01,f
3404735434,228399,2026-06-15,11:22:04,Норма,f
3404735427,228399,2026-06-15,11:22:04,Не замкнут,t
3404735993,144763,2026-06-15,11:22:04,Обнаружено движение,f
4453289154,196784,2026-06-15,11:22:05,0.00,f
3404736007,144763,2026-06-15,11:22:05,Движения нет,f
4453289175,196780,2026-06-15,11:22:06,0.01,f
4453289226,104054,2026-06-15,11:22:07,0.02,f
4453289199,196783,2026-06-15,11:22:07,0.01,f
3404735573,197149,2026-06-15,11:22:07,Включен,f
3404735608,209989,2026-06-15,11:22:07,Обнаружено движение,f
4453289073,268143,2026-06-15,11:22:07,0.01,f
4453289234,196750,2026-06-15,11:22:08,0.01,f
4453289225,196765,2026-06-15,11:22:08,0.00,f
4453289224,196731,2026-06-15,11:22:08,0.01,f
3404735499,228399,2026-06-15,11:22:08,Не замкнут,t
3404735504,228399,2026-06-15,11:22:08,Норма,f
4453289250,196779,2026-06-15,11:22:09,0.01,f
3404735617,3073,2026-06-15,11:22:09,Движения нет,f
4453289274,196765,2026-06-15,11:22:10,0.01,f
4453289275,196750,2026-06-15,11:22:10,0.00,f
3404735526,228399,2026-06-15,11:22:11,Не замкнут,t
3404735534,228399,2026-06-15,11:22:11,Норма,f
3404735672,209989,2026-06-15,11:22:11,Движения нет,f
4453289295,196744,2026-06-15,11:22:11,0.01,f
4453289312,196765,2026-06-15,11:22:12,0.00,f
4453289317,196753,2026-06-15,11:22:12,0.00,f
3404735589,228399,2026-06-15,11:22:13,Не замкнут,t
3404735682,197150,2026-06-15,11:22:13,Включен,f
4453289329,196728,2026-06-15,11:22:13,0.00,f
3404735719,3073,2026-06-15,11:22:14,Обнаружено движение,f
4453289345,196726,2026-06-15,11:22:14,0.00,f
3404735602,228399,2026-06-15,11:22:15,Норма,f
3404735627,228399,2026-06-15,11:22:15,Не замкнут,t
4453289369,196728,2026-06-15,11:22:16,0.01,f
4453289375,196736,2026-06-15,11:22:16,0.00,f
3404735646,228399,2026-06-15,11:22:17,Норма,f
4453289393,196744,2026-06-15,11:22:17,0.00,f
4453289387,196731,2026-06-15,11:22:17,0.00,f
4453289378,196762,2026-06-15,11:22:17,0.01,f
4453289301,288276,2026-06-15,11:22:18,0.01,f
3404735711,330596,2026-06-15,11:22:18,Не замкнут,f
4453289406,196728,2026-06-15,11:22:18,0.00,f
4453289427,196740,2026-06-15,11:22:19,0.00,f
3404735697,228399,2026-06-15,11:22:19,Не замкнут,t
4453289276,268158,2026-06-15,11:22:19,0.00,f
4453289428,196750,2026-06-15,11:22:19,0.01,f
4453289449,147208,2026-06-15,11:22:20,0.05,f
4453289441,196732,2026-06-15,11:22:20,0.01,f
3404735613,196503,2026-06-15,11:22:20,Обнаружено движение,f
3404735705,228399,2026-06-15,11:22:21,Норма,f
4453289455,196762,2026-06-15,11:22:21,0.00,f
4453289480,196727,2026-06-15,11:22:22,0.01,f
3404735781,330596,2026-06-15,11:22:22,Норма,f
3404735751,228399,2026-06-15,11:22:23,Не замкнут,t
3404735758,228399,2026-06-15,11:22:23,Норма,f
4453289490,196762,2026-06-15,11:22:23,0.01,f
4453289498,196731,2026-06-15,11:22:23,0.01,f
4453290891,278331,2026-06-15,11:22:24,0.02,f
4453289506,196743,2026-06-15,11:22:24,0.00,f
4453289519,196727,2026-06-15,11:22:24,0.00,f
3404735780,228399,2026-06-15,11:22:25,Не замкнут,t
3404735787,228399,2026-06-15,11:22:25,Норма,f
4453289528,196762,2026-06-15,11:22:25,0.00,f
3404735873,3073,2026-06-15,11:22:25,Движения нет,f
4453289547,196727,2026-06-15,11:22:26,0.01,f
4453289552,147199,2026-06-15,11:22:27,0.05,f
4453289565,196774,2026-06-15,11:22:27,0.01,f
3404736326,144831,2026-06-15,11:22:27,Норма,f
4453289553,147201,2026-06-15,11:22:27,0.10,f
4453289579,196727,2026-06-15,11:22:28,0.00,f
4453289592,196743,2026-06-15,11:22:29,0.01,f
3404735845,228399,2026-06-15,11:22:29,Норма,f
3404735835,228399,2026-06-15,11:22:29,Не замкнут,t
3404735784,196503,2026-06-15,11:22:30,Движения нет,f
4453290985,278331,2026-06-15,11:22:30,0.01,f
3404735858,228399,2026-06-15,11:22:31,Не замкнут,t
3404735866,228399,2026-06-15,11:22:31,Норма,f
3404735796,196503,2026-06-15,11:22:31,Обнаружено движение,f
3404736371,144763,2026-06-15,11:22:31,Обнаружено движение,f
4453291059,278331,2026-06-15,11:22:32,0.02,f
3404735929,330594,2026-06-15,11:22:32,Не замкнут,f
4453289641,196774,2026-06-15,11:22:32,0.00,f
3404736414,144763,2026-06-15,11:22:33,Движения нет,f
3404735880,228399,2026-06-15,11:22:33,Не замкнут,t
4453289663,196743,2026-06-15,11:22:33,0.00,f
3404735900,228399,2026-06-15,11:22:33,Не замкнут,t
3404735890,228399,2026-06-15,11:22:33,Норма,f
4453289674,196774,2026-06-15,11:22:34,0.01,f
4453289561,268203,2026-06-15,11:22:34,0.03,f
3404735944,228399,2026-06-15,11:22:35,Не замкнут,t
4453289699,196761,2026-06-15,11:22:35,0.01,f
3404735926,228399,2026-06-15,11:22:35,Норма,f
4453289692,196732,2026-06-15,11:22:35,0.02,f
4453289712,196755,2026-06-15,11:22:36,0.01,f
4453289706,196731,2026-06-15,11:22:36,0.00,f
3404735983,330594,2026-06-15,11:22:36,Норма,f
3404735964,228399,2026-06-15,11:22:37,Норма,f
4453289634,268203,2026-06-15,11:22:38,0.04,f
3404737431,266810,2026-06-15,11:22:38,Не замкнут,f
3404735898,196499,2026-06-15,11:22:38,Обнаружено движение,f
3404735899,196503,2026-06-15,11:22:38,Движения нет,f
4453289771,196755,2026-06-15,11:22:39,0.00,f
3404736001,228399,2026-06-15,11:22:39,Норма,f
3404735991,228399,2026-06-15,11:22:39,Не замкнут,t
4453289757,196732,2026-06-15,11:22:39,0.01,f
4453289786,213781,2026-06-15,11:22:40,0.01,f
4453289781,196727,2026-06-15,11:22:40,0.01,f
4453289782,196731,2026-06-15,11:22:40,0.01,f
4453289787,213790,2026-06-15,11:22:40,0.11,f
3404735935,196499,2026-06-15,11:22:40,Движения нет,f
4453289802,196732,2026-06-15,11:22:41,0.02,f
3404736022,228399,2026-06-15,11:22:41,Норма,f
3404735976,196892,2026-06-15,11:22:41,Обнаружено движение,f
4453289803,196771,2026-06-15,11:22:41,0.00,f
4453289806,196761,2026-06-15,11:22:41,0.00,f
3404736013,228399,2026-06-15,11:22:41,Не замкнут,t
4453289825,196756,2026-06-15,11:22:42,0.00,f
3404737525,266810,2026-06-15,11:22:42,Норма,f
4453289817,196774,2026-06-15,11:22:42,0.00,f
4453289818,196723,2026-06-15,11:22:42,0.01,f
3404735996,196892,2026-06-15,11:22:42,Движения нет,f
3404736051,228399,2026-06-15,11:22:43,Не замкнут,t
4453289866,196756,2026-06-15,11:22:44,0.01,f
4453289857,196774,2026-06-15,11:22:44,0.01,f
4453289855,196731,2026-06-15,11:22:44,0.00,f
4453289858,196780,2026-06-15,11:22:44,0.00,f
4453289851,196786,2026-06-15,11:22:44,0.00,f
3404736179,3073,2026-06-15,11:22:46,Обнаружено движение,f
3404736014,196498,2026-06-15,11:22:46,Норма,f
4453289895,196783,2026-06-15,11:22:47,0.00,f
3404736093,228399,2026-06-15,11:22:47,Не замкнут,t
4453289896,196774,2026-06-15,11:22:47,0.00,f
3404736085,228399,2026-06-15,11:22:47,Норма,f
3404736251,77770,2026-06-15,11:22:49,Обнаружено движение,f
3404736118,228399,2026-06-15,11:22:49,Норма,f
3404736218,93833,2026-06-15,11:22:49,Обнаружено движение,f
4453289939,196727,2026-06-15,11:22:50,0.00,f
4453291386,278331,2026-06-15,11:22:50,0.01,f
3404736232,93833,2026-06-15,11:22:50,Движения нет,f
4453289946,196738,2026-06-15,11:22:50,0.01,f
4453289941,196750,2026-06-15,11:22:50,0.00,f
4453289950,196756,2026-06-15,11:22:51,0.00,f
3404736284,77770,2026-06-15,11:22:51,Движения нет,f
3404736157,228399,2026-06-15,11:22:51,Норма,f
3404736151,228399,2026-06-15,11:22:51,Не замкнут,t
3404736247,3073,2026-06-15,11:22:51,Движения нет,f
4453289981,147208,2026-06-15,11:22:52,0.04,f
4453289978,196727,2026-06-15,11:22:52,0.01,f
3404736127,196503,2026-06-15,11:22:53,Обнаружено движение,f
3404736126,196499,2026-06-15,11:22:53,Обнаружено движение,f
3404736203,228399,2026-06-15,11:22:53,Не замкнут,t
3404736288,3073,2026-06-15,11:22:53,Обнаружено движение,f
3404736316,77770,2026-06-15,11:22:54,Обнаружено движение,f
3404736211,228399,2026-06-15,11:22:55,Норма,f
3404736216,228399,2026-06-15,11:22:55,Не замкнут,t
3404736224,228399,2026-06-15,11:22:55,Норма,f
3404736229,228399,2026-06-15,11:22:55,Не замкнут,t
4453290031,196774,2026-06-15,11:22:55,0.01,f
4453290053,196723,2026-06-15,11:22:56,0.00,f
3404736156,196499,2026-06-15,11:22:56,Движения нет,f
4453290077,196751,2026-06-15,11:22:57,0.00,f
3404736168,196491,2026-06-15,11:22:57,Обнаружено движение,f
3404736240,228399,2026-06-15,11:22:57,Норма,f
3404736169,196503,2026-06-15,11:22:57,Движения нет,f
4453290091,147201,2026-06-15,11:22:58,0.11,f
4453289951,158934,2026-06-15,11:22:58,0.01,f
4453290090,147199,2026-06-15,11:22:58,0.06,f
3404736361,3073,2026-06-15,11:22:58,Движения нет,f
4453290088,196775,2026-06-15,11:22:58,0.01,f
3404736295,228399,2026-06-15,11:22:59,Не замкнут,t
3404736379,3073,2026-06-15,11:22:59,Обнаружено движение,f
4453290119,196743,2026-06-15,11:23:00,0.01,f
3404736302,228399,2026-06-15,11:23:00,Норма,f
3404736445,77770,2026-06-15,11:23:01,Движения нет,f
4453290131,196775,2026-06-15,11:23:01,0.00,f
4453290037,288226,2026-06-15,11:23:02,0.05,f
4453291596,267418,2026-06-15,11:23:02,0.04,f
4453290158,196743,2026-06-15,11:23:02,0.00,f
3404736246,196491,2026-06-15,11:23:02,Движения нет,f
3404736455,3073,2026-06-15,11:23:03,Движения нет,f
4453290171,196727,2026-06-15,11:23:03,0.00,f
3404736264,196480,2026-06-15,11:23:03,Обнаружено движение,f
4453290068,268203,2026-06-15,11:23:04,0.03,f
4453290207,196727,2026-06-15,11:23:05,0.01,f
3404736462,93833,2026-06-15,11:23:05,Обнаружено движение,f
4453290208,196784,2026-06-15,11:23:05,0.01,f
4453290231,196745,2026-06-15,11:23:06,0.00,f
3404736500,3073,2026-06-15,11:23:06,Обнаружено движение,f
3404736511,209989,2026-06-15,11:23:06,Обнаружено движение,f
4453290095,158934,2026-06-15,11:23:06,0.00,f
3404736478,93833,2026-06-15,11:23:06,Движения нет,f
4453290248,196727,2026-06-15,11:23:07,0.00,f
4453290250,196784,2026-06-15,11:23:07,0.00,f
3404736347,196480,2026-06-15,11:23:08,Движения нет,f
3404736574,209989,2026-06-15,11:23:09,Движения нет,f
3404736374,196480,2026-06-15,11:23:10,Обнаружено движение,f
4453290318,196796,2026-06-15,11:23:10,0.01,f
4453290327,104054,2026-06-15,11:23:10,0.03,f
4453290338,213781,2026-06-15,11:23:11,0.00,f
4453290339,213790,2026-06-15,11:23:11,0.09,f
3404736582,3073,2026-06-15,11:23:11,Движения нет,f
4453290332,196784,2026-06-15,11:23:11,0.01,f
4453290346,196780,2026-06-15,11:23:12,0.01,f
3404736606,3073,2026-06-15,11:23:12,Обнаружено движение,f
4453290366,196779,2026-06-15,11:23:13,0.00,f
3404736432,196480,2026-06-15,11:23:13,Движения нет,f
3404736520,228399,2026-06-15,11:23:14,Не замкнут,t
3404736528,228399,2026-06-15,11:23:14,Норма,f
4453290387,196751,2026-06-15,11:23:14,0.01,f
3404738120,266808,2026-06-15,11:23:14,Не замкнут,f
4453290382,196780,2026-06-15,11:23:14,0.00,f
4453290262,268203,2026-06-15,11:23:14,0.04,f
3404736687,77770,2026-06-15,11:23:15,Обнаружено движение,f
3404736644,98172,2026-06-15,11:23:15,Норма,f
4453290409,196784,2026-06-15,11:23:15,0.00,f
3404736707,77770,2026-06-15,11:23:16,Движения нет,f
4453290434,196768,2026-06-15,11:23:16,0.01,f
3404736639,285828,2026-06-15,11:23:16,Обнаружено движение,f
3404736663,98172,2026-06-15,11:23:16,Не замкнут,f
4453290451,196779,2026-06-15,11:23:17,0.01,f
3404736725,209989,2026-06-15,11:23:17,Обнаружено движение,f
3404738175,267097,2026-06-15,11:23:18,Обесточен,f
3404736679,285828,2026-06-15,11:23:18,Движения нет,f
4453290465,196768,2026-06-15,11:23:18,0.00,f
3404736779,209989,2026-06-15,11:23:20,Движения нет,f
4453290513,196774,2026-06-15,11:23:20,0.00,f
3404738206,266808,2026-06-15,11:23:20,Норма,f
3404736800,77770,2026-06-15,11:23:21,Обнаружено движение,f
4453290529,196751,2026-06-15,11:23:21,0.00,f
4453290528,196779,2026-06-15,11:23:21,0.00,f
3404736653,333645,2026-06-15,11:23:21,Есть питание,f
4453290550,196727,2026-06-15,11:23:22,0.01,f
3404736788,3073,2026-06-15,11:23:22,Движения нет,f
3404736723,285828,2026-06-15,11:23:22,Обнаружено движение,f
4453290565,196779,2026-06-15,11:23:23,0.01,f
3404736731,228399,2026-06-15,11:23:24,Не замкнут,t
3404736833,77770,2026-06-15,11:23:24,Движения нет,f
3404736748,228399,2026-06-15,11:23:24,Норма,f
3404736817,3073,2026-06-15,11:23:24,Обнаружено движение,f
3404736853,77770,2026-06-15,11:23:25,Обнаружено движение,f
4453290619,196732,2026-06-15,11:23:26,0.00,f
3404736872,77770,2026-06-15,11:23:26,Движения нет,f
3404736756,228399,2026-06-15,11:23:26,Не замкнут,t
3404736763,228399,2026-06-15,11:23:26,Норма,f
3404736768,228399,2026-06-15,11:23:26,Не замкнут,t
3404736775,228399,2026-06-15,11:23:26,Норма,f
3404736825,285828,2026-06-15,11:23:26,Движения нет,f
4453290618,196727,2026-06-15,11:23:26,0.00,f
4453290637,213363,2026-06-15,11:23:27,0.05,f
3404736858,285828,2026-06-15,11:23:28,Движения нет,f
3404736832,285828,2026-06-15,11:23:28,Обнаружено движение,f
4453290519,268203,2026-06-15,11:23:28,0.03,f
3404738428,266809,2026-06-15,11:23:28,Не замкнут,f
4453290666,196736,2026-06-15,11:23:29,0.01,f
3404736907,98172,2026-06-15,11:23:29,Норма,f
3404736901,3073,2026-06-15,11:23:29,Движения нет,f
4453290676,196751,2026-06-15,11:23:29,0.01,f
3404736816,228399,2026-06-15,11:23:30,Не замкнут,t
3404736892,285828,2026-06-15,11:23:30,Движения нет,f
3404736873,285828,2026-06-15,11:23:30,Обнаружено движение,f
3404736830,228399,2026-06-15,11:23:30,Не замкнут,t
3404736839,228399,2026-06-15,11:23:30,Норма,f
3404736824,228399,2026-06-15,11:23:30,Норма,f
4453290714,196733,2026-06-15,11:23:31,0.01,f
4453290700,196736,2026-06-15,11:23:31,0.00,f
3404736850,228399,2026-06-15,11:23:32,Не замкнут,t
3404736870,333750,2026-06-15,11:23:32,Включен,f
3404736868,333751,2026-06-15,11:23:32,Включен,f
3404736877,228399,2026-06-15,11:23:32,Норма,f
4453290732,196728,2026-06-15,11:23:32,0.01,f
3404737006,3073,2026-06-15,11:23:32,Обнаружено движение,f
4453290753,196733,2026-06-15,11:23:33,0.00,f
4453290719,212700,2026-06-15,11:23:34,21,f
4453290655,268158,2026-06-15,11:23:34,0.01,f
4453290831,196736,2026-06-15,11:23:35,0.01,f
3404737004,333647,2026-06-15,11:23:36,Включен,f
3404737076,3073,2026-06-15,11:23:36,Движения нет,f
3404736998,333649,2026-06-15,11:23:36,Включен,f
3404738598,266809,2026-06-15,11:23:36,Норма,f
4453290863,196738,2026-06-15,11:23:37,0.00,f
4453290695,268203,2026-06-15,11:23:38,0.04,f
3404737092,3073,2026-06-15,11:23:38,Обнаружено движение,f
4453290879,196736,2026-06-15,11:23:38,0.00,f
3404738624,267097,2026-06-15,11:23:38,Есть питание,f
3404737044,228399,2026-06-15,11:23:40,Не замкнут,t
3404737048,228399,2026-06-15,11:23:40,Норма,f
4453290936,196760,2026-06-15,11:23:41,0.01,f
4453290959,104047,2026-06-15,11:23:41,0.08,f
4453290963,104054,2026-06-15,11:23:41,0.02,f
3404737097,228399,2026-06-15,11:23:42,Не замкнут,t
4453290964,196759,2026-06-15,11:23:42,0.03,f
3404737170,3082,2026-06-15,11:23:42,Обнаружено движение,f
3404737166,3073,2026-06-15,11:23:42,Движения нет,f
4453290974,213790,2026-06-15,11:23:42,0.11,f
4453290971,213781,2026-06-15,11:23:42,0.01,f
4453290975,196728,2026-06-15,11:23:43,0.00,f
4453290984,196790,2026-06-15,11:23:43,0.01,f
3404738714,266809,2026-06-15,11:23:44,Не замкнут,f
4453290989,196731,2026-06-15,11:23:44,0.01,f
4453290990,196780,2026-06-15,11:23:44,0.01,f
4453290988,196765,2026-06-15,11:23:44,0.01,f
3404737111,228399,2026-06-15,11:23:44,Норма,f
4453290874,288226,2026-06-15,11:23:45,0.03,f
4453291016,196733,2026-06-15,11:23:45,0.01,f
4453291032,196760,2026-06-15,11:23:45,0.00,f
3404737171,228399,2026-06-15,11:23:46,Норма,f
3404737216,285828,2026-06-15,11:23:46,Обнаружено движение,f
3404737251,3086,2026-06-15,11:23:46,Не замкнут,f
3404737249,3084,2026-06-15,11:23:46,Обнаружено движение,f
4453291040,196790,2026-06-15,11:23:46,0.00,f
4453291049,196753,2026-06-15,11:23:46,0.01,f
4453291052,196759,2026-06-15,11:23:46,0.00,f
3404737158,228399,2026-06-15,11:23:46,Не замкнут,t
4453291077,196760,2026-06-15,11:23:47,0.01,f
4453291084,196752,2026-06-15,11:23:48,0.01,f
3404737228,285828,2026-06-15,11:23:48,Движения нет,f
3404737206,228399,2026-06-15,11:23:48,Не замкнут,t
3404737192,228399,2026-06-15,11:23:48,Норма,f
3404737180,228399,2026-06-15,11:23:48,Не замкнут,t
4453291102,196760,2026-06-15,11:23:49,0.00,f
3404738966,266809,2026-06-15,11:23:50,Норма,f
3404737393,3082,2026-06-15,11:23:50,Движения нет,f
4453291112,196780,2026-06-15,11:23:50,0.00,f
4453291106,196765,2026-06-15,11:23:50,0.00,f
3404737233,228399,2026-06-15,11:23:50,Не замкнут,t
3404737294,285828,2026-06-15,11:23:50,Обнаружено движение,f
3404737224,228399,2026-06-15,11:23:50,Норма,f
4453291115,196752,2026-06-15,11:23:50,0.00,f
4453290979,268158,2026-06-15,11:23:51,0.00,f
4453291155,196743,2026-06-15,11:23:51,0.01,f
4453291148,196751,2026-06-15,11:23:51,0.00,f
4453291142,196771,2026-06-15,11:23:51,0.01,f
4453290983,268203,2026-06-15,11:23:51,0.03,f
4453290994,268158,2026-06-15,11:23:51,0.01,f
3404737248,228399,2026-06-15,11:23:52,Норма,f
3404737309,228399,2026-06-15,11:23:52,Не замкнут,t
4453291174,196731,2026-06-15,11:23:52,0.00,f
4453291034,268203,2026-06-15,11:23:53,0.04,f
4453291217,196751,2026-06-15,11:23:53,0.01,f
4453291222,196738,2026-06-15,11:23:53,0.01,f
4453291060,288226,2026-06-15,11:23:53,0.04,f
4453291214,196771,2026-06-15,11:23:53,0.00,f
3404737475,3084,2026-06-15,11:23:53,Движения нет,f
4453291224,196760,2026-06-15,11:23:53,0.01,f
4453291223,196743,2026-06-15,11:23:53,0.00,f
4453291235,196752,2026-06-15,11:23:54,0.01,f
3404737350,228399,2026-06-15,11:23:54,Норма,f
3404737368,228399,2026-06-15,11:23:54,Не замкнут,t
3404737430,285828,2026-06-15,11:23:54,Движения нет,f
3404737388,228399,2026-06-15,11:23:54,Норма,f
3404737488,3086,2026-06-15,11:23:54,Норма,f
4453291080,268143,2026-06-15,11:23:55,0.02,f
3404737441,228399,2026-06-15,11:23:56,Не замкнут,t
4453291092,268143,2026-06-15,11:23:57,0.01,f
4453291282,196796,2026-06-15,11:23:57,0.00,f
4453291099,268203,2026-06-15,11:23:57,0.03,f
3404737461,228399,2026-06-15,11:23:58,Норма,f
3404737489,228399,2026-06-15,11:23:58,Не замкнут,t
4453291292,196760,2026-06-15,11:23:58,0.00,f
4453291315,196756,2026-06-15,11:23:59,0.01,f
3404737498,228399,2026-06-15,11:24:00,Норма,f
4453291188,268203,2026-06-15,11:24:00,0.04,f
4453291336,196765,2026-06-15,11:24:00,0.01,f
4453291331,196780,2026-06-15,11:24:00,0.01,f
4453291221,268203,2026-06-15,11:24:00,0.03,f
4453291339,196745,2026-06-15,11:24:01,0.01,f
3404737554,228399,2026-06-15,11:24:02,Не замкнут,t
4453291237,268203,2026-06-15,11:24:02,0.04,f
4453291368,196780,2026-06-15,11:24:02,0.00,f
4453291387,196771,2026-06-15,11:24:03,0.01,f
4453291396,196756,2026-06-15,11:24:04,0.00,f
4453291276,268143,2026-06-15,11:24:04,0.02,f
3404737584,228399,2026-06-15,11:24:04,Не замкнут,t
3404737568,228399,2026-06-15,11:24:04,Норма,f
4453291309,268203,2026-06-15,11:24:06,0.03,f
4453291443,196771,2026-06-15,11:24:06,0.00,f
3404737605,228399,2026-06-15,11:24:06,Норма,f
4453291428,196759,2026-06-15,11:24:06,0.03,f
4453291442,196765,2026-06-15,11:24:06,0.00,f
3404737614,228399,2026-06-15,11:24:06,Не замкнут,t
3404737622,228399,2026-06-15,11:24:06,Норма,f
4453291459,196774,2026-06-15,11:24:07,0.01,f
4453291450,196745,2026-06-15,11:24:07,0.00,f
3404737650,228399,2026-06-15,11:24:08,Не замкнут,t
4453291480,196784,2026-06-15,11:24:08,0.01,f
4453291479,196765,2026-06-15,11:24:08,0.01,f
3404737561,196892,2026-06-15,11:24:08,Обнаружено движение,f
3404737665,228399,2026-06-15,11:24:08,Норма,f
3404737581,196892,2026-06-15,11:24:09,Движения нет,f
3404737675,228399,2026-06-15,11:24:09,Не замкнут,t
4453291497,196745,2026-06-15,11:24:10,0.01,f
3404737692,228399,2026-06-15,11:24:11,Норма,f
3404737583,196480,2026-06-15,11:24:11,Обнаружено движение,f
3404737723,228399,2026-06-15,11:24:11,Норма,f
3404737709,228399,2026-06-15,11:24:11,Не замкнут,t
4453291534,196751,2026-06-15,11:24:12,0.00,f
4453291533,196745,2026-06-15,11:24:12,0.00,f
4453291529,196774,2026-06-15,11:24:12,0.00,f
3404737783,285828,2026-06-15,11:24:12,Обнаружено движение,f
4453291556,196779,2026-06-15,11:24:13,0.00,f
3404737758,228399,2026-06-15,11:24:13,Не замкнут,t
4453291553,196727,2026-06-15,11:24:13,0.01,f
4453291565,104054,2026-06-15,11:24:13,0.03,f
4453291559,104047,2026-06-15,11:24:13,0.09,f
4453291572,196767,2026-06-15,11:24:14,0.01,f
4453291575,213781,2026-06-15,11:24:14,0.00,f
4453291472,268158,2026-06-15,11:24:14,0.00,f
4453291574,196745,2026-06-15,11:24:14,0.01,f
4453291573,196775,2026-06-15,11:24:14,0.01,f
3404737677,196480,2026-06-15,11:24:15,Движения нет,f
4453291591,196738,2026-06-15,11:24:15,0.02,f
3404737774,228399,2026-06-15,11:24:15,Норма,f
4453291599,196774,2026-06-15,11:24:16,0.01,f
4453291598,196767,2026-06-15,11:24:16,0.00,f
4453291622,196767,2026-06-15,11:24:17,0.01,f
4453291618,196784,2026-06-15,11:24:17,0.00,f
3404737803,228399,2026-06-15,11:24:17,Не замкнут,t
4453291641,196775,2026-06-15,11:24:18,0.00,f
4453291644,196745,2026-06-15,11:24:18,0.00,f
3404737904,285828,2026-06-15,11:24:18,Движения нет,f
3404737854,228399,2026-06-15,11:24:19,Не замкнут,t
3404737869,228399,2026-06-15,11:24:19,Норма,f
3404737749,196480,2026-06-15,11:24:19,Обнаружено движение,f
4453291659,196767,2026-06-15,11:24:19,0.00,f
4453291661,196771,2026-06-15,11:24:19,0.01,f
3404737836,228399,2026-06-15,11:24:19,Норма,f
3404737925,285828,2026-06-15,11:24:20,Обнаружено движение,f
4453293066,266807,2026-06-15,11:24:20,24,f
3404737881,228399,2026-06-15,11:24:21,Не замкнут,t
3404737900,228399,2026-06-15,11:24:21,Норма,f
4453291568,268173,2026-06-15,11:24:21,0.24,f
4453291685,196767,2026-06-15,11:24:21,0.01,f
4453291704,196775,2026-06-15,11:24:22,0.01,f
4453291702,196774,2026-06-15,11:24:22,0.00,f
4453291726,196733,2026-06-15,11:24:23,0.00,f
3404737827,196480,2026-06-15,11:24:23,Движения нет,f
4453291742,116068,2026-06-15,11:24:23,0.04,f
3404737985,330594,2026-06-15,11:24:24,Не замкнут,f
4453291745,196774,2026-06-15,11:24:24,0.01,f
4453291743,196775,2026-06-15,11:24:24,0.00,f
4453291755,196753,2026-06-15,11:24:24,0.00,f
3404737963,228399,2026-06-15,11:24:25,Норма,f
3404737957,228399,2026-06-15,11:24:25,Не замкнут,t
4453291786,196780,2026-06-15,11:24:26,0.01,f
4453291785,196775,2026-06-15,11:24:26,0.01,f
4453291803,196743,2026-06-15,11:24:27,0.01,f
3404737999,228399,2026-06-15,11:24:27,Норма,f
3404737890,196480,2026-06-15,11:24:27,Обнаружено движение,f
3404737990,228399,2026-06-15,11:24:27,Не замкнут,t
3404738095,285828,2026-06-15,11:24:28,Движения нет,f
4453291818,196775,2026-06-15,11:24:28,0.00,f
3404738039,228399,2026-06-15,11:24:29,Не замкнут,t
4453291858,196752,2026-06-15,11:24:30,0.00,f
4453291845,196743,2026-06-15,11:24:30,0.00,f
4453291855,196765,2026-06-15,11:24:30,0.00,f
4453291856,196780,2026-06-15,11:24:30,0.00,f
4453291860,213354,2026-06-15,11:24:30,0.05,f
3404737968,196480,2026-06-15,11:24:31,Движения нет,f
3404738171,321855,2026-06-15,11:24:31,Не замкнут,f
3404738061,228399,2026-06-15,11:24:31,Норма,f
3404738093,228399,2026-06-15,11:24:31,Норма,f
3404738072,228399,2026-06-15,11:24:31,Не замкнут,t
4453291874,196728,2026-06-15,11:24:31,0.01,f
4453291866,196753,2026-06-15,11:24:31,0.01,f
3404738188,95486,2026-06-15,11:24:32,Есть питание,f
4453291888,196789,2026-06-15,11:24:32,0.01,f
4453291892,196727,2026-06-15,11:24:32,0.00,f
4453291893,196728,2026-06-15,11:24:32,0.00,f
3404738165,285828,2026-06-15,11:24:32,Обнаружено движение,f
3404738001,196480,2026-06-15,11:24:33,Обнаружено движение,f
3404738126,228399,2026-06-15,11:24:33,Не замкнут,t
4453291923,196755,2026-06-15,11:24:34,0.01,f
3404738158,330594,2026-06-15,11:24:34,Норма,f
4453291927,196789,2026-06-15,11:24:34,0.00,f
4453291933,196728,2026-06-15,11:24:34,0.01,f
3404738134,228399,2026-06-15,11:24:35,Норма,f
4453291961,196789,2026-06-15,11:24:36,0.01,f
4453291960,196755,2026-06-15,11:24:36,0.00,f
3404738177,228399,2026-06-15,11:24:37,Не замкнут,t
3404738106,196480,2026-06-15,11:24:38,Движения нет,f
4453292019,196753,2026-06-15,11:24:39,0.00,f
3404738197,228399,2026-06-15,11:24:39,Норма,f
4453292010,196771,2026-06-15,11:24:39,0.00,f
4453292038,196796,2026-06-15,11:24:40,0.01,f
4453292031,196767,2026-06-15,11:24:40,0.00,f
4453292033,196755,2026-06-15,11:24:40,0.01,f
3404738253,228399,2026-06-15,11:24:41,Норма,f
4453292053,196727,2026-06-15,11:24:41,0.01,f
3404738245,228399,2026-06-15,11:24:41,Не замкнут,t
3404738240,228399,2026-06-15,11:24:41,Норма,f
3404738149,196480,2026-06-15,11:24:41,Обнаружено движение,f
3404738228,228399,2026-06-15,11:24:41,Не замкнут,t
4453292054,196738,2026-06-15,11:24:41,0.00,f
4453292056,196753,2026-06-15,11:24:41,0.01,f
4453292047,196765,2026-06-15,11:24:41,0.01,f
4453292051,196771,2026-06-15,11:24:41,0.01,f
4453292119,196761,2026-06-15,11:24:42,0.01,f
3404738389,285828,2026-06-15,11:24:42,Движения нет,f
3404738263,228399,2026-06-15,11:24:43,Не замкнут,t
4453292145,196765,2026-06-15,11:24:43,0.00,f
4453292153,196771,2026-06-15,11:24:43,0.02,f
4453293467,278331,2026-06-15,11:24:44,0.02,f
4453292176,104061,2026-06-15,11:24:44,0.05,f
3404738221,196480,2026-06-15,11:24:45,Движения нет,f
4453292184,196771,2026-06-15,11:24:45,0.01,f
4453292189,196746,2026-06-15,11:24:45,0.01,f
3404738412,228399,2026-06-15,11:24:47,Не замкнут,t
3404738387,228399,2026-06-15,11:24:47,Норма,f
4453292236,196746,2026-06-15,11:24:47,0.00,f
4453292261,196759,2026-06-15,11:24:48,0.00,f
4453292247,196785,2026-06-15,11:24:48,0.01,f
4453292251,196725,2026-06-15,11:24:48,0.01,f
3404738251,196480,2026-06-15,11:24:48,Обнаружено движение,f
3404738347,196892,2026-06-15,11:24:49,Обнаружено движение,f
3404738566,196627,2026-06-15,11:24:49,Включен,f
3404738435,228399,2026-06-15,11:24:49,Норма,f
3404738481,330553,2026-06-15,11:24:49,Не замкнут,f
3404738467,228399,2026-06-15,11:24:49,Не замкнут,t
4453292284,196765,2026-06-15,11:24:50,0.01,f
3404738375,196892,2026-06-15,11:24:50,Движения нет,f
4453293574,278331,2026-06-15,11:24:50,0.01,f
4453292289,196759,2026-06-15,11:24:50,0.03,f
4453292292,196796,2026-06-15,11:24:51,0.00,f
4453292298,196784,2026-06-15,11:24:51,0.01,f
4453292299,196752,2026-06-15,11:24:51,0.01,f
3404738357,196480,2026-06-15,11:24:51,Движения нет,f
3404738004,93540,2026-06-15,11:24:51,Не замкнут,f
3404738489,228399,2026-06-15,11:24:51,Норма,f
3404739907,267393,2026-06-15,11:24:52,Норма,f
4453292311,196774,2026-06-15,11:24:52,0.00,f
3404738533,228399,2026-06-15,11:24:53,Не замкнут,t
4453292331,196771,2026-06-15,11:24:53,0.00,f
4453292332,196727,2026-06-15,11:24:53,0.00,f
4453292326,196796,2026-06-15,11:24:53,0.01,f
4453292348,196751,2026-06-15,11:24:54,0.01,f
4453292354,196759,2026-06-15,11:24:54,0.00,f
4453292358,116068,2026-06-15,11:24:54,0.03,f
4453292350,196765,2026-06-15,11:24:54,0.00,f
4453292349,196752,2026-06-15,11:24:54,0.00,f
4453292366,196760,2026-06-15,11:24:55,0.01,f
3404738576,228399,2026-06-15,11:24:55,Не замкнут,t
3404738669,3092,2026-06-15,11:24:55,Обнаружено движение,f
3404738559,228399,2026-06-15,11:24:55,Норма,f
3404738637,285828,2026-06-15,11:24:56,Обнаружено движение,f
3404738702,77690,2026-06-15,11:24:56,Обнаружено движение,f
3404738616,228399,2026-06-15,11:24:57,Норма,f
3404738603,228399,2026-06-15,11:24:57,Не замкнут,t
3404738596,228399,2026-06-15,11:24:57,Норма,f
4453292389,196796,2026-06-15,11:24:57,0.00,f
4453292402,196760,2026-06-15,11:24:58,0.00,f
3404738660,285828,2026-06-15,11:24:58,Движения нет,f
3404738686,285828,2026-06-15,11:24:58,Обнаружено движение,f
3404738776,77690,2026-06-15,11:24:58,Движения нет,f
3404738728,3092,2026-06-15,11:24:58,Движения нет,f
3404738628,228399,2026-06-15,11:24:59,Норма,f
4453292431,196767,2026-06-15,11:24:59,0.01,f
4453292303,268203,2026-06-15,11:24:59,0.04,f
4453292345,230543,2026-06-15,11:24:59,0.01,f
3404738644,228399,2026-06-15,11:24:59,Не замкнут,t
3404738622,228399,2026-06-15,11:24:59,Не замкнут,t
3404738680,228399,2026-06-15,11:25:00,Норма,f
3404738652,228399,2026-06-15,11:25:00,Норма,f
3404738666,228399,2026-06-15,11:25:00,Не замкнут,t
4453292438,196790,2026-06-15,11:25:00,0.01,f
4453292436,196755,2026-06-15,11:25:00,0.00,f
4453292501,196767,2026-06-15,11:25:01,0.00,f
4453292523,213355,2026-06-15,11:25:01,0.01,f
3404738701,228399,2026-06-15,11:25:02,Не замкнут,t
4453292374,268158,2026-06-15,11:25:02,0.01,f
4453292387,230543,2026-06-15,11:25:02,0.00,f
3404738864,285828,2026-06-15,11:25:02,Обнаружено движение,f
3404738767,285828,2026-06-15,11:25:02,Движения нет,f
4453293801,267418,2026-06-15,11:25:02,0.05,f
4453292527,196730,2026-06-15,11:25:02,0.01,f
4453292524,196790,2026-06-15,11:25:02,0.00,f
4453292522,196755,2026-06-15,11:25:02,0.01,f
3404738246,93540,2026-06-15,11:25:04,Норма,f
3404738758,228399,2026-06-15,11:25:04,Не замкнут,t
4453292424,230543,2026-06-15,11:25:04,0.01,f
4453292557,196755,2026-06-15,11:25:04,0.00,f
4453292548,196743,2026-06-15,11:25:04,0.01,f
3404738740,228399,2026-06-15,11:25:04,Норма,f
4453292565,196730,2026-06-15,11:25:04,0.00,f
3404738911,228399,2026-06-15,11:25:06,Норма,f
4453292593,196742,2026-06-15,11:25:06,0.01,f
3404738661,196480,2026-06-15,11:25:06,Обнаружено движение,f
3404738978,285828,2026-06-15,11:25:06,Движения нет,f
3404738972,228399,2026-06-15,11:25:08,Норма,f
3404738965,228399,2026-06-15,11:25:08,Не замкнут,t
4453292627,196729,2026-06-15,11:25:08,0.01,f
4453292628,196780,2026-06-15,11:25:08,0.01,f
4453292621,196760,2026-06-15,11:25:08,0.01,f
3404738950,228399,2026-06-15,11:25:08,Не замкнут,t
3404738956,228399,2026-06-15,11:25:08,Норма,f
3404738988,228399,2026-06-15,11:25:10,Не замкнут,t
4453292654,196726,2026-06-15,11:25:10,0.01,f
4453292655,196729,2026-06-15,11:25:10,0.00,f
4453292644,196760,2026-06-15,11:25:10,0.00,f
3404738991,228399,2026-06-15,11:25:10,Норма,f
3404739082,285828,2026-06-15,11:25:10,Обнаружено движение,f
3404739133,77690,2026-06-15,11:25:10,Обнаружено движение,f
3404738822,196480,2026-06-15,11:25:11,Движения нет,f
4453292667,196756,2026-06-15,11:25:11,0.01,f
4453292668,196762,2026-06-15,11:25:11,0.01,f
3404739152,77690,2026-06-15,11:25:11,Движения нет,f
3404739111,285828,2026-06-15,11:25:12,Движения нет,f
4453292690,196756,2026-06-15,11:25:12,0.00,f
3404739123,285828,2026-06-15,11:25:12,Обнаружено движение,f
4453292679,196784,2026-06-15,11:25:12,0.00,f
4453292691,196785,2026-06-15,11:25:12,0.00,f
3404739053,228399,2026-06-15,11:25:12,Норма,f
3404739025,228399,2026-06-15,11:25:12,Не замкнут,t
4453292701,196728,2026-06-15,11:25:13,0.00,f
3404739099,228399,2026-06-15,11:25:14,Не замкнут,t
3404739116,228399,2026-06-15,11:25:14,Норма,f
4453292709,196774,2026-06-15,11:25:14,0.01,f
4453292738,104061,2026-06-15,11:25:15,0.04,f
4453292750,196733,2026-06-15,11:25:16,0.01,f
3404739162,285828,2026-06-15,11:25:16,Движения нет,f
4453292771,196727,2026-06-15,11:25:17,0.01,f
4453292784,196733,2026-06-15,11:25:18,0.00,f
3404739172,228399,2026-06-15,11:25:18,Не замкнут,t
4453292812,196743,2026-06-15,11:25:19,0.00,f
3404739242,3092,2026-06-15,11:25:20,Обнаружено движение,f
4453292840,196761,2026-06-15,11:25:20,0.00,f
3404739177,228399,2026-06-15,11:25:20,Норма,f
4453292830,196725,2026-06-15,11:25:20,0.00,f
4453292829,196774,2026-06-15,11:25:20,0.00,f
3404739212,285828,2026-06-15,11:25:20,Обнаружено движение,f
3404739209,330553,2026-06-15,11:25:21,Норма,f
3404739211,228399,2026-06-15,11:25:22,Не замкнут,t
3404739217,228399,2026-06-15,11:25:22,Норма,f
4453292754,268153,2026-06-15,11:25:23,0.01,f
4453292885,196742,2026-06-15,11:25:23,0.00,f
4453292879,196777,2026-06-15,11:25:23,0.01,f
3404739298,3092,2026-06-15,11:25:23,Движения нет,f
3404739276,285828,2026-06-15,11:25:24,Движения нет,f
3404739237,228399,2026-06-15,11:25:24,Не замкнут,t
3404739334,196627,2026-06-15,11:25:25,Выключен,f
4453292923,196760,2026-06-15,11:25:25,0.01,f
3404739170,196480,2026-06-15,11:25:25,Обнаружено движение,f
4453292798,288226,2026-06-15,11:25:25,0.05,f
4453292787,268153,2026-06-15,11:25:25,0.00,f
4453292912,196728,2026-06-15,11:25:25,0.01,f
4453292921,196742,2026-06-15,11:25:25,0.01,f
4453292846,230543,2026-06-15,11:25:26,0.02,f
3404739267,228399,2026-06-15,11:25:26,Не замкнут,t
3404739259,228399,2026-06-15,11:25:26,Норма,f
4453294222,267423,2026-06-15,11:25:26,0.02,f
4453292934,196751,2026-06-15,11:25:26,0.00,f
4453292941,196753,2026-06-15,11:25:27,0.00,f
3404739289,228399,2026-06-15,11:25:28,Норма,f
4453294268,267423,2026-06-15,11:25:28,0.01,f
3404739374,3092,2026-06-15,11:25:28,Обнаружено движение,f
3404739314,228399,2026-06-15,11:25:28,Не замкнут,t
4453292982,196729,2026-06-15,11:25:29,0.01,f
3404739414,77690,2026-06-15,11:25:29,Обнаружено движение,f
3404739216,196480,2026-06-15,11:25:29,Движения нет,f
4453292972,196762,2026-06-15,11:25:29,0.00,f
4453292980,196728,2026-06-15,11:25:29,0.00,f
3404739429,77690,2026-06-15,11:25:30,Движения нет,f
4453292988,196760,2026-06-15,11:25:30,0.00,f
3404739326,228399,2026-06-15,11:25:30,Норма,f
4453294310,267423,2026-06-15,11:25:30,0.02,f
3404739350,285840,2026-06-15,11:25:30,Обнаружено движение,f
3404739337,228399,2026-06-15,11:25:30,Не замкнут,t
3404739239,196491,2026-06-15,11:25:31,Обнаружено движение,f
4453293014,196771,2026-06-15,11:25:31,0.01,f
3404739439,77690,2026-06-15,11:25:31,Обнаружено движение,f
3404739361,228399,2026-06-15,11:25:32,Норма,f
3404739457,77690,2026-06-15,11:25:32,Движения нет,f
3404739451,3092,2026-06-15,11:25:33,Движения нет,f
4453293040,104036,2026-06-15,11:25:33,0.07,f
4453293039,196789,2026-06-15,11:25:33,0.00,f
4453293045,196777,2026-06-15,11:25:33,0.00,f
4453293030,196756,2026-06-15,11:25:33,0.01,f
4453293060,196751,2026-06-15,11:25:34,0.01,f
3404739422,285840,2026-06-15,11:25:34,Движения нет,f
3404739441,285840,2026-06-15,11:25:34,Обнаружено движение,f
3404739391,228399,2026-06-15,11:25:34,Не замкнут,t
3404739402,228399,2026-06-15,11:25:34,Норма,f
4453293075,196728,2026-06-15,11:25:35,0.01,f
4453293068,196756,2026-06-15,11:25:35,0.00,f
4453292973,288226,2026-06-15,11:25:35,0.04,f
3404739310,196503,2026-06-15,11:25:35,Обнаружено движение,f
3404739323,196491,2026-06-15,11:25:36,Движения нет,f
3404739466,285840,2026-06-15,11:25:36,Обнаружено движение,f
3404739458,285837,2026-06-15,11:25:36,Не замкнут,f
3404739452,285840,2026-06-15,11:25:36,Движения нет,f
4453293089,196729,2026-06-15,11:25:36,0.00,f
3404739525,77770,2026-06-15,11:25:37,Обнаружено движение,f
4453293109,196751,2026-06-15,11:25:37,0.00,f
3404739532,321167,2026-06-15,11:25:37,Есть питание,f
3404739544,77770,2026-06-15,11:25:38,Движения нет,f
4453293122,196729,2026-06-15,11:25:38,0.01,f
3404739446,228399,2026-06-15,11:25:38,Не замкнут,t
4453293120,196727,2026-06-15,11:25:38,0.00,f
4453293118,196726,2026-06-15,11:25:38,0.02,f
3404739355,196499,2026-06-15,11:25:39,Обнаружено движение,f
4453293140,196751,2026-06-15,11:25:40,0.01,f
4453293065,230543,2026-06-15,11:25:40,0.05,f
3404739490,228399,2026-06-15,11:25:40,Не замкнут,t
3404739469,228399,2026-06-15,11:25:40,Норма,f
3404739568,77770,2026-06-15,11:25:40,Обнаружено движение,f
4453293143,196760,2026-06-15,11:25:40,0.01,f
3404739522,285840,2026-06-15,11:25:40,Движения нет,f
4453293179,196777,2026-06-15,11:25:41,0.01,f
3404739516,228399,2026-06-15,11:25:42,Норма,f
4453294512,267423,2026-06-15,11:25:42,0.01,f
3404739501,228399,2026-06-15,11:25:42,Норма,f
4453293182,196751,2026-06-15,11:25:42,0.00,f
3404739513,228399,2026-06-15,11:25:42,Не замкнут,t
3404739408,196499,2026-06-15,11:25:42,Движения нет,f
3404739548,285837,2026-06-15,11:25:42,Норма,f
3404740657,267388,2026-06-15,11:25:42,Норма,f
4453293213,196767,2026-06-15,11:25:43,0.01,f
4453293132,230623,2026-06-15,11:25:44,0.01,f
3404739534,228399,2026-06-15,11:25:44,Не замкнут,t
4453293214,196751,2026-06-15,11:25:44,0.01,f
4453293217,196760,2026-06-15,11:25:44,0.00,f
3404739632,77770,2026-06-15,11:25:44,Движения нет,f
3404739619,3092,2026-06-15,11:25:45,Обнаружено движение,f
3404739633,77836,2026-06-15,11:25:45,Не замкнут,t
3404739642,77712,2026-06-15,11:25:46,Обнаружено движение,f
3404739477,196503,2026-06-15,11:25:46,Движения нет,f
3404739476,196491,2026-06-15,11:25:46,Обнаружено движение,f
4453293248,196767,2026-06-15,11:25:46,0.00,f
4453293249,196777,2026-06-15,11:25:46,0.00,f
4453293250,196751,2026-06-15,11:25:46,0.00,f
4453293273,104061,2026-06-15,11:25:47,0.05,f
4453293264,196752,2026-06-15,11:25:47,0.01,f
4453293270,104047,2026-06-15,11:25:47,0.08,f
4453293271,104054,2026-06-15,11:25:47,0.02,f
4453293289,213790,2026-06-15,11:25:48,0.09,f
4453293282,196783,2026-06-15,11:25:48,0.01,f
4453293286,196751,2026-06-15,11:25:48,0.01,f
3404739684,77712,2026-06-15,11:25:48,Движения нет,f
3404739580,228399,2026-06-15,11:25:48,Норма,f
4453293201,288226,2026-06-15,11:25:49,0.05,f
4453293321,196755,2026-06-15,11:25:50,0.01,f
4453293313,196767,2026-06-15,11:25:50,0.01,f
3404739608,228399,2026-06-15,11:25:50,Не замкнут,t
3404739616,228399,2026-06-15,11:25:50,Норма,f
4453293314,196751,2026-06-15,11:25:50,0.00,f
4453293331,196768,2026-06-15,11:25:51,0.01,f
4453293332,196780,2026-06-15,11:25:51,0.00,f
4453293348,196725,2026-06-15,11:25:52,0.01,f
3404739707,3092,2026-06-15,11:25:52,Движения нет,f
3404739646,228399,2026-06-15,11:25:52,Не замкнут,t
4453293367,196723,2026-06-15,11:25:53,0.01,f
4453293370,196729,2026-06-15,11:25:53,0.00,f
4453293378,196742,2026-06-15,11:25:53,0.00,f
3404739573,196491,2026-06-15,11:25:53,Движения нет,f
4453293391,196751,2026-06-15,11:25:54,0.01,f
4453293398,196734,2026-06-15,11:25:54,0.01,f
4453293405,196755,2026-06-15,11:25:54,0.00,f
3404739673,228399,2026-06-15,11:25:54,Норма,f
3404739689,228399,2026-06-15,11:25:54,Не замкнут,t
3404739685,228399,2026-06-15,11:25:54,Норма,f
3404739680,228399,2026-06-15,11:25:54,Не замкнут,t
4453293412,196729,2026-06-15,11:25:55,0.01,f
4453293422,196761,2026-06-15,11:25:55,0.01,f
4453294760,267418,2026-06-15,11:25:56,0.06,f
4453293443,196755,2026-06-15,11:25:56,0.01,f
3404739764,3002,2026-06-15,11:25:56,Не замкнут,f
3404739765,3089,2026-06-15,11:25:56,Не замкнут,f
4453293444,116072,2026-06-15,11:25:56,0.19,f
3404739784,77770,2026-06-15,11:25:56,Обнаружено движение,f
4453293455,196723,2026-06-15,11:25:57,0.00,f
4453293456,196777,2026-06-15,11:25:57,0.01,f
3404739804,77770,2026-06-15,11:25:57,Движения нет,f
4453293494,196771,2026-06-15,11:25:59,0.00,f
4453293436,230493,2026-06-15,11:26:00,0.02,f
3404739757,228399,2026-06-15,11:26:00,Норма,f
4453293515,196751,2026-06-15,11:26:00,0.00,f
3404739822,3090,2026-06-15,11:26:00,Обнаружено движение,f
4453293512,196780,2026-06-15,11:26:00,0.01,f
3404739836,3002,2026-06-15,11:26:01,Норма,f
4453293526,196729,2026-06-15,11:26:01,0.00,f
4453293530,196768,2026-06-15,11:26:01,0.00,f
3404739837,3089,2026-06-15,11:26:01,Норма,f
4453293473,230543,2026-06-15,11:26:02,0.06,f
4453293434,268158,2026-06-15,11:26:02,0.00,f
4453293547,196780,2026-06-15,11:26:02,0.00,f
3404739876,77712,2026-06-15,11:26:02,Обнаружено движение,f
3404739769,228399,2026-06-15,11:26:02,Не замкнут,t
4453293571,196768,2026-06-15,11:26:03,0.01,f
4453293572,196723,2026-06-15,11:26:03,0.01,f
4453293573,196777,2026-06-15,11:26:03,0.00,f
4453293479,268158,2026-06-15,11:26:04,0.01,f
4453293593,213353,2026-06-15,11:26:04,0.03,f
4453293472,268143,2026-06-15,11:26:04,0.01,f
3404739889,3090,2026-06-15,11:26:04,Движения нет,f
3404739888,321855,2026-06-15,11:26:04,Норма,f
4453293585,196726,2026-06-15,11:26:04,0.00,f
3404739906,77712,2026-06-15,11:26:04,Движения нет,f
4453293606,196777,2026-06-15,11:26:05,0.01,f
3404739841,228399,2026-06-15,11:26:06,Норма,f
4453293513,268158,2026-06-15,11:26:06,0.01,f
4453293495,268158,2026-06-15,11:26:06,0.00,f
4453293546,230493,2026-06-15,11:26:06,0.00,f
4453293542,230543,2026-06-15,11:26:06,0.02,f
3404739850,228399,2026-06-15,11:26:06,Не замкнут,t
4453293627,196796,2026-06-15,11:26:07,0.01,f
4453293633,196729,2026-06-15,11:26:07,0.01,f
3404739923,2884,2026-06-15,11:26:07,Обнаружено движение,f
3404739942,77770,2026-06-15,11:26:07,Обнаружено движение,f
4453293634,196768,2026-06-15,11:26:07,0.00,f
4453293520,268143,2026-06-15,11:26:08,0.02,f
4453293650,196726,2026-06-15,11:26:08,0.01,f
3404739958,2884,2026-06-15,11:26:09,Движения нет,f
3404739959,77770,2026-06-15,11:26:09,Движения нет,f
4453293669,196789,2026-06-15,11:26:09,0.01,f
4453293660,196762,2026-06-15,11:26:09,0.01,f
3404739971,77770,2026-06-15,11:26:10,Обнаружено движение,f
4453293686,196723,2026-06-15,11:26:10,0.00,f
3404739893,228399,2026-06-15,11:26:10,Норма,f
3404739898,228399,2026-06-15,11:26:10,Не замкнут,t
4453293701,196789,2026-06-15,11:26:11,0.00,f
4453293580,268143,2026-06-15,11:26:11,0.01,f
4453293565,268158,2026-06-15,11:26:11,0.00,f
4453293708,196783,2026-06-15,11:26:11,0.00,f
3404740004,77770,2026-06-15,11:26:11,Движения нет,f
4453293707,196777,2026-06-15,11:26:11,0.00,f
4453293721,196731,2026-06-15,11:26:12,0.01,f
4453293726,196768,2026-06-15,11:26:12,0.01,f
3404741147,266610,2026-06-15,11:26:12,Не замкнут,f
3404741150,266607,2026-06-15,11:26:12,Не замкнут,f
4453293594,268143,2026-06-15,11:26:13,0.02,f
4453293615,268158,2026-06-15,11:26:13,0.01,f
4453293740,196796,2026-06-15,11:26:13,0.00,f
4453293750,196751,2026-06-15,11:26:14,0.01,f
3404739957,228399,2026-06-15,11:26:14,Норма,f
4453293782,196733,2026-06-15,11:26:15,0.01,f
4453293778,196796,2026-06-15,11:26:15,0.01,f
3404740063,77836,2026-06-15,11:26:16,Норма,f
3404739969,228399,2026-06-15,11:26:16,Не замкнут,t
4453293800,196729,2026-06-15,11:26:16,0.02,f
4453293822,196733,2026-06-15,11:26:17,0.00,f
3404740009,228399,2026-06-15,11:26:18,Не замкнут,t
3404739997,228399,2026-06-15,11:26:18,Норма,f
4453293842,104054,2026-06-15,11:26:18,0.03,f
4453293835,196789,2026-06-15,11:26:18,0.01,f
4453293840,104047,2026-06-15,11:26:18,0.09,f
4453293848,196764,2026-06-15,11:26:19,0.01,f
3404740034,228399,2026-06-15,11:26:20,Не замкнут,t
3404740022,228399,2026-06-15,11:26:20,Норма,f
3404740040,228399,2026-06-15,11:26:20,Норма,f
4453293861,196777,2026-06-15,11:26:20,0.01,f
4453293865,196756,2026-06-15,11:26:20,0.01,f
4453293866,196761,2026-06-15,11:26:20,0.00,f
4453293748,268143,2026-06-15,11:26:21,0.02,f
4453293731,268143,2026-06-15,11:26:21,0.01,f
4453293878,196764,2026-06-15,11:26:21,0.00,f
4453293879,196728,2026-06-15,11:26:21,0.00,f
4453293913,196767,2026-06-15,11:26:22,0.00,f
4453293906,196733,2026-06-15,11:26:22,0.01,f
4453293905,196731,2026-06-15,11:26:22,0.00,f
3404740070,228399,2026-06-15,11:26:22,Не замкнут,t
4453293828,230543,2026-06-15,11:26:22,0.00,f
3404740061,228399,2026-06-15,11:26:22,Норма,f
3404740052,228399,2026-06-15,11:26:22,Не замкнут,t
4453293769,288276,2026-06-15,11:26:22,0.00,f
4453293910,196777,2026-06-15,11:26:22,0.00,f
4453293922,196745,2026-06-15,11:26:23,0.01,f
4453293921,196768,2026-06-15,11:26:23,0.00,f
4453293920,196764,2026-06-15,11:26:23,0.01,f
4453293789,288276,2026-06-15,11:26:24,0.01,f
4453293936,196731,2026-06-15,11:26:24,0.01,f
4453293935,196725,2026-06-15,11:26:24,0.00,f
3404740082,228399,2026-06-15,11:26:24,Норма,f
4453293805,268143,2026-06-15,11:26:25,0.01,f
3404740186,3092,2026-06-15,11:26:25,Обнаружено движение,f
4453293978,196745,2026-06-15,11:26:26,0.00,f
4453293985,196756,2026-06-15,11:26:26,0.00,f
4453293972,196733,2026-06-15,11:26:26,0.00,f
3404740121,228399,2026-06-15,11:26:26,Не замкнут,t
3404741453,266605,2026-06-15,11:26:26,Обнаружено движение,f
4453293825,288276,2026-06-15,11:26:26,0.00,f
4453293998,116072,2026-06-15,11:26:27,0.20,f
4453294023,196756,2026-06-15,11:26:28,0.01,f
3404740146,228399,2026-06-15,11:26:28,Норма,f
3404740155,228399,2026-06-15,11:26:28,Не замкнут,t
3404741498,266605,2026-06-15,11:26:28,Движения нет,f
4453294030,196764,2026-06-15,11:26:29,0.00,f
3404740260,3092,2026-06-15,11:26:29,Движения нет,f
4453293903,288276,2026-06-15,11:26:30,0.01,f
3404740185,228399,2026-06-15,11:26:30,Норма,f
3404740193,228399,2026-06-15,11:26:30,Не замкнут,t
4453293934,268143,2026-06-15,11:26:31,0.02,f
4453294063,196780,2026-06-15,11:26:31,0.01,f
4453294079,196725,2026-06-15,11:26:32,0.01,f
4453294084,196736,2026-06-15,11:26:32,0.01,f
3404740224,228399,2026-06-15,11:26:32,Норма,f
3404740230,228399,2026-06-15,11:26:32,Не замкнут,t
3404740304,3089,2026-06-15,11:26:33,Не замкнут,f
4453294099,196733,2026-06-15,11:26:33,0.01,f
4453294102,196764,2026-06-15,11:26:33,0.01,f
4453294114,196731,2026-06-15,11:26:34,0.00,f
3404741627,267036,2026-06-15,11:26:34,Есть питание,f
3404740322,3002,2026-06-15,11:26:34,Не замкнут,f
4453294108,147208,2026-06-15,11:26:34,0.05,f
4453294147,196751,2026-06-15,11:26:36,0.00,f
3404740189,196480,2026-06-15,11:26:36,Обнаружено движение,f
4453294060,230543,2026-06-15,11:26:36,0.02,f
3404740277,228399,2026-06-15,11:26:36,Норма,f
4453294131,196740,2026-06-15,11:26:36,0.01,f
4453294144,196730,2026-06-15,11:26:36,0.01,f
4453294146,196731,2026-06-15,11:26:36,0.01,f
4453294139,213353,2026-06-15,11:26:36,0.04,f
3404740356,3002,2026-06-15,11:26:37,Норма,f
4453294025,268143,2026-06-15,11:26:37,0.01,f
3404740303,228399,2026-06-15,11:26:38,Не замкнут,t
4453294167,196740,2026-06-15,11:26:38,0.00,f
4453294184,196730,2026-06-15,11:26:38,0.00,f
4453294185,196751,2026-06-15,11:26:38,0.01,f
3404740368,3089,2026-06-15,11:26:38,Норма,f
4453294198,196768,2026-06-15,11:26:39,0.01,f
4453294215,196730,2026-06-15,11:26:40,0.01,f
4453294220,196774,2026-06-15,11:26:40,0.01,f
3404740263,196480,2026-06-15,11:26:41,Движения нет,f
4453294251,196768,2026-06-15,11:26:41,0.00,f
4453294253,196733,2026-06-15,11:26:41,0.00,f
4453294229,196736,2026-06-15,11:26:41,0.00,f
4453294234,196756,2026-06-15,11:26:41,0.00,f
4453294228,196751,2026-06-15,11:26:41,0.00,f
3404740343,228399,2026-06-15,11:26:42,Норма,f
3404740361,228399,2026-06-15,11:26:42,Не замкнут,t
3404740287,196480,2026-06-15,11:26:43,Обнаружено движение,f
4453294295,196740,2026-06-15,11:26:44,0.01,f
4453294299,196755,2026-06-15,11:26:44,0.00,f
4453294308,196768,2026-06-15,11:26:44,0.01,f
3404740383,228399,2026-06-15,11:26:44,Норма,f
4453294314,196752,2026-06-15,11:26:45,0.00,f
3404740450,2884,2026-06-15,11:26:45,Обнаружено движение,f
4453294322,196789,2026-06-15,11:26:45,0.00,f
4453294328,196767,2026-06-15,11:26:46,0.01,f
3404740332,196480,2026-06-15,11:26:46,Движения нет,f
3404740412,228399,2026-06-15,11:26:46,Не замкнут,t
3404740404,228399,2026-06-15,11:26:46,Норма,f
3404740393,228399,2026-06-15,11:26:46,Не замкнут,t
3404740497,2884,2026-06-15,11:26:47,Движения нет,f
4453294342,196768,2026-06-15,11:26:47,0.00,f
4453294345,196780,2026-06-15,11:26:47,0.00,f
4453294352,196774,2026-06-15,11:26:47,0.00,f
4453294357,196753,2026-06-15,11:26:47,0.01,f
3404740417,228399,2026-06-15,11:26:48,Норма,f
3404740429,228399,2026-06-15,11:26:48,Не замкнут,t
4453295696,267423,2026-06-15,11:26:48,0.02,f
4453294388,196774,2026-06-15,11:26:49,0.01,f
4453294387,196780,2026-06-15,11:26:49,0.01,f
3404740353,196480,2026-06-15,11:26:49,Обнаружено движение,f
4453294409,196740,2026-06-15,11:26:50,0.00,f
3404740459,228399,2026-06-15,11:26:50,Норма,f
3404740474,228399,2026-06-15,11:26:50,Не замкнут,t
4453294408,196761,2026-06-15,11:26:50,0.01,f
4453294427,196753,2026-06-15,11:26:51,0.00,f
3404740380,196491,2026-06-15,11:26:51,Обнаружено движение,f
4453295746,278331,2026-06-15,11:26:52,0.02,f
3404740398,196480,2026-06-15,11:26:52,Движения нет,f
3404740483,228399,2026-06-15,11:26:52,Норма,f
3404740500,228399,2026-06-15,11:26:52,Не замкнут,t
4453294452,196780,2026-06-15,11:26:53,0.00,f
3404740536,228399,2026-06-15,11:26:54,Норма,f
3404740516,228399,2026-06-15,11:26:54,Норма,f
4453294347,288276,2026-06-15,11:26:54,0.00,f
4453294389,230543,2026-06-15,11:26:54,0.01,f
3404740522,330577,2026-06-15,11:26:54,Не замкнут,f
3404740529,228399,2026-06-15,11:26:54,Не замкнут,t
4453294472,196734,2026-06-15,11:26:54,0.00,f
4453294480,196768,2026-06-15,11:26:55,0.01,f
4453294490,196753,2026-06-15,11:26:55,0.01,f
4453294496,196731,2026-06-15,11:26:56,0.00,f
3404740562,228399,2026-06-15,11:26:56,Не замкнут,t
3404740464,196503,2026-06-15,11:26:56,Обнаружено движение,f
4453294494,196730,2026-06-15,11:26:56,0.00,f
3404740681,77770,2026-06-15,11:26:57,Обнаружено движение,f
3404740482,196491,2026-06-15,11:26:57,Движения нет,f
4453294518,196726,2026-06-15,11:26:57,0.00,f
3404740700,77690,2026-06-15,11:26:58,Обнаружено движение,f
4453294536,196730,2026-06-15,11:26:58,0.01,f
4453294537,196733,2026-06-15,11:26:58,0.01,f
3404740598,228399,2026-06-15,11:26:58,Не замкнут,t
3404740701,77770,2026-06-15,11:26:58,Движения нет,f
3404740600,330577,2026-06-15,11:26:58,Норма,f
3404740588,228399,2026-06-15,11:26:58,Норма,f
4453294449,230543,2026-06-15,11:26:58,0.04,f
3404740718,77690,2026-06-15,11:26:59,Движения нет,f
3404740624,228399,2026-06-15,11:27:00,Норма,f
3404740635,228399,2026-06-15,11:27:00,Не замкнут,t
4453295867,267423,2026-06-15,11:27:00,0.01,f
3404740507,196499,2026-06-15,11:27:00,Обнаружено движение,f
3404740525,196503,2026-06-15,11:27:01,Движения нет,f
4453294582,196729,2026-06-15,11:27:01,0.01,f
3404740537,196499,2026-06-15,11:27:02,Движения нет,f
3404740538,196503,2026-06-15,11:27:02,Обнаружено движение,f
3404740779,77770,2026-06-15,11:27:02,Обнаружено движение,f
3404740656,228399,2026-06-15,11:27:02,Норма,f
4453295909,267423,2026-06-15,11:27:02,0.02,f
4453295920,267423,2026-06-15,11:27:02,0.01,f
4453294488,288146,2026-06-15,11:27:02,0.01,f
3404740795,77770,2026-06-15,11:27:03,Движения нет,f
4453294623,196752,2026-06-15,11:27:03,0.01,f
4453294617,196729,2026-06-15,11:27:03,0.00,f
3404740703,228399,2026-06-15,11:27:04,Норма,f
4453294554,230543,2026-06-15,11:27:04,0.01,f
3404740684,228399,2026-06-15,11:27:04,Не замкнут,t
4453294634,196772,2026-06-15,11:27:04,0.01,f
4453294648,196789,2026-06-15,11:27:05,0.01,f
3404740823,77770,2026-06-15,11:27:05,Обнаружено движение,f
4453294653,147208,2026-06-15,11:27:05,0.04,f
4453294559,288146,2026-06-15,11:27:06,0.00,f
4453294594,230543,2026-06-15,11:27:06,0.02,f
4453294671,196774,2026-06-15,11:27:06,0.00,f
4453294686,196789,2026-06-15,11:27:07,0.00,f
3404740841,77770,2026-06-15,11:27:07,Движения нет,f
4453294586,288146,2026-06-15,11:27:08,0.01,f
4453294712,196774,2026-06-15,11:27:08,0.01,f
4453296013,267423,2026-06-15,11:27:08,0.02,f
4453294726,147199,2026-06-15,11:27:09,0.05,f
3404740664,196503,2026-06-15,11:27:09,Движения нет,f
3404740877,77770,2026-06-15,11:27:09,Обнаружено движение,f
4453294728,196796,2026-06-15,11:27:09,0.00,f
4453294723,196762,2026-06-15,11:27:09,0.00,f
4453294747,196760,2026-06-15,11:27:10,0.01,f
4453294597,288146,2026-06-15,11:27:10,0.00,f
4453294611,288276,2026-06-15,11:27:10,0.01,f
3404740897,77770,2026-06-15,11:27:10,Движения нет,f
3404740794,228399,2026-06-15,11:27:10,Не замкнут,t
3404740810,228399,2026-06-15,11:27:10,Норма,f
3404740683,196503,2026-06-15,11:27:10,Обнаружено движение,f
4453294767,196789,2026-06-15,11:27:11,0.01,f
4453294622,268158,2026-06-15,11:27:11,0.00,f
3404740886,197150,2026-06-15,11:27:11,Выключен,f
4453294652,288146,2026-06-15,11:27:12,0.01,f
4453294774,196743,2026-06-15,11:27:12,0.01,f
3404740833,228399,2026-06-15,11:27:12,Не замкнут,t
4453294805,196733,2026-06-15,11:27:13,0.00,f
4453294644,268143,2026-06-15,11:27:13,0.02,f
4453294665,268143,2026-06-15,11:27:13,0.01,f
3404740952,197149,2026-06-15,11:27:14,Выключен,f
4453294691,288146,2026-06-15,11:27:14,0.00,f
3404740766,196499,2026-06-15,11:27:14,Обнаружено движение,f
4453294819,196760,2026-06-15,11:27:14,0.00,f
4453294849,196733,2026-06-15,11:27:15,0.01,f
4453294703,268143,2026-06-15,11:27:15,0.02,f
3404740828,268105,2026-06-15,11:27:15,Выключен,f
3404740905,228399,2026-06-15,11:27:16,Не замкнут,t
3404740892,228399,2026-06-15,11:27:16,Норма,f
4453294859,196755,2026-06-15,11:27:16,0.01,f
4453294868,196780,2026-06-15,11:27:16,0.01,f
4453294869,196768,2026-06-15,11:27:16,0.00,f
4453294736,288146,2026-06-15,11:27:16,0.01,f
3404740800,196499,2026-06-15,11:27:16,Движения нет,f
4453294751,288146,2026-06-15,11:27:18,0.00,f
4453294900,196780,2026-06-15,11:27:18,0.00,f
3404741021,77770,2026-06-15,11:27:18,Обнаружено движение,f
3404740932,228399,2026-06-15,11:27:18,Норма,f
4453296237,267423,2026-06-15,11:27:18,0.01,f
3404741041,77712,2026-06-15,11:27:19,Обнаружено движение,f
3404741043,77836,2026-06-15,11:27:19,Не замкнут,t
4453294938,104047,2026-06-15,11:27:20,0.08,f
3404740966,228399,2026-06-15,11:27:20,Не замкнут,t
3404740976,228399,2026-06-15,11:27:20,Норма,f
4453296262,278331,2026-06-15,11:27:20,0.01,f
4453294931,196786,2026-06-15,11:27:20,0.01,f
4453294932,196790,2026-06-15,11:27:20,0.01,f
4453294937,196780,2026-06-15,11:27:20,0.01,f
3404741079,77712,2026-06-15,11:27:20,Движения нет,f
3404740865,196499,2026-06-15,11:27:21,Обнаружено движение,f
4453294800,268158,2026-06-15,11:27:21,0.01,f
4453294940,196730,2026-06-15,11:27:21,0.00,f
3404740986,228399,2026-06-15,11:27:22,Не замкнут,t
4453294962,196772,2026-06-15,11:27:22,0.00,f
4453294968,196761,2026-06-15,11:27:22,0.00,f
4453294971,196790,2026-06-15,11:27:22,0.00,f
3404740902,196503,2026-06-15,11:27:23,Движения нет,f
3404741126,77712,2026-06-15,11:27:23,Обнаружено движение,f
3404741127,77770,2026-06-15,11:27:23,Движения нет,f
4453296330,267423,2026-06-15,11:27:24,0.02,f
3404741023,228399,2026-06-15,11:27:24,Не замкнут,t
3404740919,196499,2026-06-15,11:27:24,Движения нет,f
4453294998,196783,2026-06-15,11:27:24,0.01,f
3404741142,77712,2026-06-15,11:27:24,Движения нет,f
3404741013,228399,2026-06-15,11:27:24,Норма,f
3404741066,228399,2026-06-15,11:27:26,Норма,f
3404741086,228399,2026-06-15,11:27:26,Не замкнут,t
4453295048,196790,2026-06-15,11:27:26,0.01,f
4453295032,196733,2026-06-15,11:27:26,0.00,f
4453295034,196764,2026-06-15,11:27:26,0.00,f
4453295036,196783,2026-06-15,11:27:26,0.00,f
4453295056,196764,2026-06-15,11:27:27,0.01,f
3404741166,2992,2026-06-15,11:27:27,Не замкнут,f
4453295079,196725,2026-06-15,11:27:28,0.00,f
3404740998,196503,2026-06-15,11:27:28,Обнаружено движение,f
4453295085,196761,2026-06-15,11:27:28,0.01,f
4453295076,196767,2026-06-15,11:27:28,0.00,f
3404741221,77770,2026-06-15,11:27:29,Обнаружено движение,f
4453295093,196728,2026-06-15,11:27:29,0.01,f
4453295120,196761,2026-06-15,11:27:30,0.00,f
4453295118,116067,2026-06-15,11:27:30,0.02,f
3404741250,77770,2026-06-15,11:27:30,Движения нет,f
4453295133,196780,2026-06-15,11:27:31,0.00,f
4453295135,196752,2026-06-15,11:27:31,0.00,f
4453295139,196753,2026-06-15,11:27:31,0.00,f
4453294997,268143,2026-06-15,11:27:31,0.01,f
3404741186,228399,2026-06-15,11:27:32,Норма,f
4453295153,196774,2026-06-15,11:27:32,0.00,f
3404741310,77770,2026-06-15,11:27:32,Обнаружено движение,f
3404741326,77770,2026-06-15,11:27:33,Движения нет,f
4453295013,268143,2026-06-15,11:27:33,0.02,f
3404741085,196503,2026-06-15,11:27:33,Движения нет,f
3404741217,228399,2026-06-15,11:27:34,Норма,f
3404741100,196503,2026-06-15,11:27:34,Обнаружено движение,f
3404741202,228399,2026-06-15,11:27:34,Не замкнут,t
4453295182,196761,2026-06-15,11:27:34,0.01,f
4453295191,196784,2026-06-15,11:27:35,0.01,f
3404741373,77770,2026-06-15,11:27:35,Обнаружено движение,f
3404741232,228399,2026-06-15,11:27:36,Не замкнут,t
3404741246,228399,2026-06-15,11:27:36,Норма,f
3404741257,228399,2026-06-15,11:27:36,Не замкнут,t
4453295216,196783,2026-06-15,11:27:36,0.01,f
3404741183,196892,2026-06-15,11:27:37,Обнаружено движение,f
4453295233,196784,2026-06-15,11:27:37,0.00,f
4453295238,196752,2026-06-15,11:27:37,0.01,f
3404741389,77770,2026-06-15,11:27:37,Движения нет,f
3404741392,2866,2026-06-15,11:27:38,Обнаружено движение,f
3404741291,228399,2026-06-15,11:27:38,Не замкнут,t
4453295250,213352,2026-06-15,11:27:38,0.04,f
3404741274,228399,2026-06-15,11:27:38,Норма,f
4453295252,196774,2026-06-15,11:27:38,0.01,f
4453295268,196768,2026-06-15,11:27:39,0.01,f
4453295271,196752,2026-06-15,11:27:39,0.00,f
4453295208,230543,2026-06-15,11:27:40,0.05,f
3404741236,196892,2026-06-15,11:27:40,Движения нет,f
4453295282,196774,2026-06-15,11:27:40,0.00,f
4453295285,147199,2026-06-15,11:27:40,0.06,f
3404741483,2866,2026-06-15,11:27:41,Движения нет,f
3404741209,196503,2026-06-15,11:27:41,Движения нет,f
3404741258,196892,2026-06-15,11:27:41,Обнаружено движение,f
4453295302,196732,2026-06-15,11:27:41,0.01,f
4453295305,196743,2026-06-15,11:27:42,0.00,f
3404741277,196892,2026-06-15,11:27:42,Движения нет,f
3404741492,95485,2026-06-15,11:27:42,Есть питание,f
4453295246,230543,2026-06-15,11:27:42,0.04,f
4453295343,196784,2026-06-15,11:27:43,0.01,f
3404741318,196892,2026-06-15,11:27:44,Обнаружено движение,f
4453295213,288306,2026-06-15,11:27:44,0.01,f
4453295227,288306,2026-06-15,11:27:44,0.00,f
3404741289,196503,2026-06-15,11:27:44,Обнаружено движение,f
4453295349,196743,2026-06-15,11:27:44,0.01,f
3404741439,228399,2026-06-15,11:27:44,Норма,f
3404741338,196892,2026-06-15,11:27:45,Движения нет,f
4453295380,196784,2026-06-15,11:27:45,0.00,f
4453295404,196774,2026-06-15,11:27:46,0.01,f
4453295403,196772,2026-06-15,11:27:46,0.01,f
3404741452,228399,2026-06-15,11:27:46,Не замкнут,t
4453295419,196784,2026-06-15,11:27:47,0.01,f
4453295296,288196,2026-06-15,11:27:48,0.01,f
3404741520,228399,2026-06-15,11:27:48,Не замкнут,t
3404741525,228399,2026-06-15,11:27:48,Норма,f
3404741506,228399,2026-06-15,11:27:48,Норма,f
3404741616,2866,2026-06-15,11:27:48,Обнаружено движение,f
4453295425,196743,2026-06-15,11:27:48,0.00,f
4453295430,196755,2026-06-15,11:27:48,0.00,f
3404741636,2866,2026-06-15,11:27:49,Движения нет,f
4453295389,230543,2026-06-15,11:27:50,0.00,f
4453295328,288196,2026-06-15,11:27:50,0.00,f
4453295478,196755,2026-06-15,11:27:50,0.01,f
3404741534,228399,2026-06-15,11:27:50,Не замкнут,t
4453295506,104047,2026-06-15,11:27:51,0.09,f
3404741412,196499,2026-06-15,11:27:51,Обнаружено движение,f
4453295489,196774,2026-06-15,11:27:51,0.00,f
3404741662,2866,2026-06-15,11:27:51,Обнаружено движение,f
3404741597,228399,2026-06-15,11:27:52,Норма,f
3404741612,228399,2026-06-15,11:27:52,Не замкнут,t
3404741464,196503,2026-06-15,11:27:52,Движения нет,f
4453295509,196784,2026-06-15,11:27:52,0.00,f
4453295520,196755,2026-06-15,11:27:52,0.00,f
3404741690,2866,2026-06-15,11:27:52,Движения нет,f
3404741489,196499,2026-06-15,11:27:53,Движения нет,f
4453295535,213790,2026-06-15,11:27:53,0.11,f
3404741630,228399,2026-06-15,11:27:54,Норма,f
4453295386,268173,2026-06-15,11:27:54,0.25,f
4453295536,196732,2026-06-15,11:27:54,0.00,f
4453295538,196764,2026-06-15,11:27:54,0.00,f
4453295558,196768,2026-06-15,11:27:55,0.02,f
3404741152,93221,2026-06-15,11:27:55,Обнаружено движение,f
4453295572,196789,2026-06-15,11:27:55,0.00,f
4453295439,288226,2026-06-15,11:27:56,0.04,f
3404741655,228399,2026-06-15,11:27:56,Не замкнут,t
3404741768,77770,2026-06-15,11:27:56,Обнаружено движение,f
3404741694,228399,2026-06-15,11:27:58,Норма,f
3404741772,2866,2026-06-15,11:27:58,Обнаружено движение,f
3404741596,196499,2026-06-15,11:27:58,Обнаружено движение,f
3404741242,93221,2026-06-15,11:27:59,Движения нет,f
3404741811,2866,2026-06-15,11:28:00,Движения нет,f
3404741721,228399,2026-06-15,11:28:00,Не замкнут,t
3404741818,77770,2026-06-15,11:28:00,Движения нет,f
3404741619,196503,2026-06-15,11:28:00,Обнаружено движение,f
4453295524,268173,2026-06-15,11:28:00,0.24,f
4453295669,196768,2026-06-15,11:28:01,0.01,f
3404741641,196499,2026-06-15,11:28:01,Движения нет,f
4453295676,116067,2026-06-15,11:28:01,0.03,f
4453295675,196736,2026-06-15,11:28:01,0.01,f
3404741764,228399,2026-06-15,11:28:02,Норма,f
4453295537,268173,2026-06-15,11:28:02,0.25,f
4453297006,278331,2026-06-15,11:28:02,0.02,f
3404741771,228399,2026-06-15,11:28:02,Не замкнут,t
4453295704,196723,2026-06-15,11:28:03,0.01,f
4453295716,196736,2026-06-15,11:28:04,0.00,f
4453295726,196761,2026-06-15,11:28:04,0.00,f
3404742293,144834,2026-06-15,11:28:05,Не замкнут,f
4453295734,196784,2026-06-15,11:28:05,0.01,f
4453295739,196768,2026-06-15,11:28:05,0.02,f
4453295741,196736,2026-06-15,11:28:05,0.01,f
3404741352,93545,2026-06-15,11:28:05,Не замкнут,f
3404741702,196503,2026-06-15,11:28:05,Движения нет,f
3404741847,2866,2026-06-15,11:28:05,Обнаружено движение,f
4453295758,196772,2026-06-15,11:28:06,0.00,f
3404741876,2866,2026-06-15,11:28:06,Движения нет,f
3404741741,196503,2026-06-15,11:28:07,Обнаружено движение,f
4453295779,196738,2026-06-15,11:28:07,0.01,f
4453295784,196760,2026-06-15,11:28:07,0.01,f
4453295776,196764,2026-06-15,11:28:07,0.01,f
3404741900,2866,2026-06-15,11:28:08,Обнаружено движение,f
4453297106,278331,2026-06-15,11:28:08,0.01,f
4453295796,196753,2026-06-15,11:28:08,0.01,f
4453295802,196785,2026-06-15,11:28:09,0.01,f
4453295816,196760,2026-06-15,11:28:09,0.00,f
3404741930,2866,2026-06-15,11:28:10,Движения нет,f
4453295834,147199,2026-06-15,11:28:11,0.05,f
3404741507,93545,2026-06-15,11:28:12,Норма,f
3404742399,144767,2026-06-15,11:28:12,Обнаружено движение,f
3404741973,2866,2026-06-15,11:28:12,Обнаружено движение,f
3404741817,196499,2026-06-15,11:28:13,Обнаружено движение,f
4453295863,196764,2026-06-15,11:28:13,0.00,f
4453295862,196746,2026-06-15,11:28:13,0.01,f
3404741990,2866,2026-06-15,11:28:13,Движения нет,f
3404742427,144834,2026-06-15,11:28:14,Норма,f
4453295876,196760,2026-06-15,11:28:14,0.01,f
3404741831,196503,2026-06-15,11:28:14,Движения нет,f
3404741840,196499,2026-06-15,11:28:15,Движения нет,f
4453295910,196738,2026-06-15,11:28:15,0.00,f
4453295904,196784,2026-06-15,11:28:15,0.00,f
4453295902,196729,2026-06-15,11:28:15,0.01,f
4453295901,196728,2026-06-15,11:28:15,0.02,f
4453295900,196723,2026-06-15,11:28:15,0.00,f
4453295895,196759,2026-06-15,11:28:15,0.03,f
4453297228,278331,2026-06-15,11:28:16,0.02,f
3404741858,196491,2026-06-15,11:28:16,Обнаружено движение,f
3404741959,228399,2026-06-15,11:28:16,Норма,f
3404741969,333641,2026-06-15,11:28:17,Включен,f
4453295825,268158,2026-06-15,11:28:17,0.00,f
4453295934,196729,2026-06-15,11:28:17,0.00,f
4453295931,196728,2026-06-15,11:28:17,0.01,f
4453295922,196759,2026-06-15,11:28:17,0.00,f
4453295856,230543,2026-06-15,11:28:18,0.01,f
3404742002,228399,2026-06-15,11:28:18,Не замкнут,t
3404742072,2866,2026-06-15,11:28:18,Обнаружено движение,f
4453295947,196760,2026-06-15,11:28:18,0.00,f
3404742506,144767,2026-06-15,11:28:18,Движения нет,f
4453295846,268173,2026-06-15,11:28:19,0.24,f
4453295833,268158,2026-06-15,11:28:19,0.01,f
4453295970,196727,2026-06-15,11:28:19,0.01,f
4453295972,196729,2026-06-15,11:28:19,0.01,f
3404742521,144767,2026-06-15,11:28:19,Обнаружено движение,f
3404742079,2866,2026-06-15,11:28:19,Движения нет,f
3404742038,228399,2026-06-15,11:28:20,Не замкнут,t
3404742026,228399,2026-06-15,11:28:20,Норма,f
4453295896,230543,2026-06-15,11:28:20,0.00,f
3404742542,144767,2026-06-15,11:28:20,Движения нет,f
4453295989,196785,2026-06-15,11:28:20,0.00,f
4453295999,196780,2026-06-15,11:28:20,0.01,f
4453296014,196727,2026-06-15,11:28:21,0.00,f
3404742073,228399,2026-06-15,11:28:22,Не замкнут,t
3404742059,228399,2026-06-15,11:28:22,Норма,f
4453295872,268173,2026-06-15,11:28:22,0.25,f
4453296018,196743,2026-06-15,11:28:22,0.01,f
4453296051,104054,2026-06-15,11:28:22,0.02,f
3404741946,196491,2026-06-15,11:28:23,Движения нет,f
3404742152,2866,2026-06-15,11:28:23,Обнаружено движение,f
3404741947,196503,2026-06-15,11:28:23,Обнаружено движение,f
4453295898,268158,2026-06-15,11:28:24,0.00,f
4453296065,196743,2026-06-15,11:28:24,0.00,f
4453296070,196790,2026-06-15,11:28:24,0.00,f
4453296058,196727,2026-06-15,11:28:24,0.01,f
4453296060,196728,2026-06-15,11:28:24,0.00,f
3404742102,228399,2026-06-15,11:28:24,Не замкнут,t
3404742081,228399,2026-06-15,11:28:24,Норма,f
3404743603,267383,2026-06-15,11:28:24,Норма,f
4453296090,196789,2026-06-15,11:28:25,0.01,f
3404742176,2866,2026-06-15,11:28:25,Движения нет,f
4453296100,213780,2026-06-15,11:28:25,0.02,f
4453296096,196783,2026-06-15,11:28:26,0.00,f
3404742187,2866,2026-06-15,11:28:26,Обнаружено движение,f
3404742108,228399,2026-06-15,11:28:26,Норма,f
4453296124,196756,2026-06-15,11:28:27,0.01,f
4453296127,196759,2026-06-15,11:28:27,0.03,f
4453296129,196789,2026-06-15,11:28:27,0.00,f
3404742041,196499,2026-06-15,11:28:28,Обнаружено движение,f
4453296136,196728,2026-06-15,11:28:28,0.01,f
4453296143,196764,2026-06-15,11:28:28,0.01,f
4453296152,196786,2026-06-15,11:28:28,0.00,f
3404742075,196503,2026-06-15,11:28:29,Движения нет,f
4453296159,196780,2026-06-15,11:28:29,0.00,f
4453296160,196765,2026-06-15,11:28:29,0.01,f
4453296162,196752,2026-06-15,11:28:29,0.01,f
4453296184,196728,2026-06-15,11:28:30,0.00,f
3404742268,2866,2026-06-15,11:28:31,Движения нет,f
3404742088,196499,2026-06-15,11:28:31,Движения нет,f
4453296205,196768,2026-06-15,11:28:31,0.00,f
4453296210,196746,2026-06-15,11:28:31,0.00,f
4453296211,196752,2026-06-15,11:28:31,0.00,f
4453296215,196756,2026-06-15,11:28:31,0.00,f
4453296225,196784,2026-06-15,11:28:32,0.01,f
4453296144,230543,2026-06-15,11:28:32,0.01,f
4453296230,196764,2026-06-15,11:28:32,0.00,f
4453296228,196728,2026-06-15,11:28:32,0.01,f
4453296242,196728,2026-06-15,11:28:33,0.00,f
4453296259,196753,2026-06-15,11:28:33,0.00,f
3404742314,103941,2026-06-15,11:28:33,Есть питание,f
4453296241,196780,2026-06-15,11:28:33,0.01,f
3404742142,196967,2026-06-15,11:28:33,Норма,f
4453296245,196765,2026-06-15,11:28:33,0.00,f
4453296249,196746,2026-06-15,11:28:33,0.01,f
3404742311,2866,2026-06-15,11:28:33,Обнаружено движение,f
4453296137,288226,2026-06-15,11:28:33,0.05,f
4453296279,196764,2026-06-15,11:28:35,0.01,f
4453296292,196762,2026-06-15,11:28:35,0.01,f
3404742331,2866,2026-06-15,11:28:36,Движения нет,f
4453296318,196764,2026-06-15,11:28:37,0.00,f
4453296319,196765,2026-06-15,11:28:37,0.01,f
4453296325,196756,2026-06-15,11:28:37,0.01,f
4453296326,196762,2026-06-15,11:28:37,0.00,f
4453296343,196743,2026-06-15,11:28:38,0.01,f
4453296296,230543,2026-06-15,11:28:40,0.00,f
3404742417,2866,2026-06-15,11:28:41,Обнаружено движение,f
4453296382,196789,2026-06-15,11:28:41,0.01,f
4453296385,196728,2026-06-15,11:28:41,0.01,f
4453296386,196765,2026-06-15,11:28:41,0.00,f
3404742446,77690,2026-06-15,11:28:41,Обнаружено движение,f
4453296253,268158,2026-06-15,11:28:42,0.01,f
4453296404,196743,2026-06-15,11:28:42,0.00,f
3404742456,77690,2026-06-15,11:28:42,Движения нет,f
4453296407,196756,2026-06-15,11:28:43,0.02,f
4453296412,196759,2026-06-15,11:28:43,0.06,f
4453296417,196727,2026-06-15,11:28:43,0.00,f
4453296423,196764,2026-06-15,11:28:43,0.01,f
3404742470,77690,2026-06-15,11:28:43,Обнаружено движение,f
4453296285,268158,2026-06-15,11:28:44,0.00,f
3404742491,77690,2026-06-15,11:28:44,Движения нет,f
4453296320,268158,2026-06-15,11:28:46,0.01,f
4453296340,268158,2026-06-15,11:28:46,0.00,f
4453296461,196760,2026-06-15,11:28:46,0.01,f
4453296467,196790,2026-06-15,11:28:46,0.01,f
4453296487,196746,2026-06-15,11:28:47,0.00,f
3404742516,2866,2026-06-15,11:28:47,Движения нет,f
4453296476,196759,2026-06-15,11:28:47,0.03,f
4453296482,196784,2026-06-15,11:28:47,0.00,f
4453296483,196727,2026-06-15,11:28:47,0.01,f
4453296484,196765,2026-06-15,11:28:47,0.01,f
4453296502,196790,2026-06-15,11:28:48,0.00,f
4453296355,268158,2026-06-15,11:28:48,0.01,f
4453296509,196756,2026-06-15,11:28:49,0.01,f
4453296510,196759,2026-06-15,11:28:49,0.06,f
4453296515,196727,2026-06-15,11:28:49,0.00,f
4453296518,196746,2026-06-15,11:28:49,0.01,f
3404742555,2866,2026-06-15,11:28:49,Обнаружено движение,f
4453296523,196743,2026-06-15,11:28:50,0.01,f
4453296530,196762,2026-06-15,11:28:50,0.01,f
4453296535,196790,2026-06-15,11:28:50,0.01,f
4453296564,196779,2026-06-15,11:28:51,0.01,f
4453296566,196727,2026-06-15,11:28:51,0.01,f
4453296572,196764,2026-06-15,11:28:51,0.00,f
3404742580,2866,2026-06-15,11:28:51,Движения нет,f
4453296586,196736,2026-06-15,11:28:53,0.00,f
4453296598,196727,2026-06-15,11:28:53,0.00,f
4453296588,196756,2026-06-15,11:28:53,0.02,f
4453296595,196796,2026-06-15,11:28:53,0.01,f
3404742618,2866,2026-06-15,11:28:53,Обнаружено движение,f
4453296607,196760,2026-06-15,11:28:54,0.00,f
4453296529,230543,2026-06-15,11:28:54,0.02,f
4453296622,104054,2026-06-15,11:28:54,0.03,f
3404742551,333641,2026-06-15,11:28:55,Выключен,f
4453296644,196784,2026-06-15,11:28:56,0.01,f
4453296659,213780,2026-06-15,11:28:56,0.03,f
4453296660,213790,2026-06-15,11:28:56,0.09,f
3404742641,2866,2026-06-15,11:28:56,Движения нет,f
3404742652,2866,2026-06-15,11:28:57,Обнаружено движение,f
4453296669,196796,2026-06-15,11:28:57,0.00,f
3404742684,2866,2026-06-15,11:28:58,Движения нет,f
4453296691,196727,2026-06-15,11:28:58,0.01,f
3404742702,2866,2026-06-15,11:28:59,Обнаружено движение,f
3404742703,2880,2026-06-15,11:28:59,Обнаружено движение,f
3404742705,3001,2026-06-15,11:28:59,Не замкнут,f
4453296703,196762,2026-06-15,11:28:59,0.00,f
3404742720,2880,2026-06-15,11:29:00,Движения нет,f
4453296732,196727,2026-06-15,11:29:01,0.00,f
4453296749,196728,2026-06-15,11:29:02,0.00,f
4453296756,196743,2026-06-15,11:29:02,0.00,f
3404742780,2866,2026-06-15,11:29:03,Движения нет,f
4453296771,116068,2026-06-15,11:29:03,0.04,f
4453296774,196756,2026-06-15,11:29:03,0.01,f
4453296778,196728,2026-06-15,11:29:04,0.01,f
3404742796,77770,2026-06-15,11:29:04,Обнаружено движение,f
3404742793,2866,2026-06-15,11:29:04,Обнаружено движение,f
3404744236,266862,2026-06-15,11:29:04,Не замкнут,f
3404742794,2880,2026-06-15,11:29:05,Обнаружено движение,f
3404742814,77770,2026-06-15,11:29:05,Движения нет,f
3404742802,2880,2026-06-15,11:29:06,Движения нет,f
3404742828,77770,2026-06-15,11:29:06,Обнаружено движение,f
4453296816,196789,2026-06-15,11:29:07,0.00,f
3404744270,267378,2026-06-15,11:29:08,Норма,f
4453296837,196784,2026-06-15,11:29:08,0.00,f
4453296838,196771,2026-06-15,11:29:08,0.01,f
4453296842,196760,2026-06-15,11:29:08,0.01,f
3404742847,2866,2026-06-15,11:29:09,Движения нет,f
4453296858,196728,2026-06-15,11:29:09,0.00,f
4453296859,196729,2026-06-15,11:29:09,0.00,f
4453296860,196732,2026-06-15,11:29:09,0.01,f
4453296891,196760,2026-06-15,11:29:10,0.00,f
4453296888,196784,2026-06-15,11:29:10,0.01,f
4453296875,196790,2026-06-15,11:29:10,0.00,f
3404744284,266862,2026-06-15,11:29:10,Норма,f
4453296901,196723,2026-06-15,11:29:11,0.01,f
4453296902,196728,2026-06-15,11:29:11,0.01,f
4453296903,196729,2026-06-15,11:29:11,0.01,f
4453296904,196746,2026-06-15,11:29:11,0.00,f
3404742880,2866,2026-06-15,11:29:11,Обнаружено движение,f
4453296922,196779,2026-06-15,11:29:12,0.00,f
4453296921,213355,2026-06-15,11:29:12,0.02,f
3404742910,2866,2026-06-15,11:29:12,Движения нет,f
4453296931,196760,2026-06-15,11:29:13,0.01,f
4453296941,196784,2026-06-15,11:29:13,0.00,f
3404742925,2866,2026-06-15,11:29:13,Обнаружено движение,f
4453296947,196759,2026-06-15,11:29:14,0.00,f
4453296952,147199,2026-06-15,11:29:14,0.06,f
3404742948,77770,2026-06-15,11:29:14,Движения нет,f
4453296882,230543,2026-06-15,11:29:14,0.00,f
4453296973,196784,2026-06-15,11:29:15,0.01,f
4453296990,196774,2026-06-15,11:29:16,0.01,f
4453296992,196740,2026-06-15,11:29:16,0.01,f
3404742956,2866,2026-06-15,11:29:16,Движения нет,f
4453297002,196784,2026-06-15,11:29:17,0.00,f
4453296999,196765,2026-06-15,11:29:17,0.00,f
4453297011,196790,2026-06-15,11:29:18,0.01,f
4453297008,196760,2026-06-15,11:29:18,0.00,f
4453297038,196780,2026-06-15,11:29:19,0.00,f
4453297037,196771,2026-06-15,11:29:19,0.00,f
4453297036,196728,2026-06-15,11:29:19,0.00,f
4453297051,196779,2026-06-15,11:29:20,0.01,f
3404743014,2866,2026-06-15,11:29:20,Обнаружено движение,f
3404743027,2866,2026-06-15,11:29:21,Движения нет,f
4453297070,196780,2026-06-15,11:29:21,0.01,f
4453297088,196772,2026-06-15,11:29:22,0.01,f
4453297076,196752,2026-06-15,11:29:22,0.01,f
3404743038,2866,2026-06-15,11:29:22,Обнаружено движение,f
3404743071,2866,2026-06-15,11:29:24,Движения нет,f
4453297109,196752,2026-06-15,11:29:24,0.00,f
4453297118,196790,2026-06-15,11:29:24,0.00,f
4453297149,104054,2026-06-15,11:29:25,0.02,f
4453297148,196784,2026-06-15,11:29:26,0.01,f
3404743251,77770,2026-06-15,11:29:26,Обнаружено движение,f
4453297145,196777,2026-06-15,11:29:26,0.01,f
4453297146,196780,2026-06-15,11:29:26,0.00,f
4453297150,196752,2026-06-15,11:29:26,0.01,f
4453297158,196785,2026-06-15,11:29:26,0.01,f
4453297162,196780,2026-06-15,11:29:27,0.01,f
4453297014,268158,2026-06-15,11:29:27,0.01,f
3404743332,77770,2026-06-15,11:29:27,Движения нет,f
3404743165,2866,2026-06-15,11:29:27,Обнаружено движение,f
4453297122,330711,2026-06-15,11:29:27,15,f
4453297175,196728,2026-06-15,11:29:27,0.01,f
4453296997,268158,2026-06-15,11:29:27,0.00,f
4453297192,196774,2026-06-15,11:29:28,0.00,f
4453297184,196785,2026-06-15,11:29:28,0.00,f
4453297176,196784,2026-06-15,11:29:28,0.00,f
3404743359,77770,2026-06-15,11:29:29,Обнаружено движение,f
4453297049,268158,2026-06-15,11:29:29,0.00,f
3404743326,2866,2026-06-15,11:29:29,Движения нет,f
3404743351,2866,2026-06-15,11:29:30,Обнаружено движение,f
4453297134,230543,2026-06-15,11:29:30,0.04,f
4453297204,196779,2026-06-15,11:29:30,0.00,f
4453297210,196727,2026-06-15,11:29:30,0.01,f
4453297225,196785,2026-06-15,11:29:30,0.01,f
4453297227,196790,2026-06-15,11:29:30,0.01,f
3404743430,77770,2026-06-15,11:29:30,Движения нет,f
4453297213,196728,2026-06-15,11:29:30,0.00,f
3404743458,2866,2026-06-15,11:29:31,Движения нет,f
4453297234,196726,2026-06-15,11:29:31,0.01,f
4453297237,196752,2026-06-15,11:29:31,0.00,f
4453297292,196740,2026-06-15,11:29:32,0.00,f
4453297280,196771,2026-06-15,11:29:32,0.01,f
4453297318,196786,2026-06-15,11:29:32,0.01,f
3404744015,144836,2026-06-15,11:29:33,Не замкнут,f
4453297333,196780,2026-06-15,11:29:33,0.00,f
3404743516,2866,2026-06-15,11:29:33,Обнаружено движение,f
3404743562,2866,2026-06-15,11:29:34,Движения нет,f
4453297215,230543,2026-06-15,11:29:34,0.05,f
4453297355,196771,2026-06-15,11:29:34,0.00,f
4453297356,196779,2026-06-15,11:29:34,0.01,f
4453297357,196784,2026-06-15,11:29:34,0.01,f
4453297363,196761,2026-06-15,11:29:34,0.01,f
4453297364,196790,2026-06-15,11:29:34,0.00,f
4453297382,196771,2026-06-15,11:29:36,0.01,f
4453297383,196777,2026-06-15,11:29:36,0.00,f
4453297384,196784,2026-06-15,11:29:36,0.00,f
4453297395,196761,2026-06-15,11:29:36,0.00,f
4453297417,196789,2026-06-15,11:29:38,0.02,f
4453297423,196783,2026-06-15,11:29:38,0.01,f
4453297436,196786,2026-06-15,11:29:39,0.00,f
4453297444,196723,2026-06-15,11:29:39,0.00,f
4453297448,196738,2026-06-15,11:29:39,0.01,f
4453297453,196753,2026-06-15,11:29:39,0.01,f
3404744081,144836,2026-06-15,11:29:39,Норма,f
4453297463,196728,2026-06-15,11:29:40,0.01,f
3404743623,147808,2026-06-15,11:29:40,Включен,f
4453297464,196771,2026-06-15,11:29:40,0.00,f
4453297465,196772,2026-06-15,11:29:40,0.00,f
4453297466,196784,2026-06-15,11:29:40,0.01,f
4453297348,288226,2026-06-15,11:29:41,0.04,f
4453297492,196728,2026-06-15,11:29:41,0.00,f
4453297493,196774,2026-06-15,11:29:41,0.01,f
4453297482,196789,2026-06-15,11:29:41,0.00,f
3404743697,77770,2026-06-15,11:29:41,Обнаружено движение,f
4453297505,196777,2026-06-15,11:29:42,0.01,f
4453297513,196761,2026-06-15,11:29:42,0.01,f
4453297503,196725,2026-06-15,11:29:42,0.01,f
4453297523,196726,2026-06-15,11:29:43,0.00,f
4453297524,147207,2026-06-15,11:29:43,0.03,f
4453297534,196762,2026-06-15,11:29:43,0.01,f
4453297539,196733,2026-06-15,11:29:44,0.01,f
4453297540,196777,2026-06-15,11:29:44,0.00,f
4453297542,196784,2026-06-15,11:29:44,0.00,f
4453297562,196723,2026-06-15,11:29:45,0.01,f
4453297574,196738,2026-06-15,11:29:45,0.02,f
4453297578,196762,2026-06-15,11:29:45,0.00,f
4453297588,147192,2026-06-15,11:29:46,0.00,f
4453297620,196733,2026-06-15,11:29:46,0.00,f
3404743828,77770,2026-06-15,11:29:46,Движения нет,f
4453297618,196725,2026-06-15,11:29:46,0.00,f
4453297648,196728,2026-06-15,11:29:47,0.01,f
4453297661,196753,2026-06-15,11:29:48,0.00,f
4453297663,196762,2026-06-15,11:29:48,0.01,f
4453297673,196725,2026-06-15,11:29:48,0.01,f
4453297674,196733,2026-06-15,11:29:48,0.01,f
4453297681,196761,2026-06-15,11:29:49,0.00,f
4453297690,196723,2026-06-15,11:29:49,0.00,f
4453297704,196739,2026-06-15,11:29:50,0.01,f
4453298960,267418,2026-06-15,11:29:50,0.07,f
4453297710,196761,2026-06-15,11:29:51,0.01,f
4453297721,196723,2026-06-15,11:29:51,0.01,f
4453297724,196780,2026-06-15,11:29:51,0.01,f
4453297536,288226,2026-06-15,11:29:51,0.04,f
4453297514,288226,2026-06-15,11:29:51,0.05,f
4453297511,288211,2026-06-15,11:29:51,0.01,f
4453297734,196753,2026-06-15,11:29:52,0.01,f
4453297735,196762,2026-06-15,11:29:52,0.00,f
4453297742,196733,2026-06-15,11:29:52,0.00,f
4453297761,196780,2026-06-15,11:29:53,0.00,f
4453297766,196723,2026-06-15,11:29:53,0.00,f
4453297767,196728,2026-06-15,11:29:53,0.00,f
4453297580,288226,2026-06-15,11:29:53,0.05,f
4453297771,196762,2026-06-15,11:29:54,0.01,f
4453297801,196780,2026-06-15,11:29:55,0.01,f
4453297623,288211,2026-06-15,11:29:55,0.00,f
4453297654,288211,2026-06-15,11:29:55,0.01,f
4453297814,196762,2026-06-15,11:29:56,0.00,f
4453297701,288211,2026-06-15,11:29:57,0.00,f
4453297838,196723,2026-06-15,11:29:57,0.01,f
3404743975,103945,2026-06-15,11:29:58,Обесточен,f
4453297868,196723,2026-06-15,11:29:59,0.00,f
4453297869,196727,2026-06-15,11:29:59,0.00,f
4453297864,196756,2026-06-15,11:29:59,0.00,f
4453297870,196733,2026-06-15,11:29:59,0.01,f
4453297893,196762,2026-06-15,11:30:01,0.01,f
4453297927,196756,2026-06-15,11:30:03,0.01,f
3404744038,2866,2026-06-15,11:30:03,Обнаружено движение,f
4453297921,196780,2026-06-15,11:30:03,0.00,f
4453297947,196726,2026-06-15,11:30:05,0.01,f
4453297964,116068,2026-06-15,11:30:05,0.03,f
4453297965,116072,2026-06-15,11:30:05,0.19,f
4453297960,196723,2026-06-15,11:30:06,0.01,f
4453297894,230493,2026-06-15,11:30:06,0.02,f
4453297961,196732,2026-06-15,11:30:06,0.00,f
3404744089,2866,2026-06-15,11:30:08,Движения нет,f
4453298002,196728,2026-06-15,11:30:08,0.01,f
4453298003,196733,2026-06-15,11:30:08,0.00,f
4453298008,196738,2026-06-15,11:30:08,0.00,f
4453298010,196761,2026-06-15,11:30:08,0.00,f
3404744107,2866,2026-06-15,11:30:09,Обнаружено движение,f
4453298012,196723,2026-06-15,11:30:09,0.00,f
4453298015,196726,2026-06-15,11:30:09,0.00,f
4453298023,196734,2026-06-15,11:30:09,0.01,f
3404744120,2866,2026-06-15,11:30:10,Движения нет,f
4453298036,196728,2026-06-15,11:30:10,0.00,f
4453298054,196734,2026-06-15,11:30:11,0.00,f
4453298060,196762,2026-06-15,11:30:11,0.00,f
4453298052,196726,2026-06-15,11:30:11,0.01,f
4453297987,230493,2026-06-15,11:30:12,0.05,f
4453298077,196760,2026-06-15,11:30:12,0.01,f
4453298071,196729,2026-06-15,11:30:12,0.00,f
4453298070,196728,2026-06-15,11:30:12,0.01,f
4453298093,196734,2026-06-15,11:30:13,0.01,f
3404744166,2866,2026-06-15,11:30:13,Обнаружено движение,f
4453297985,288311,2026-06-15,11:30:14,0.01,f
3404744184,2866,2026-06-15,11:30:14,Движения нет,f
4453298111,196760,2026-06-15,11:30:14,0.00,f
4453298128,213353,2026-06-15,11:30:15,0.05,f
4453298037,288311,2026-06-15,11:30:15,0.00,f
3404744212,77770,2026-06-15,11:30:15,Обнаружено движение,f
4453298112,147207,2026-06-15,11:30:16,0.02,f
4453298113,147208,2026-06-15,11:30:16,0.05,f
4453298139,196734,2026-06-15,11:30:16,0.00,f
3404744223,77770,2026-06-15,11:30:16,Движения нет,f
3404744208,2866,2026-06-15,11:30:17,Обнаружено движение,f
4453298099,230543,2026-06-15,11:30:18,0.01,f
4453298151,147192,2026-06-15,11:30:19,0.01,f
4453298182,196727,2026-06-15,11:30:19,0.01,f
3404744235,2866,2026-06-15,11:30:19,Движения нет,f
4453298204,196783,2026-06-15,11:30:20,0.00,f
3404744258,77770,2026-06-15,11:30:20,Обнаружено движение,f
4453298208,196743,2026-06-15,11:30:21,0.01,f
4453298217,196726,2026-06-15,11:30:21,0.00,f
4453298218,196727,2026-06-15,11:30:21,0.00,f
4453298242,196783,2026-06-15,11:30:22,0.01,f
4453298250,196743,2026-06-15,11:30:23,0.00,f
4453298256,196796,2026-06-15,11:30:23,0.01,f
4453298261,196729,2026-06-15,11:30:23,0.01,f
4453298270,196736,2026-06-15,11:30:24,0.01,f
4453298287,196779,2026-06-15,11:30:24,0.00,f
4453298288,196783,2026-06-15,11:30:24,0.00,f
4453298296,196755,2026-06-15,11:30:25,0.01,f
4453298300,196796,2026-06-15,11:30:25,0.00,f
4453298304,196729,2026-06-15,11:30:25,0.00,f
4453298309,196736,2026-06-15,11:30:26,0.00,f
3404744327,77770,2026-06-15,11:30:26,Движения нет,f
4453298328,196743,2026-06-15,11:30:27,0.01,f
4453298336,196785,2026-06-15,11:30:27,0.00,f
4453298275,230543,2026-06-15,11:30:28,0.00,f
4453298346,196736,2026-06-15,11:30:28,0.01,f
4453298352,196772,2026-06-15,11:30:28,0.01,f
4453298353,196783,2026-06-15,11:30:28,0.01,f
4453298359,196755,2026-06-15,11:30:29,0.00,f
4453298360,196756,2026-06-15,11:30:29,0.00,f
4453298387,196783,2026-06-15,11:30:31,0.00,f
4453298395,196734,2026-06-15,11:30:31,0.01,f
4453298414,196729,2026-06-15,11:30:32,0.01,f
4453298431,196786,2026-06-15,11:30:33,0.01,f
4453298433,196796,2026-06-15,11:30:33,0.01,f
4453298442,196738,2026-06-15,11:30:34,0.01,f
4453298303,268158,2026-06-15,11:30:35,0.01,f
4453298454,196765,2026-06-15,11:30:35,0.01,f
4453298457,196783,2026-06-15,11:30:35,0.01,f
3404744416,77690,2026-06-15,11:30:35,Обнаружено движение,f
4453298475,196727,2026-06-15,11:30:36,0.01,f
4453298476,196729,2026-06-15,11:30:36,0.00,f
3404744433,77690,2026-06-15,11:30:36,Движения нет,f
4453298491,196783,2026-06-15,11:30:37,0.00,f
4453298496,196753,2026-06-15,11:30:37,0.00,f
4453298500,116072,2026-06-15,11:30:37,0.20,f
4453298501,196729,2026-06-15,11:30:38,0.01,f
4453299799,267423,2026-06-15,11:30:38,0.03,f
4453298519,196726,2026-06-15,11:30:39,0.01,f
4453298522,196774,2026-06-15,11:30:39,0.02,f
4453298479,230543,2026-06-15,11:30:40,0.01,f
4453298541,196784,2026-06-15,11:30:40,0.01,f
3404745412,266753,2026-06-15,11:30:40,Обнаружено движение,f
4453299854,267423,2026-06-15,11:30:40,0.02,f
4453298557,196774,2026-06-15,11:30:41,0.00,f
4453298572,196783,2026-06-15,11:30:42,0.01,f
4453299876,267423,2026-06-15,11:30:42,0.03,f
3404745428,266752,2026-06-15,11:30:42,Не замкнут,f
3404744456,147808,2026-06-15,11:30:42,Выключен,f
4453298583,196786,2026-06-15,11:30:43,0.02,f
4453298587,196725,2026-06-15,11:30:43,0.00,f
4453298589,196726,2026-06-15,11:30:43,0.00,f
4453298590,196768,2026-06-15,11:30:43,0.01,f
4453298598,196753,2026-06-15,11:30:43,0.01,f
3404744492,2866,2026-06-15,11:30:43,Обнаружено движение,f
3404744498,77690,2026-06-15,11:30:43,Обнаружено движение,f
3404744515,77770,2026-06-15,11:30:44,Обнаружено движение,f
4453298599,196789,2026-06-15,11:30:44,0.01,f
4453298602,196729,2026-06-15,11:30:44,0.00,f
4453298603,196733,2026-06-15,11:30:44,0.01,f
4453298606,196739,2026-06-15,11:30:44,0.00,f
3404745477,267026,2026-06-15,11:30:44,Есть питание,f
3404744513,77690,2026-06-15,11:30:44,Движения нет,f
4453298616,196786,2026-06-15,11:30:45,0.01,f
4453298620,196731,2026-06-15,11:30:45,0.01,f
4453298622,196774,2026-06-15,11:30:45,0.01,f
4453298641,213352,2026-06-15,11:30:46,0.05,f
4453298632,196729,2026-06-15,11:30:46,0.01,f
3404744549,77770,2026-06-15,11:30:46,Движения нет,f
4453299956,267418,2026-06-15,11:30:46,0.08,f
4453298646,196786,2026-06-15,11:30:47,0.00,f
4453298653,196731,2026-06-15,11:30:47,0.00,f
4453298655,196774,2026-06-15,11:30:47,0.00,f
4453298656,196759,2026-06-15,11:30:47,0.03,f
4453298626,147208,2026-06-15,11:30:47,0.04,f
3404744532,2866,2026-06-15,11:30:47,Движения нет,f
4453298624,147207,2026-06-15,11:30:47,0.03,f
4453298663,196728,2026-06-15,11:30:48,0.00,f
3404745543,266752,2026-06-15,11:30:48,Норма,f
4453300002,267423,2026-06-15,11:30:48,0.02,f
3404744540,2866,2026-06-15,11:30:48,Обнаружено движение,f
3404745533,266753,2026-06-15,11:30:48,Обнаружено движение,f
3404745515,266753,2026-06-15,11:30:48,Движения нет,f
4453298681,196774,2026-06-15,11:30:49,0.01,f
4453298675,196786,2026-06-15,11:30:49,0.01,f
4453298670,147199,2026-06-15,11:30:50,0.05,f
4453298698,196728,2026-06-15,11:30:50,0.01,f
4453298699,196731,2026-06-15,11:30:50,0.01,f
4453298700,196733,2026-06-15,11:30:50,0.00,f
4453298701,196772,2026-06-15,11:30:50,0.00,f
4453298703,196774,2026-06-15,11:30:50,0.00,f
3404744589,2866,2026-06-15,11:30:51,Движения нет,f
4453298708,196723,2026-06-15,11:30:51,0.01,f
4453298709,196728,2026-06-15,11:30:51,0.00,f
3404745583,266753,2026-06-15,11:30:52,Движения нет,f
4453298660,230543,2026-06-15,11:30:52,0.02,f
4453298718,196756,2026-06-15,11:30:52,0.01,f
4453298727,196774,2026-06-15,11:30:52,0.01,f
4453298726,196731,2026-06-15,11:30:52,0.00,f
4453298742,196775,2026-06-15,11:30:53,0.01,f
4453298741,196728,2026-06-15,11:30:53,0.01,f
3404744609,2866,2026-06-15,11:30:53,Обнаружено движение,f
3404744622,2866,2026-06-15,11:30:54,Движения нет,f
4453298764,196731,2026-06-15,11:30:54,0.01,f
4453298751,196759,2026-06-15,11:30:54,0.00,f
3404744637,2866,2026-06-15,11:30:55,Обнаружено движение,f
4453298781,196728,2026-06-15,11:30:55,0.00,f
4453298790,196753,2026-06-15,11:30:56,0.00,f
4453298828,196753,2026-06-15,11:30:58,0.01,f
4453298833,196733,2026-06-15,11:30:58,0.01,f
4453298773,230543,2026-06-15,11:30:58,0.05,f
4453298869,196733,2026-06-15,11:31:00,0.00,f
3404744694,2866,2026-06-15,11:31:00,Движения нет,f
4453298881,196785,2026-06-15,11:31:01,0.01,f
4453298890,213790,2026-06-15,11:31:01,0.11,f
4453298847,230543,2026-06-15,11:31:02,0.04,f
4453298895,196790,2026-06-15,11:31:02,0.01,f
4453298911,196753,2026-06-15,11:31:03,0.00,f
4453298912,196759,2026-06-15,11:31:03,0.03,f
4453298917,196789,2026-06-15,11:31:03,0.00,f
4453298936,196790,2026-06-15,11:31:04,0.00,f
4453298785,268173,2026-06-15,11:31:05,0.24,f
4453298804,268173,2026-06-15,11:31:05,0.25,f
4453298946,196736,2026-06-15,11:31:05,0.00,f
4453298952,196789,2026-06-15,11:31:05,0.01,f
4453298976,196790,2026-06-15,11:31:06,0.01,f
4453298988,196734,2026-06-15,11:31:07,0.00,f
4453298992,196759,2026-06-15,11:31:07,0.00,f
4453298944,230543,2026-06-15,11:31:08,0.03,f
4453299005,196743,2026-06-15,11:31:08,0.00,f
4453299028,116068,2026-06-15,11:31:09,0.04,f
4453299024,196756,2026-06-15,11:31:09,0.00,f
4453299025,196759,2026-06-15,11:31:09,0.03,f
4453299029,196789,2026-06-15,11:31:09,0.00,f
4453299037,196727,2026-06-15,11:31:10,0.00,f
4453298906,268173,2026-06-15,11:31:11,0.25,f
4453298886,268173,2026-06-15,11:31:11,0.24,f
4453299056,196756,2026-06-15,11:31:11,0.01,f
4453299073,196738,2026-06-15,11:31:12,0.00,f
4453299097,196796,2026-06-15,11:31:14,0.00,f
4453299100,196729,2026-06-15,11:31:14,0.00,f
4453299101,196733,2026-06-15,11:31:14,0.01,f
4453299122,196789,2026-06-15,11:31:16,0.01,f
4453299130,196738,2026-06-15,11:31:16,0.01,f
4453299135,196755,2026-06-15,11:31:16,0.01,f
4453299165,196783,2026-06-15,11:31:18,0.00,f
4453299166,196733,2026-06-15,11:31:18,0.00,f
3404744937,77770,2026-06-15,11:31:19,Обнаружено движение,f
4453299191,196728,2026-06-15,11:31:20,0.01,f
4453299207,196760,2026-06-15,11:31:21,0.01,f
4453299112,268173,2026-06-15,11:31:21,0.24,f
4453299159,230543,2026-06-15,11:31:22,0.01,f
4453299198,147199,2026-06-15,11:31:22,0.06,f
4453299231,196728,2026-06-15,11:31:22,0.00,f
3404744967,77770,2026-06-15,11:31:22,Движения нет,f
4453299244,230748,2026-06-15,11:31:22,15.06.2026 11:31:22,f
3404744959,230748,2026-06-15,11:31:22,На охране,f
3404744965,2866,2026-06-15,11:31:23,Обнаружено движение,f
4453299253,196732,2026-06-15,11:31:23,0.01,f
4453299242,196760,2026-06-15,11:31:23,0.00,f
4453299269,196728,2026-06-15,11:31:24,0.01,f
4453299262,196759,2026-06-15,11:31:24,0.00,f
3404744977,2866,2026-06-15,11:31:24,Движения нет,f
4453299280,196760,2026-06-15,11:31:25,0.01,f
4453299293,196732,2026-06-15,11:31:25,0.00,f
3404745004,77770,2026-06-15,11:31:25,Обнаружено движение,f
3404745029,77770,2026-06-15,11:31:26,Движения нет,f
4453299333,196755,2026-06-15,11:31:27,0.02,f
4453299335,196760,2026-06-15,11:31:27,0.00,f
4453299339,196789,2026-06-15,11:31:27,0.00,f
4453299341,196723,2026-06-15,11:31:27,0.00,f
3404745041,77770,2026-06-15,11:31:27,Обнаружено движение,f
4453299351,196756,2026-06-15,11:31:28,0.00,f
3404745061,77770,2026-06-15,11:31:28,Движения нет,f
4453299368,196755,2026-06-15,11:31:29,0.01,f
4453299371,196789,2026-06-15,11:31:29,0.01,f
3404745059,2866,2026-06-15,11:31:30,Обнаружено движение,f
4453299413,196743,2026-06-15,11:31:31,0.01,f
4453299420,196789,2026-06-15,11:31:31,0.00,f
4453299423,196765,2026-06-15,11:31:31,0.00,f
3404745079,2866,2026-06-15,11:31:31,Движения нет,f
4453299440,104054,2026-06-15,11:31:32,0.03,f
4453299467,213780,2026-06-15,11:31:33,0.02,f
4453299468,213790,2026-06-15,11:31:33,0.09,f
4453299450,196755,2026-06-15,11:31:33,0.02,f
4453299461,196796,2026-06-15,11:31:33,0.01,f
4453299488,196734,2026-06-15,11:31:35,0.01,f
4453299495,196732,2026-06-15,11:31:35,0.01,f
4453299497,196784,2026-06-15,11:31:35,0.00,f
3404745136,2866,2026-06-15,11:31:36,Обнаружено движение,f
4453299515,196734,2026-06-15,11:31:37,0.00,f
4453299526,196785,2026-06-15,11:31:37,0.00,f
4453299520,196755,2026-06-15,11:31:37,0.03,f
3404745150,2866,2026-06-15,11:31:38,Движения нет,f
4453299551,196796,2026-06-15,11:31:39,0.00,f
4453299542,196731,2026-06-15,11:31:39,0.00,f
4453299549,196755,2026-06-15,11:31:39,0.02,f
4453299566,196785,2026-06-15,11:31:40,0.01,f
4453299580,116068,2026-06-15,11:31:40,0.03,f
4453299444,268158,2026-06-15,11:31:41,0.01,f
4453299422,268158,2026-06-15,11:31:41,0.00,f
4453299574,196731,2026-06-15,11:31:41,0.01,f
4453299592,196728,2026-06-15,11:31:42,0.00,f
4453299601,196760,2026-06-15,11:31:42,0.01,f
4453299620,196734,2026-06-15,11:31:43,0.01,f
4453299610,196774,2026-06-15,11:31:43,0.00,f
4453299633,196768,2026-06-15,11:31:44,0.00,f
4453299562,230543,2026-06-15,11:31:44,0.02,f
4453299491,268158,2026-06-15,11:31:45,0.00,f
4453299652,196730,2026-06-15,11:31:45,0.01,f
4453299671,196728,2026-06-15,11:31:46,0.01,f
4453299672,196732,2026-06-15,11:31:46,0.00,f
4453299522,268158,2026-06-15,11:31:47,0.01,f
4453299687,196783,2026-06-15,11:31:47,0.01,f
4453299690,196726,2026-06-15,11:31:47,0.01,f
4453299691,196730,2026-06-15,11:31:47,0.00,f
4453299692,196751,2026-06-15,11:31:47,0.01,f
4453299694,147208,2026-06-15,11:31:47,0.05,f
4453299705,196789,2026-06-15,11:31:47,0.01,f
3404745316,77770,2026-06-15,11:31:47,Обнаружено движение,f
4453299709,196728,2026-06-15,11:31:48,0.00,f
4453299717,196760,2026-06-15,11:31:48,0.00,f
3404745303,2866,2026-06-15,11:31:48,Обнаружено движение,f
4453299727,196731,2026-06-15,11:31:49,0.00,f
4453299729,196772,2026-06-15,11:31:49,0.01,f
4453299731,196751,2026-06-15,11:31:49,0.00,f
3404745340,77770,2026-06-15,11:31:49,Движения нет,f
4453299725,213353,2026-06-15,11:31:49,0.04,f
3404745317,2866,2026-06-15,11:31:49,Движения нет,f
4453299743,196789,2026-06-15,11:31:50,0.00,f
4453299752,196760,2026-06-15,11:31:50,0.01,f
3404745364,77770,2026-06-15,11:31:51,Обнаружено движение,f
4453299779,196789,2026-06-15,11:31:52,0.01,f
4453299785,147199,2026-06-15,11:31:52,0.05,f
4453299787,196733,2026-06-15,11:31:52,0.01,f
4453299794,196760,2026-06-15,11:31:52,0.00,f
4453299801,196790,2026-06-15,11:31:53,0.00,f
4453299828,196742,2026-06-15,11:31:54,0.01,f
4453299822,196783,2026-06-15,11:31:54,0.00,f
3404745437,77770,2026-06-15,11:31:55,Движения нет,f
4453299835,196790,2026-06-15,11:31:55,0.01,f
4453299834,196786,2026-06-15,11:31:55,0.00,f
4453299868,196783,2026-06-15,11:31:56,0.01,f
4453299869,196767,2026-06-15,11:31:56,0.01,f
4453299877,196743,2026-06-15,11:31:57,0.02,f
4453299882,196786,2026-06-15,11:31:57,0.01,f
4453299886,196726,2026-06-15,11:31:57,0.00,f
4453299887,196775,2026-06-15,11:31:57,0.00,f
4453299917,196774,2026-06-15,11:31:58,0.01,f
4453299911,196767,2026-06-15,11:31:58,0.00,f
4453299914,196772,2026-06-15,11:31:58,0.00,f
4453299926,196785,2026-06-15,11:31:59,0.00,f
4453299920,196742,2026-06-15,11:31:59,0.00,f
4453299921,196743,2026-06-15,11:31:59,0.01,f
4453299927,196790,2026-06-15,11:31:59,0.00,f
4453299936,196750,2026-06-15,11:31:59,0.01,f
4453299788,268158,2026-06-15,11:32:00,0.00,f
4453299945,196796,2026-06-15,11:32:00,0.01,f
4453299948,196783,2026-06-15,11:32:00,0.00,f
4453299949,196774,2026-06-15,11:32:00,0.00,f
4453299878,230543,2026-06-15,11:32:00,0.03,f
4453299960,196796,2026-06-15,11:32:01,0.00,f
4453299966,196780,2026-06-15,11:32:01,0.01,f
3404745466,330531,2026-06-15,11:32:02,Не замкнут,f
3404746895,266888,2026-06-15,11:32:02,Обнаружено движение,f
4453299999,196732,2026-06-15,11:32:03,0.01,f
4453299996,104054,2026-06-15,11:32:03,0.02,f
4453300018,213780,2026-06-15,11:32:04,0.03,f
4453300017,196750,2026-06-15,11:32:04,0.00,f
4453299843,268158,2026-06-15,11:32:05,0.01,f
4453300027,196755,2026-06-15,11:32:05,0.00,f
4453300030,196780,2026-06-15,11:32:05,0.00,f
4453300053,196751,2026-06-15,11:32:06,0.01,f
4453300062,196742,2026-06-15,11:32:07,0.01,f
3404745552,330531,2026-06-15,11:32:09,Норма,f
4453300087,196733,2026-06-15,11:32:09,0.00,f
3404745535,333629,2026-06-15,11:32:10,Есть питание,f
4453300103,196784,2026-06-15,11:32:10,0.01,f
4453300106,196752,2026-06-15,11:32:10,0.01,f
4453300112,196753,2026-06-15,11:32:10,0.01,f
4453300129,196734,2026-06-15,11:32:11,0.00,f
4453300143,196784,2026-06-15,11:32:12,0.00,f
4453300145,196732,2026-06-15,11:32:12,0.00,f
4453300154,196738,2026-06-15,11:32:12,0.00,f
4453300159,116068,2026-06-15,11:32:12,0.04,f
4453300182,196775,2026-06-15,11:32:14,0.01,f
3404745686,77770,2026-06-15,11:32:14,Обнаружено движение,f
4453300177,196728,2026-06-15,11:32:14,0.01,f
4453300200,196736,2026-06-15,11:32:15,0.01,f
4453300209,196728,2026-06-15,11:32:16,0.00,f
4453300212,196752,2026-06-15,11:32:16,0.00,f
3404747192,266888,2026-06-15,11:32:16,Движения нет,f
4453300231,196736,2026-06-15,11:32:17,0.00,f
4453300245,196727,2026-06-15,11:32:18,0.01,f
4453300257,147207,2026-06-15,11:32:18,0.02,f
4453300258,147208,2026-06-15,11:32:18,0.04,f
3404745736,77770,2026-06-15,11:32:18,Движения нет,f
4453300286,196743,2026-06-15,11:32:20,0.02,f
4453300299,196775,2026-06-15,11:32:21,0.00,f
4453300302,196736,2026-06-15,11:32:21,0.01,f
4453300306,196755,2026-06-15,11:32:21,0.01,f
4453300297,213360,2026-06-15,11:32:21,0.04,f
3404747345,266887,2026-06-15,11:32:22,Норма,f
3404747358,272688,2026-06-15,11:32:22,Норма,f
4453300323,196755,2026-06-15,11:32:22,0.00,f
3404745791,77770,2026-06-15,11:32:23,Обнаружено движение,f
3404745769,2866,2026-06-15,11:32:23,Обнаружено движение,f
4453300334,196775,2026-06-15,11:32:23,0.01,f
3404745780,2866,2026-06-15,11:32:24,Движения нет,f
3404745821,77770,2026-06-15,11:32:25,Движения нет,f
4453300360,196775,2026-06-15,11:32:25,0.02,f
4453300370,196736,2026-06-15,11:32:25,0.00,f
4453300384,196727,2026-06-15,11:32:26,0.00,f
4453300261,268173,2026-06-15,11:32:26,0.25,f
4453300329,230543,2026-06-15,11:32:27,0.04,f
3404745783,330531,2026-06-15,11:32:27,Не замкнут,f
4453300397,196736,2026-06-15,11:32:27,0.01,f
3404745857,2866,2026-06-15,11:32:27,Обнаружено движение,f
4453300274,268173,2026-06-15,11:32:28,0.24,f
4453300408,196732,2026-06-15,11:32:28,0.01,f
4453300416,196784,2026-06-15,11:32:28,0.01,f
3404745875,2866,2026-06-15,11:32:29,Движения нет,f
4453300527,196728,2026-06-15,11:32:33,0.01,f
3404745870,330531,2026-06-15,11:32:33,Норма,f
4453300560,196728,2026-06-15,11:32:35,0.00,f
4453300556,104054,2026-06-15,11:32:35,0.03,f
4453300554,104047,2026-06-15,11:32:35,0.08,f
4453300568,213790,2026-06-15,11:32:36,0.11,f
3404746004,77770,2026-06-15,11:32:37,Обнаружено движение,f
3404746019,77770,2026-06-15,11:32:38,Движения нет,f
4453300610,196789,2026-06-15,11:32:39,0.00,f
4453300618,196726,2026-06-15,11:32:39,0.01,f
4453300620,196728,2026-06-15,11:32:39,0.01,f
4453300621,196784,2026-06-15,11:32:39,0.00,f
3404746034,77770,2026-06-15,11:32:39,Обнаружено движение,f
3404746051,77770,2026-06-15,11:32:40,Движения нет,f
4453300643,196785,2026-06-15,11:32:41,0.01,f
4453300649,196728,2026-06-15,11:32:41,0.00,f
4453300650,196732,2026-06-15,11:32:41,0.00,f
4453300653,196780,2026-06-15,11:32:42,0.01,f
4453300660,196753,2026-06-15,11:32:42,0.00,f
4453300678,196743,2026-06-15,11:32:43,0.00,f
4453300599,230543,2026-06-15,11:32:43,0.00,f
4453300686,196796,2026-06-15,11:32:43,0.01,f
4453300694,196742,2026-06-15,11:32:44,0.00,f
4453300690,196771,2026-06-15,11:32:44,0.01,f
4453300692,196732,2026-06-15,11:32:44,0.01,f
4453300585,268158,2026-06-15,11:32:44,0.00,f
4453300700,196790,2026-06-15,11:32:44,0.01,f
4453300730,196786,2026-06-15,11:32:45,0.00,f
4453300728,196785,2026-06-15,11:32:45,0.00,f
4453300605,268158,2026-06-15,11:32:46,0.01,f
4453300735,196771,2026-06-15,11:32:46,0.00,f
3404746122,2866,2026-06-15,11:32:46,Обнаружено движение,f
3404746169,209989,2026-06-15,11:32:47,Обнаружено движение,f
3404746137,2866,2026-06-15,11:32:47,Движения нет,f
4453300761,196789,2026-06-15,11:32:47,0.01,f
4453300765,196732,2026-06-15,11:32:48,0.00,f
3404746236,77770,2026-06-15,11:32:49,Обнаружено движение,f
3404746167,2866,2026-06-15,11:32:49,Обнаружено движение,f
3404746240,209989,2026-06-15,11:32:49,Движения нет,f
4453300784,196751,2026-06-15,11:32:49,0.00,f
4453300794,147207,2026-06-15,11:32:49,0.03,f
4453300805,104036,2026-06-15,11:32:50,0.08,f
4453300801,196728,2026-06-15,11:32:50,0.01,f
3404746197,2866,2026-06-15,11:32:50,Движения нет,f
3404746261,77770,2026-06-15,11:32:50,Движения нет,f
3404746234,2866,2026-06-15,11:32:51,Обнаружено движение,f
4453300844,213353,2026-06-15,11:32:52,0.05,f
4453300832,196789,2026-06-15,11:32:52,0.00,f
4453300835,196768,2026-06-15,11:32:52,0.01,f
4453300838,196780,2026-06-15,11:32:52,0.00,f
4453300839,196733,2026-06-15,11:32:52,0.01,f
4453300887,196780,2026-06-15,11:32:54,0.01,f
4453300890,196728,2026-06-15,11:32:54,0.00,f
3404746337,77770,2026-06-15,11:32:54,Обнаружено движение,f
3404746299,2866,2026-06-15,11:32:54,Движения нет,f
4453300935,196760,2026-06-15,11:32:55,0.01,f
4453300944,196780,2026-06-15,11:32:55,0.00,f
4453300945,196726,2026-06-15,11:32:55,0.00,f
3404746350,77770,2026-06-15,11:32:55,Движения нет,f
4453300973,196780,2026-06-15,11:32:57,0.01,f
4453300976,196741,2026-06-15,11:32:57,0.01,f
3404747902,267373,2026-06-15,11:32:58,Норма,f
4453300986,147192,2026-06-15,11:32:58,0.00,f
4453300997,196761,2026-06-15,11:32:59,0.01,f
3404746517,77770,2026-06-15,11:32:59,Обнаружено движение,f
4453301016,196741,2026-06-15,11:33:00,0.00,f
4453301032,196732,2026-06-15,11:33:00,0.01,f
4453301045,196780,2026-06-15,11:33:01,0.00,f
4453301063,196732,2026-06-15,11:33:02,0.00,f
3404746548,77770,2026-06-15,11:33:02,Движения нет,f
4453301088,196726,2026-06-15,11:33:03,0.01,f
4453301078,196785,2026-06-15,11:33:03,0.01,f
4453301080,196790,2026-06-15,11:33:03,0.00,f
4453301104,196732,2026-06-15,11:33:04,0.01,f
4453301094,196741,2026-06-15,11:33:04,0.01,f
4453301110,196741,2026-06-15,11:33:05,0.00,f
4453301116,196785,2026-06-15,11:33:05,0.00,f
4453301121,196731,2026-06-15,11:33:05,0.01,f
4453301125,196732,2026-06-15,11:33:05,0.00,f
4453301140,104054,2026-06-15,11:33:06,0.02,f
4453301134,196759,2026-06-15,11:33:06,0.03,f
4453301142,196783,2026-06-15,11:33:06,0.01,f
4453301144,196731,2026-06-15,11:33:06,0.00,f
4453301138,104047,2026-06-15,11:33:06,0.09,f
4453301184,213790,2026-06-15,11:33:07,0.09,f
4453301154,196741,2026-06-15,11:33:07,0.01,f
4453301159,196761,2026-06-15,11:33:07,0.00,f
4453301178,196775,2026-06-15,11:33:07,0.00,f
4453301220,196731,2026-06-15,11:33:08,0.01,f
3404746778,77538,2026-06-15,11:33:08,Обнаружено движение,f
4453301233,196741,2026-06-15,11:33:09,0.00,f
4453301234,196761,2026-06-15,11:33:09,0.01,f
4453301248,196732,2026-06-15,11:33:09,0.01,f
4453301257,196756,2026-06-15,11:33:10,0.01,f
4453301266,196731,2026-06-15,11:33:10,0.00,f
4453301276,196741,2026-06-15,11:33:11,0.01,f
4453301278,196755,2026-06-15,11:33:11,0.01,f
3404746828,77537,2026-06-15,11:33:12,Не замкнут,f
3404746829,77538,2026-06-15,11:33:12,Движения нет,f
3404746859,77538,2026-06-15,11:33:13,Обнаружено движение,f
4453301309,196741,2026-06-15,11:33:13,0.00,f
4453301314,196755,2026-06-15,11:33:13,0.00,f
4453301325,116067,2026-06-15,11:33:14,0.02,f
4453301326,196759,2026-06-15,11:33:14,0.00,f
4453301338,196741,2026-06-15,11:33:15,0.01,f
4453301348,196780,2026-06-15,11:33:16,0.01,f
3404746430,120270,2026-06-15,11:33:17,Обнаружено движение,f
3404746908,77538,2026-06-15,11:33:18,Движения нет,f
4453301377,196771,2026-06-15,11:33:18,0.01,f
4453301381,196736,2026-06-15,11:33:18,0.00,f
4453301406,196753,2026-06-15,11:33:19,0.01,f
3404746915,95484,2026-06-15,11:33:19,Есть питание,f
4453302800,267418,2026-06-15,11:33:20,0.09,f
3404746524,120277,2026-06-15,11:33:20,Обнаружено движение,f
4453301418,196768,2026-06-15,11:33:20,0.02,f
4453301420,196771,2026-06-15,11:33:20,0.00,f
4453301349,230543,2026-06-15,11:33:20,0.02,f
3404746980,77537,2026-06-15,11:33:20,Норма,f
4453301444,104036,2026-06-15,11:33:21,0.07,f
4453301442,196759,2026-06-15,11:33:21,0.03,f
4453301450,196729,2026-06-15,11:33:22,0.01,f
4453301449,196771,2026-06-15,11:33:22,0.01,f
4453301360,268173,2026-06-15,11:33:24,0.25,f
4453301484,196729,2026-06-15,11:33:24,0.00,f
4453301487,196771,2026-06-15,11:33:24,0.00,f
4453301549,196732,2026-06-15,11:33:26,0.00,f
4453301554,196780,2026-06-15,11:33:26,0.02,f
4453301576,196792,2026-06-15,11:33:27,0.01,f
4453301581,196741,2026-06-15,11:33:27,0.00,f
4453301413,268173,2026-06-15,11:33:28,0.24,f
4453301602,196729,2026-06-15,11:33:28,0.01,f
4453301483,230543,2026-06-15,11:33:28,0.04,f
4453301608,196761,2026-06-15,11:33:29,0.00,f
4453301618,196792,2026-06-15,11:33:29,0.00,f
4453301623,147192,2026-06-15,11:33:29,0.01,f
4453301624,196780,2026-06-15,11:33:29,0.01,f
4453301644,196729,2026-06-15,11:33:30,0.00,f
4453301631,196756,2026-06-15,11:33:30,0.00,f
3404746822,120270,2026-06-15,11:33:31,Движения нет,f
3404746842,120277,2026-06-15,11:33:32,Движения нет,f
4453301474,268203,2026-06-15,11:33:32,0.03,f
3404747214,2866,2026-06-15,11:33:32,Обнаружено движение,f
4453301677,196729,2026-06-15,11:33:32,0.01,f
4453301697,196774,2026-06-15,11:33:33,0.01,f
4453301714,196729,2026-06-15,11:33:34,0.00,f
4453301523,268203,2026-06-15,11:33:34,0.04,f
4453301573,268173,2026-06-15,11:33:34,0.25,f
4453301706,196759,2026-06-15,11:33:34,0.00,f
4453301710,196796,2026-06-15,11:33:34,0.00,f
4453301725,196760,2026-06-15,11:33:35,0.00,f
3404746709,93574,2026-06-15,11:33:35,Не замкнут,f
4453301785,196780,2026-06-15,11:33:37,0.02,f
4453301782,196785,2026-06-15,11:33:37,0.01,f
3404747365,2866,2026-06-15,11:33:37,Движения нет,f
4453301849,196771,2026-06-15,11:33:38,0.01,f
4453301874,213790,2026-06-15,11:33:39,0.11,f
4453301913,196780,2026-06-15,11:33:42,0.00,f
4453301698,268203,2026-06-15,11:33:42,0.03,f
4453301719,268203,2026-06-15,11:33:42,0.04,f
4453301867,230543,2026-06-15,11:33:42,0.02,f
3404747045,120277,2026-06-15,11:33:42,Обнаружено движение,f
3404747079,120270,2026-06-15,11:33:43,Обнаружено движение,f
4453301940,196733,2026-06-15,11:33:43,0.00,f
4453301939,196771,2026-06-15,11:33:43,0.00,f
4453301964,196753,2026-06-15,11:33:44,0.00,f
4453301969,196796,2026-06-15,11:33:44,0.01,f
3404747121,120270,2026-06-15,11:33:45,Движения нет,f
4453301976,196731,2026-06-15,11:33:45,0.01,f
4453301980,116067,2026-06-15,11:33:45,0.03,f
4453301944,230543,2026-06-15,11:33:46,0.01,f
3404746899,93574,2026-06-15,11:33:47,Норма,f
4453302009,196731,2026-06-15,11:33:47,0.00,f
3404747934,144775,2026-06-15,11:33:47,Обнаружено движение,f
4453302033,196727,2026-06-15,11:33:48,0.01,f
3404748672,267025,2026-06-15,11:33:48,Есть питание,f
4453301912,268203,2026-06-15,11:33:50,0.03,f
4453302072,196780,2026-06-15,11:33:50,0.01,f
4453302015,230543,2026-06-15,11:33:50,0.03,f
4453302090,147208,2026-06-15,11:33:51,0.05,f
4453302091,196785,2026-06-15,11:33:51,0.00,f
3404747224,120277,2026-06-15,11:33:51,Движения нет,f
3404747987,144775,2026-06-15,11:33:51,Движения нет,f
4453301967,268158,2026-06-15,11:33:52,0.00,f
4453302098,196768,2026-06-15,11:33:52,0.00,f
4453301951,268203,2026-06-15,11:33:52,0.04,f
4453302132,196729,2026-06-15,11:33:54,0.01,f
4453302013,288276,2026-06-15,11:33:54,0.00,f
3404747381,120277,2026-06-15,11:33:56,Обнаружено движение,f
4453302201,196762,2026-06-15,11:33:58,0.01,f
4453302210,196783,2026-06-15,11:33:59,0.00,f
3404747454,120270,2026-06-15,11:34:01,Обнаружено движение,f
4453302247,196774,2026-06-15,11:34:01,0.00,f
4453302250,196750,2026-06-15,11:34:01,0.01,f
4453302269,196729,2026-06-15,11:34:02,0.00,f
4453302279,196760,2026-06-15,11:34:03,0.01,f
4453302288,196726,2026-06-15,11:34:03,0.00,f
3404748185,144840,2026-06-15,11:34:04,Не замкнут,f
4453302227,230543,2026-06-15,11:34:04,0.00,f
3404747530,120270,2026-06-15,11:34:05,Движения нет,f
3404747531,120277,2026-06-15,11:34:05,Движения нет,f
4453302314,196774,2026-06-15,11:34:05,0.01,f
4453302340,196774,2026-06-15,11:34:07,0.00,f
3404747824,214133,2026-06-15,11:34:08,Выключен,f
3404747848,77718,2026-06-15,11:34:08,Обнаружено движение,f
4453302397,196751,2026-06-15,11:34:10,0.01,f
4453302387,196756,2026-06-15,11:34:10,0.01,f
3404747900,77718,2026-06-15,11:34:11,Движения нет,f
4453302406,196793,2026-06-15,11:34:11,0.01,f
4453302407,213790,2026-06-15,11:34:11,0.09,f
3404748269,144840,2026-06-15,11:34:11,Норма,f
4453302419,196756,2026-06-15,11:34:12,0.00,f
4453302437,196760,2026-06-15,11:34:13,0.00,f
4453302449,196730,2026-06-15,11:34:13,0.01,f
4453302454,196765,2026-06-15,11:34:13,0.01,f
3404747924,77712,2026-06-15,11:34:14,Обнаружено движение,f
4453302488,116068,2026-06-15,11:34:15,0.03,f
4453302480,196789,2026-06-15,11:34:15,0.01,f
3404748330,144777,2026-06-15,11:34:15,Обнаружено движение,f
4453302497,196762,2026-06-15,11:34:16,0.00,f
3404747968,77712,2026-06-15,11:34:16,Движения нет,f
3404748349,144777,2026-06-15,11:34:16,Движения нет,f
4453302522,196789,2026-06-15,11:34:17,0.00,f
3404747985,77712,2026-06-15,11:34:17,Обнаружено движение,f
3404747971,2880,2026-06-15,11:34:17,Обнаружено движение,f
4453302532,196750,2026-06-15,11:34:18,0.00,f
3404748003,77712,2026-06-15,11:34:18,Движения нет,f
3404747716,120277,2026-06-15,11:34:18,Обнаружено движение,f
4453302549,196743,2026-06-15,11:34:19,0.01,f
4453302562,196789,2026-06-15,11:34:19,0.01,f
3404748001,2880,2026-06-15,11:34:20,Движения нет,f
3404748016,3001,2026-06-15,11:34:21,Норма,f
4453302492,230543,2026-06-15,11:34:22,0.01,f
3404747788,120270,2026-06-15,11:34:23,Обнаружено движение,f
4453302608,196730,2026-06-15,11:34:23,0.00,f
4453302609,147208,2026-06-15,11:34:23,0.04,f
4453302610,196733,2026-06-15,11:34:23,0.01,f
4453302617,196743,2026-06-15,11:34:23,0.00,f
4453302619,196756,2026-06-15,11:34:23,0.01,f
3404747800,120270,2026-06-15,11:34:24,Движения нет,f
4453302514,158959,2026-06-15,11:34:25,0.01,f
4453302646,196789,2026-06-15,11:34:25,0.00,f
4453302640,196772,2026-06-15,11:34:25,0.01,f
4453302674,196789,2026-06-15,11:34:27,0.01,f
3404747844,120277,2026-06-15,11:34:27,Движения нет,f
4453302681,196727,2026-06-15,11:34:28,0.00,f
4453302580,268203,2026-06-15,11:34:28,0.03,f
4453302692,196738,2026-06-15,11:34:28,0.01,f
4453302586,158959,2026-06-15,11:34:29,0.00,f
4453302705,196731,2026-06-15,11:34:29,0.01,f
4453302714,196756,2026-06-15,11:34:29,0.00,f
4453302728,196752,2026-06-15,11:34:30,0.01,f
4453302755,196756,2026-06-15,11:34:31,0.01,f
4453302759,196726,2026-06-15,11:34:32,0.01,f
4453302760,196727,2026-06-15,11:34:32,0.01,f
3404748206,103957,2026-06-15,11:34:33,Есть питание,f
3404747920,120277,2026-06-15,11:34:33,Обнаружено движение,f
4453302653,268203,2026-06-15,11:34:34,0.04,f
3404747953,120270,2026-06-15,11:34:34,Обнаружено движение,f
4453302780,196756,2026-06-15,11:34:34,0.00,f
4453302791,196726,2026-06-15,11:34:34,0.00,f
4453304060,267418,2026-06-15,11:34:34,0.10,f
4453302809,196726,2026-06-15,11:34:35,0.01,f
4453302695,268203,2026-06-15,11:34:36,0.03,f
4453302830,196780,2026-06-15,11:34:36,0.00,f
4453302833,196752,2026-06-15,11:34:36,0.00,f
4453302846,196793,2026-06-15,11:34:37,0.02,f
4453302855,196726,2026-06-15,11:34:37,0.00,f
4453302870,196755,2026-06-15,11:34:38,0.01,f
4453302874,196796,2026-06-15,11:34:38,0.00,f
4453302900,196745,2026-06-15,11:34:39,0.01,f
3404748025,120270,2026-06-15,11:34:39,Движения нет,f
4453302888,196793,2026-06-15,11:34:39,0.01,f
4453302920,196727,2026-06-15,11:34:40,0.00,f
4453302907,196755,2026-06-15,11:34:40,0.00,f
4453302935,196731,2026-06-15,11:34:41,0.00,f
4453302928,196755,2026-06-15,11:34:41,0.01,f
4453302810,268158,2026-06-15,11:34:42,0.01,f
3404748058,120277,2026-06-15,11:34:42,Движения нет,f
4453302941,196745,2026-06-15,11:34:42,0.00,f
4453302948,196783,2026-06-15,11:34:42,0.01,f
4453302969,196745,2026-06-15,11:34:44,0.01,f
4453302993,196755,2026-06-15,11:34:45,0.00,f
4453302895,268158,2026-06-15,11:34:46,0.00,f
4453303012,196789,2026-06-15,11:34:46,0.00,f
4453303031,116068,2026-06-15,11:34:47,0.04,f
4453303030,196755,2026-06-15,11:34:47,0.01,f
4453303033,196793,2026-06-15,11:34:47,0.00,f
4453303049,196789,2026-06-15,11:34:48,0.01,f
4453303050,196796,2026-06-15,11:34:48,0.01,f
4453303051,196783,2026-06-15,11:34:48,0.02,f
4453303072,196727,2026-06-15,11:34:49,0.01,f
4453303074,196729,2026-06-15,11:34:49,0.01,f
4453303075,196732,2026-06-15,11:34:49,0.01,f
4453303103,196783,2026-06-15,11:34:51,0.01,f
4453303109,196743,2026-06-15,11:34:51,0.01,f
4453303005,230543,2026-06-15,11:34:52,0.02,f
4453303127,196796,2026-06-15,11:34:52,0.00,f
4453303133,196774,2026-06-15,11:34:53,0.01,f
4453303136,196731,2026-06-15,11:34:53,0.01,f
4453303138,196733,2026-06-15,11:34:53,0.00,f
4453303158,147207,2026-06-15,11:34:54,0.04,f
4453303163,196765,2026-06-15,11:34:54,0.00,f
4453303185,196771,2026-06-15,11:34:55,0.01,f
4453303086,230543,2026-06-15,11:34:56,0.00,f
4453303207,196726,2026-06-15,11:34:56,0.01,f
4453303235,213363,2026-06-15,11:34:57,0.04,f
4453303231,213360,2026-06-15,11:34:57,0.05,f
4453303226,196771,2026-06-15,11:34:57,0.00,f
4453303239,196726,2026-06-15,11:34:58,0.00,f
4453303261,196755,2026-06-15,11:34:59,0.00,f
4453304502,267423,2026-06-15,11:35:00,0.03,f
4453303294,196731,2026-06-15,11:35:01,0.00,f
4453303296,196767,2026-06-15,11:35:01,0.01,f
4453303297,196772,2026-06-15,11:35:01,0.00,f
4453303322,196727,2026-06-15,11:35:02,0.00,f
4453303312,196789,2026-06-15,11:35:02,0.00,f
4453303338,196783,2026-06-15,11:35:03,0.02,f
4453303339,196774,2026-06-15,11:35:03,0.00,f
4453303346,196755,2026-06-15,11:35:04,0.01,f
4453303349,196796,2026-06-15,11:35:04,0.01,f
4453303357,196727,2026-06-15,11:35:04,0.01,f
4453303240,288276,2026-06-15,11:35:04,0.01,f
4453303243,230543,2026-06-15,11:35:04,0.01,f
4453303375,196767,2026-06-15,11:35:05,0.00,f
4453303376,196774,2026-06-15,11:35:05,0.01,f
3404748710,77770,2026-06-15,11:35:05,Обнаружено движение,f
4453303274,288276,2026-06-15,11:35:06,0.01,f
4453303253,288276,2026-06-15,11:35:06,0.00,f
4453303400,196774,2026-06-15,11:35:07,0.00,f
4453303401,196783,2026-06-15,11:35:07,0.00,f
4453303420,196743,2026-06-15,11:35:08,0.00,f
4453303433,196731,2026-06-15,11:35:09,0.01,f
3404748715,330516,2026-06-15,11:35:10,Не замкнут,f
4453303450,196752,2026-06-15,11:35:10,0.01,f
3404748790,77770,2026-06-15,11:35:10,Движения нет,f
4453303456,196761,2026-06-15,11:35:11,0.01,f
4453303464,196731,2026-06-15,11:35:11,0.00,f
4453303484,104047,2026-06-15,11:35:12,0.08,f
4453303399,230543,2026-06-15,11:35:12,0.00,f
4453303493,196774,2026-06-15,11:35:13,0.01,f
4453303560,196755,2026-06-15,11:35:17,0.00,f
3404748877,95483,2026-06-15,11:35:17,Есть питание,f
3404748815,333620,2026-06-15,11:35:17,Есть питание,f
4453303567,196751,2026-06-15,11:35:18,0.00,f
3404748850,330517,2026-06-15,11:35:19,Обнаружено движение,f
4453303506,230493,2026-06-15,11:35:20,0.03,f
4453303507,230493,2026-06-15,11:35:20,0.29,f
4453303520,230493,2026-06-15,11:35:20,0.00,f
3404748860,330516,2026-06-15,11:35:20,Норма,f
4453303620,196745,2026-06-15,11:35:22,0.00,f
4453303640,196761,2026-06-15,11:35:23,0.00,f
4453303665,196756,2026-06-15,11:35:24,0.01,f
4453303667,196796,2026-06-15,11:35:24,0.00,f
3404748928,330517,2026-06-15,11:35:24,Движения нет,f
4453303683,196786,2026-06-15,11:35:25,0.01,f
4453303690,196729,2026-06-15,11:35:26,0.00,f
4453303698,196753,2026-06-15,11:35:26,0.01,f
3404750095,267368,2026-06-15,11:35:26,Норма,f
4453303706,196774,2026-06-15,11:35:27,0.00,f
4453303720,196752,2026-06-15,11:35:28,0.00,f
4453303762,196771,2026-06-15,11:35:31,0.01,f
4453303781,196738,2026-06-15,11:35:32,0.00,f
4453303806,196785,2026-06-15,11:35:34,0.01,f
4453303807,196789,2026-06-15,11:35:34,0.01,f
4453303810,196727,2026-06-15,11:35:34,0.00,f
4453303858,196789,2026-06-15,11:35:38,0.00,f
4453303866,196723,2026-06-15,11:35:38,0.01,f
4453303867,196775,2026-06-15,11:35:38,0.01,f
4453303900,196732,2026-06-15,11:35:40,0.00,f
4453303817,268158,2026-06-15,11:35:42,0.01,f
4453303940,196777,2026-06-15,11:35:42,0.01,f
4453303967,104047,2026-06-15,11:35:44,0.09,f
4453303965,196723,2026-06-15,11:35:44,0.00,f
4453303966,196771,2026-06-15,11:35:44,0.00,f
4453303885,268203,2026-06-15,11:35:46,0.04,f
4453304004,196771,2026-06-15,11:35:46,0.01,f
4453303941,288176,2026-06-15,11:35:47,0.02,f
4453303950,288176,2026-06-15,11:35:49,0.01,f
4453304065,196753,2026-06-15,11:35:50,0.00,f
4453304110,196796,2026-06-15,11:35:52,0.01,f
4453304100,196756,2026-06-15,11:35:52,0.00,f
4453304122,196785,2026-06-15,11:35:53,0.00,f
4453304116,196771,2026-06-15,11:35:53,0.00,f
4453304129,196730,2026-06-15,11:35:54,0.01,f
4453304154,196755,2026-06-15,11:35:55,0.01,f
4453304156,196785,2026-06-15,11:35:55,0.01,f
3404749473,77770,2026-06-15,11:35:55,Обнаружено движение,f
4453304181,104036,2026-06-15,11:35:56,0.08,f
4453304162,147207,2026-06-15,11:35:56,0.03,f
4453304163,147208,2026-06-15,11:35:56,0.05,f
4453304164,196723,2026-06-15,11:35:56,0.01,f
4453304171,196736,2026-06-15,11:35:56,0.01,f
4453304191,196755,2026-06-15,11:35:57,0.00,f
4453304208,196736,2026-06-15,11:35:58,0.00,f
3404749537,77770,2026-06-15,11:35:58,Движения нет,f
4453304255,196753,2026-06-15,11:36:00,0.01,f
4453304262,196764,2026-06-15,11:36:01,0.01,f
4453304269,196761,2026-06-15,11:36:01,0.01,f
4453304283,196726,2026-06-15,11:36:02,0.01,f
4453304302,196761,2026-06-15,11:36:03,0.00,f
4453304198,268203,2026-06-15,11:36:04,0.03,f
4453304339,196777,2026-06-15,11:36:05,0.00,f
4453304357,196723,2026-06-15,11:36:06,0.00,f
4453304210,268158,2026-06-15,11:36:06,0.00,f
4453304226,268158,2026-06-15,11:36:06,0.01,f
4453304235,268203,2026-06-15,11:36:06,0.04,f
3404749657,77712,2026-06-15,11:36:06,Обнаружено движение,f
4453304362,196753,2026-06-15,11:36:06,0.00,f
4453304349,196785,2026-06-15,11:36:06,0.00,f
4453304350,196796,2026-06-15,11:36:06,0.00,f
4453304354,196771,2026-06-15,11:36:06,0.01,f
4453304258,288176,2026-06-15,11:36:07,0.00,f
3404749670,77770,2026-06-15,11:36:07,Обнаружено движение,f
4453305665,278306,2026-06-15,11:36:08,0.01,f
4453304387,196764,2026-06-15,11:36:08,0.00,f
4453304388,196771,2026-06-15,11:36:08,0.00,f
4453304272,268203,2026-06-15,11:36:08,0.03,f
3404749681,77770,2026-06-15,11:36:08,Движения нет,f
4453304395,196753,2026-06-15,11:36:09,0.01,f
4453304405,196731,2026-06-15,11:36:09,0.01,f
4453304288,268158,2026-06-15,11:36:10,0.00,f
4453304419,196771,2026-06-15,11:36:10,0.01,f
3404749706,77770,2026-06-15,11:36:10,Обнаружено движение,f
4453304300,268158,2026-06-15,11:36:11,0.01,f
4453304437,196734,2026-06-15,11:36:11,0.01,f
3404749724,77712,2026-06-15,11:36:11,Движения нет,f
4453304441,196726,2026-06-15,11:36:12,0.00,f
4453304444,196784,2026-06-15,11:36:12,0.01,f
3404749744,77770,2026-06-15,11:36:12,Движения нет,f
4453304466,196731,2026-06-15,11:36:13,0.00,f
4453304482,196784,2026-06-15,11:36:14,0.00,f
3404749775,77712,2026-06-15,11:36:14,Обнаружено движение,f
4453304499,104047,2026-06-15,11:36:14,0.08,f
4453304504,196734,2026-06-15,11:36:16,0.00,f
4453304379,268233,2026-06-15,11:36:17,0.01,f
4453304397,268173,2026-06-15,11:36:17,0.24,f
4453304523,196731,2026-06-15,11:36:17,0.01,f
4453304531,196734,2026-06-15,11:36:18,0.01,f
4453304541,196762,2026-06-15,11:36:18,0.01,f
4453304544,196789,2026-06-15,11:36:18,0.01,f
4453304549,196723,2026-06-15,11:36:18,0.01,f
4453304550,196764,2026-06-15,11:36:18,0.01,f
4453304568,196731,2026-06-15,11:36:19,0.00,f
3404749834,77712,2026-06-15,11:36:19,Движения нет,f
4453304581,196734,2026-06-15,11:36:20,0.00,f
4453304583,196762,2026-06-15,11:36:20,0.00,f
4453304453,268173,2026-06-15,11:36:21,0.25,f
4453304617,196723,2026-06-15,11:36:22,0.00,f
4453304474,268173,2026-06-15,11:36:23,0.24,f
4453304620,196764,2026-06-15,11:36:23,0.00,f
4453304650,196736,2026-06-15,11:36:24,0.01,f
4453304526,268203,2026-06-15,11:36:25,0.04,f
4453304668,196761,2026-06-15,11:36:25,0.01,f
4453304689,196796,2026-06-15,11:36:26,0.01,f
4453304693,147208,2026-06-15,11:36:27,0.04,f
4453304700,196761,2026-06-15,11:36:27,0.00,f
4453304711,104036,2026-06-15,11:36:27,0.07,f
4453304717,196796,2026-06-15,11:36:28,0.00,f
3404751273,266719,2026-06-15,11:36:28,Не замкнут,f
4453304712,196734,2026-06-15,11:36:28,0.01,f
4453304713,196736,2026-06-15,11:36:28,0.00,f
4453304715,196789,2026-06-15,11:36:28,0.00,f
4453304595,268173,2026-06-15,11:36:29,0.25,f
4453304744,196734,2026-06-15,11:36:30,0.00,f
4453304738,196730,2026-06-15,11:36:30,0.00,f
3404749991,77772,2026-06-15,11:36:31,Обнаружено движение,f
4453304766,213363,2026-06-15,11:36:31,0.05,f
4453304757,196728,2026-06-15,11:36:31,0.01,f
4453304759,196767,2026-06-15,11:36:31,0.01,f
4453304763,196761,2026-06-15,11:36:31,0.01,f
4453304765,196786,2026-06-15,11:36:31,0.00,f
3404751341,266719,2026-06-15,11:36:32,Норма,f
4453304779,196736,2026-06-15,11:36:32,0.01,f
4453304785,196762,2026-06-15,11:36:32,0.01,f
4453304778,196734,2026-06-15,11:36:32,0.01,f
4453304797,196767,2026-06-15,11:36:33,0.00,f
4453304804,196761,2026-06-15,11:36:33,0.00,f
4453304809,196789,2026-06-15,11:36:33,0.01,f
3404750019,77772,2026-06-15,11:36:33,Движения нет,f
4453304656,268203,2026-06-15,11:36:33,0.03,f
4453304678,268203,2026-06-15,11:36:33,0.04,f
4453304824,196762,2026-06-15,11:36:34,0.00,f
4453304833,196784,2026-06-15,11:36:35,0.01,f
4453304850,196789,2026-06-15,11:36:36,0.00,f
4453304855,196736,2026-06-15,11:36:36,0.00,f
4453304863,196751,2026-06-15,11:36:37,0.01,f
4453304735,268233,2026-06-15,11:36:37,0.00,f
4453306210,278306,2026-06-15,11:36:38,0.00,f
4453304878,196775,2026-06-15,11:36:38,0.00,f
4453304882,147201,2026-06-15,11:36:38,0.10,f
4453304918,196746,2026-06-15,11:36:40,0.01,f
4453304924,196756,2026-06-15,11:36:41,0.01,f
4453304938,196789,2026-06-15,11:36:42,0.01,f
4453304952,196738,2026-06-15,11:36:42,0.01,f
4453304842,268203,2026-06-15,11:36:43,0.03,f
3404750500,144781,2026-06-15,11:36:43,Обнаружено движение,f
4453304986,196771,2026-06-15,11:36:44,0.00,f
3404750513,144781,2026-06-15,11:36:44,Движения нет,f
4453305020,196746,2026-06-15,11:36:46,0.02,f
4453304887,268203,2026-06-15,11:36:47,0.04,f
4453305044,213780,2026-06-15,11:36:47,0.02,f
4453305037,196745,2026-06-15,11:36:47,0.01,f
4453305046,196753,2026-06-15,11:36:48,0.04,f
4453305049,196789,2026-06-15,11:36:48,0.00,f
4453305050,196796,2026-06-15,11:36:48,0.01,f
4453305058,196732,2026-06-15,11:36:48,0.01,f
4453304923,268203,2026-06-15,11:36:49,0.03,f
4453305073,196767,2026-06-15,11:36:49,0.01,f
4453305075,196772,2026-06-15,11:36:49,0.01,f
4453305079,196753,2026-06-15,11:36:50,0.05,f
4453305082,196796,2026-06-15,11:36:50,0.00,f
4453305092,196738,2026-06-15,11:36:51,0.00,f
3404750649,144779,2026-06-15,11:36:52,Обнаружено движение,f
4453305104,196753,2026-06-15,11:36:52,0.00,f
4453305119,196746,2026-06-15,11:36:53,0.03,f
4453305123,196738,2026-06-15,11:36:53,0.01,f
4453305129,196775,2026-06-15,11:36:53,0.01,f
4453305132,196745,2026-06-15,11:36:54,0.00,f
4453305146,196784,2026-06-15,11:36:54,0.00,f
4453305148,196746,2026-06-15,11:36:55,0.00,f
4453305150,196738,2026-06-15,11:36:55,0.00,f
3404750677,144779,2026-06-15,11:36:55,Движения нет,f
4453305170,196789,2026-06-15,11:36:56,0.01,f
4453305060,268203,2026-06-15,11:36:57,0.04,f
4453305188,147208,2026-06-15,11:36:57,0.05,f
4453305191,196783,2026-06-15,11:36:57,0.01,f
4453305196,196745,2026-06-15,11:36:58,0.01,f
4453305198,196752,2026-06-15,11:36:58,0.01,f
3404750894,144779,2026-06-15,11:37:00,Обнаружено движение,f
3404750967,144779,2026-06-15,11:37:01,Движения нет,f
4453305263,196756,2026-06-15,11:37:02,0.00,f
4453305272,213363,2026-06-15,11:37:02,0.04,f
4453305269,196783,2026-06-15,11:37:03,0.00,f
4453305287,196772,2026-06-15,11:37:04,0.00,f
4453305320,196772,2026-06-15,11:37:06,0.01,f
4453305327,196756,2026-06-15,11:37:06,0.01,f
4453305339,196772,2026-06-15,11:37:07,0.00,f
4453305346,196738,2026-06-15,11:37:07,0.01,f
4453305368,196726,2026-06-15,11:37:08,0.01,f
4453305373,196752,2026-06-15,11:37:08,0.00,f
4453305389,196783,2026-06-15,11:37:09,0.01,f
4453305392,196771,2026-06-15,11:37:09,0.01,f
4453305413,196745,2026-06-15,11:37:10,0.00,f
4453305414,196752,2026-06-15,11:37:10,0.01,f
4453305417,147201,2026-06-15,11:37:10,0.11,f
4453305428,196756,2026-06-15,11:37:10,0.00,f
4453305440,196733,2026-06-15,11:37:11,0.01,f
4453305443,196783,2026-06-15,11:37:11,0.00,f
4453305447,196771,2026-06-15,11:37:11,0.00,f
4453305458,196732,2026-06-15,11:37:12,0.00,f
3404750508,2997,2026-06-15,11:37:12,Норма,f
4453305452,196796,2026-06-15,11:37:12,0.01,f
4453305457,196726,2026-06-15,11:37:12,0.00,f
3404750524,2997,2026-06-15,11:37:13,Не замкнут,f
4453305478,196733,2026-06-15,11:37:13,0.00,f
4453305307,268158,2026-06-15,11:37:13,0.00,f
4453305518,196760,2026-06-15,11:37:14,0.01,f
4453305516,196738,2026-06-15,11:37:14,0.02,f
4453305533,196756,2026-06-15,11:37:15,0.01,f
3404751259,144781,2026-06-15,11:37:15,Обнаружено движение,f
3404750568,2997,2026-06-15,11:37:15,Норма,f
4453305481,230493,2026-06-15,11:37:16,0.16,f
4453305544,196796,2026-06-15,11:37:16,0.00,f
4453305551,196726,2026-06-15,11:37:16,0.01,f
4453305553,196768,2026-06-15,11:37:16,0.01,f
3404751274,144781,2026-06-15,11:37:16,Движения нет,f
4453305480,230493,2026-06-15,11:37:16,0.02,f
4453305556,196760,2026-06-15,11:37:17,0.00,f
4453305562,196725,2026-06-15,11:37:17,0.01,f
4453305593,104061,2026-06-15,11:37:17,0.04,f
4453305591,104047,2026-06-15,11:37:17,0.09,f
4453305586,196768,2026-06-15,11:37:18,0.00,f
4453305612,213780,2026-06-15,11:37:19,0.03,f
4453305597,196760,2026-06-15,11:37:19,0.01,f
4453306903,267418,2026-06-15,11:37:20,0.11,f
4453305548,230493,2026-06-15,11:37:20,0.06,f
4453305615,196796,2026-06-15,11:37:20,0.01,f
4453305633,196760,2026-06-15,11:37:21,0.00,f
4453305659,196771,2026-06-15,11:37:22,0.01,f
4453305657,196784,2026-06-15,11:37:22,0.01,f
4453305656,196728,2026-06-15,11:37:22,0.00,f
4453305650,196789,2026-06-15,11:37:22,0.00,f
4453305671,196745,2026-06-15,11:37:23,0.01,f
4453305684,196761,2026-06-15,11:37:24,0.01,f
4453305692,196728,2026-06-15,11:37:24,0.01,f
4453305693,196729,2026-06-15,11:37:24,0.01,f
4453305695,196738,2026-06-15,11:37:25,0.01,f
4453305699,196760,2026-06-15,11:37:25,0.01,f
4453305716,196734,2026-06-15,11:37:26,0.00,f
4453305723,196728,2026-06-15,11:37:26,0.00,f
4453305724,196784,2026-06-15,11:37:26,0.00,f
4453305732,196761,2026-06-15,11:37:27,0.00,f
4453305744,196726,2026-06-15,11:37:27,0.00,f
4453305759,147208,2026-06-15,11:37:29,0.06,f
4453305763,196752,2026-06-15,11:37:29,0.00,f
4453305781,196726,2026-06-15,11:37:30,0.01,f
4453305811,196785,2026-06-15,11:37:31,0.01,f
4453305802,196728,2026-06-15,11:37:31,0.01,f
4453305807,196738,2026-06-15,11:37:31,0.00,f
4453307090,267363,2026-06-15,11:37:32,0.00,f
4453305814,196726,2026-06-15,11:37:32,0.00,f
4453305815,196731,2026-06-15,11:37:32,0.01,f
3404752233,267363,2026-06-15,11:37:32,Норма,f
4453305833,196729,2026-06-15,11:37:33,0.00,f
4453305836,196767,2026-06-15,11:37:33,0.00,f
4453305850,213360,2026-06-15,11:37:33,0.04,f
4453305851,213363,2026-06-15,11:37:33,0.05,f
4453305852,196745,2026-06-15,11:37:34,0.00,f
4453305869,196755,2026-06-15,11:37:35,0.01,f
4453305870,196785,2026-06-15,11:37:35,0.00,f
3404750436,93594,2026-06-15,11:37:35,Не замкнут,f
4453305964,196756,2026-06-15,11:37:40,0.00,f
4453305857,288246,2026-06-15,11:37:40,0.02,f
4453305871,288246,2026-06-15,11:37:42,0.03,f
4453305984,196785,2026-06-15,11:37:42,0.01,f
3404750542,93594,2026-06-15,11:37:43,Норма,f
4453306028,196775,2026-06-15,11:37:44,0.00,f
4453306029,196728,2026-06-15,11:37:44,0.00,f
4453306054,196751,2026-06-15,11:37:45,0.00,f
4453306058,196755,2026-06-15,11:37:45,0.00,f
4453306074,196785,2026-06-15,11:37:46,0.00,f
4453306078,196775,2026-06-15,11:37:46,0.01,f
4453306079,196730,2026-06-15,11:37:46,0.01,f
4453305970,288276,2026-06-15,11:37:46,0.00,f
4453306104,196730,2026-06-15,11:37:47,0.00,f
4453306108,196740,2026-06-15,11:37:47,0.01,f
4453306116,196761,2026-06-15,11:37:48,0.01,f
4453306118,196785,2026-06-15,11:37:48,0.01,f
4453306121,196775,2026-06-15,11:37:48,0.00,f
4453306000,288276,2026-06-15,11:37:48,0.01,f
4453306137,196784,2026-06-15,11:37:49,0.01,f
4453306130,196760,2026-06-15,11:37:49,0.00,f
4453306126,196736,2026-06-15,11:37:49,0.01,f
4453306148,196796,2026-06-15,11:37:50,0.00,f
4453306155,196784,2026-06-15,11:37:50,0.00,f
4453306144,196740,2026-06-15,11:37:50,0.00,f
4453306043,288276,2026-06-15,11:37:50,0.00,f
4453306188,196755,2026-06-15,11:37:52,0.01,f
4453306199,196764,2026-06-15,11:37:52,0.01,f
4453306201,196775,2026-06-15,11:37:52,0.01,f
4453306202,196784,2026-06-15,11:37:52,0.01,f
3404752581,266731,2026-06-15,11:37:52,Обнаружено движение,f
4453306236,196728,2026-06-15,11:37:54,0.01,f
4453306258,196761,2026-06-15,11:37:56,0.00,f
4453306266,196784,2026-06-15,11:37:56,0.00,f
3404752633,266731,2026-06-15,11:37:56,Движения нет,f
4453306280,116076,2026-06-15,11:37:57,0.07,f
4453306285,196725,2026-06-15,11:37:57,0.00,f
4453306292,196753,2026-06-15,11:37:58,0.01,f
3404752653,266731,2026-06-15,11:37:58,Обнаружено движение,f
4453306319,196753,2026-06-15,11:38:00,0.00,f
4453306325,147208,2026-06-15,11:38:00,0.04,f
4453306230,288276,2026-06-15,11:38:00,0.01,f
4453306331,196752,2026-06-15,11:38:01,0.01,f
4453306279,288276,2026-06-15,11:38:02,0.00,f
4453306369,196784,2026-06-15,11:38:03,0.01,f
4453306370,196740,2026-06-15,11:38:03,0.01,f
4453306288,288276,2026-06-15,11:38:04,0.01,f
4453306416,213353,2026-06-15,11:38:05,0.03,f
4453306419,213360,2026-06-15,11:38:05,0.05,f
4453306390,196768,2026-06-15,11:38:05,0.01,f
4453306334,288276,2026-06-15,11:38:06,0.00,f
4453306432,196740,2026-06-15,11:38:07,0.00,f
3404752066,144781,2026-06-15,11:38:07,Обнаружено движение,f
4453306430,196768,2026-06-15,11:38:07,0.00,f
4453306445,196752,2026-06-15,11:38:08,0.02,f
4453306450,196763,2026-06-15,11:38:08,0.01,f
3404752079,144781,2026-06-15,11:38:08,Движения нет,f
4453306469,196755,2026-06-15,11:38:09,0.00,f
4453306380,288276,2026-06-15,11:38:10,0.01,f
4453306494,196771,2026-06-15,11:38:11,0.00,f
4453306508,196785,2026-06-15,11:38:12,0.00,f
3404751761,77562,2026-06-15,11:38:12,Обнаружено движение,f
3404752871,266731,2026-06-15,11:38:12,Движения нет,f
4453306526,196767,2026-06-15,11:38:13,0.01,f
4453306546,196752,2026-06-15,11:38:14,0.01,f
4453306549,196736,2026-06-15,11:38:14,0.00,f
4453306544,196786,2026-06-15,11:38:14,0.01,f
4453306441,288276,2026-06-15,11:38:15,0.00,f
3404751823,77562,2026-06-15,11:38:15,Движения нет,f
3404751796,2866,2026-06-15,11:38:15,Обнаружено движение,f
3404751729,333641,2026-06-15,11:38:16,Включен,f
4453306586,196752,2026-06-15,11:38:16,0.02,f
4453306480,288276,2026-06-15,11:38:17,0.01,f
3404751832,2866,2026-06-15,11:38:18,Движения нет,f
4453306611,196755,2026-06-15,11:38:18,0.01,f
4453306618,196746,2026-06-15,11:38:18,0.01,f
4453306617,196780,2026-06-15,11:38:18,0.01,f
4453306615,196732,2026-06-15,11:38:18,0.01,f
4453306481,115240,2026-06-15,11:38:18,22,f
4453306511,288276,2026-06-15,11:38:19,0.00,f
4453306520,288276,2026-06-15,11:38:19,0.01,f
4453306657,196780,2026-06-15,11:38:20,0.00,f
3404752271,144781,2026-06-15,11:38:21,Обнаружено движение,f
4453306696,196746,2026-06-15,11:38:22,0.00,f
3404752281,144781,2026-06-15,11:38:22,Движения нет,f
4453306691,196765,2026-06-15,11:38:22,0.01,f
4453306710,196733,2026-06-15,11:38:23,0.01,f
4453306583,268158,2026-06-15,11:38:24,0.01,f
4453306748,196761,2026-06-15,11:38:26,0.01,f
4453306751,196785,2026-06-15,11:38:26,0.01,f
3404751919,2866,2026-06-15,11:38:26,Обнаружено движение,f
3404751932,2866,2026-06-15,11:38:27,Движения нет,f
3404751933,3067,2026-06-15,11:38:27,Не замкнут,t
4453306647,288276,2026-06-15,11:38:27,0.00,f
4453306788,196728,2026-06-15,11:38:28,0.00,f
4453306795,116076,2026-06-15,11:38:28,0.06,f
4453306812,196767,2026-06-15,11:38:29,0.00,f
4453306816,196755,2026-06-15,11:38:30,0.00,f
4453306823,196728,2026-06-15,11:38:30,0.01,f
3404753171,266731,2026-06-15,11:38:30,Обнаружено движение,f
4453306833,196760,2026-06-15,11:38:31,0.01,f
4453306845,196755,2026-06-15,11:38:32,0.01,f
4453306846,196756,2026-06-15,11:38:32,0.01,f
4453306847,196761,2026-06-15,11:38:32,0.00,f
4453306857,196775,2026-06-15,11:38:32,0.00,f
4453306858,196777,2026-06-15,11:38:32,0.01,f
4453306870,196785,2026-06-15,11:38:33,0.00,f
4453306898,196728,2026-06-15,11:38:34,0.00,f
4453306918,196731,2026-06-15,11:38:36,0.00,f
3404752030,330488,2026-06-15,11:38:36,Не замкнут,f
4453306932,213353,2026-06-15,11:38:36,0.05,f
4453306935,213360,2026-06-15,11:38:36,0.04,f
3404752536,144781,2026-06-15,11:38:38,Обнаружено движение,f
4453306952,196775,2026-06-15,11:38:38,0.01,f
3404753285,266731,2026-06-15,11:38:38,Движения нет,f
4453306964,196729,2026-06-15,11:38:39,0.01,f
4453306965,196764,2026-06-15,11:38:39,0.00,f
3404752562,144781,2026-06-15,11:38:39,Движения нет,f
4453306977,196730,2026-06-15,11:38:40,0.01,f
3404752142,2876,2026-06-15,11:38:40,Обнаружено движение,f
4453306991,196729,2026-06-15,11:38:41,0.00,f
3404752102,333611,2026-06-15,11:38:42,Есть питание,f
4453307002,196730,2026-06-15,11:38:42,0.00,f
3404752140,330488,2026-06-15,11:38:42,Норма,f
4453307031,196785,2026-06-15,11:38:43,0.01,f
3404752191,2876,2026-06-15,11:38:43,Движения нет,f
4453307041,196730,2026-06-15,11:38:44,0.01,f
4453307057,196729,2026-06-15,11:38:45,0.01,f
4453307066,196790,2026-06-15,11:38:45,0.01,f
4453306966,288196,2026-06-15,11:38:45,0.01,f
4453307070,196775,2026-06-15,11:38:46,0.00,f
3404753426,266731,2026-06-15,11:38:46,Обнаружено движение,f
3404752224,2866,2026-06-15,11:38:47,Обнаружено движение,f
4453307096,196785,2026-06-15,11:38:48,0.00,f
4453307100,196729,2026-06-15,11:38:48,0.00,f
4453307102,196730,2026-06-15,11:38:48,0.00,f
4453307104,196765,2026-06-15,11:38:48,0.00,f
3404753489,266731,2026-06-15,11:38:48,Движения нет,f
3404752253,2866,2026-06-15,11:38:48,Движения нет,f
4453307026,288196,2026-06-15,11:38:49,0.00,f
3404753513,266731,2026-06-15,11:38:50,Обнаружено движение,f
4453307131,196786,2026-06-15,11:38:50,0.00,f
4453307133,196729,2026-06-15,11:38:50,0.01,f
4453307137,196736,2026-06-15,11:38:50,0.01,f
4453307141,196756,2026-06-15,11:38:51,0.00,f
4453307155,196764,2026-06-15,11:38:51,0.01,f
4453308449,267423,2026-06-15,11:38:52,0.04,f
4453307166,196790,2026-06-15,11:38:52,0.00,f
3404753544,266731,2026-06-15,11:38:52,Движения нет,f
4453307174,196738,2026-06-15,11:38:52,0.01,f
4453307191,196764,2026-06-15,11:38:53,0.00,f
4453307179,196756,2026-06-15,11:38:53,0.01,f
4453307194,196760,2026-06-15,11:38:54,0.00,f
3404752246,333641,2026-06-15,11:38:54,Выключен,f
4453307247,196752,2026-06-15,11:38:56,0.00,f
4453307246,196745,2026-06-15,11:38:56,0.01,f
4453307241,196796,2026-06-15,11:38:56,0.01,f
4453307244,196726,2026-06-15,11:38:56,0.01,f
4453307240,196785,2026-06-15,11:38:56,0.01,f
4453307272,196726,2026-06-15,11:38:58,0.00,f
4453307273,196729,2026-06-15,11:38:58,0.00,f
4453307274,196732,2026-06-15,11:38:58,0.00,f
4453307277,196745,2026-06-15,11:38:59,0.00,f
4453307304,196756,2026-06-15,11:39:00,0.00,f
4453307310,196786,2026-06-15,11:39:00,0.01,f
3404752444,2988,2026-06-15,11:39:00,Обнаружено движение,f
4453307172,268203,2026-06-15,11:39:00,0.03,f
4453307315,196726,2026-06-15,11:39:00,0.01,f
4453307328,196779,2026-06-15,11:39:01,0.01,f
4453307329,196772,2026-06-15,11:39:01,0.01,f
3404752475,2988,2026-06-15,11:39:01,Движения нет,f
4453307337,196756,2026-06-15,11:39:02,0.01,f
4453307343,196784,2026-06-15,11:39:02,0.00,f
4453307352,196738,2026-06-15,11:39:03,0.00,f
4453307363,196767,2026-06-15,11:39:04,0.01,f
4453307231,288276,2026-06-15,11:39:04,0.01,f
4453307376,196732,2026-06-15,11:39:05,0.01,f
4453307279,288196,2026-06-15,11:39:06,0.01,f
4453307391,196767,2026-06-15,11:39:06,0.00,f
4453307298,288276,2026-06-15,11:39:08,0.00,f
4453307302,288196,2026-06-15,11:39:08,0.00,f
4453307321,288276,2026-06-15,11:39:08,0.01,f
4453307433,196763,2026-06-15,11:39:08,0.00,f
4453307425,196767,2026-06-15,11:39:08,0.01,f
4453307445,196779,2026-06-15,11:39:09,0.00,f
4453307449,213357,2026-06-15,11:39:09,0.03,f
4453307444,196729,2026-06-15,11:39:09,0.01,f
4453307446,196764,2026-06-15,11:39:09,0.01,f
4453307353,288196,2026-06-15,11:39:10,0.01,f
4453307476,196726,2026-06-15,11:39:11,0.02,f
4453307478,196729,2026-06-15,11:39:11,0.00,f
4453307483,196779,2026-06-15,11:39:11,0.01,f
4453307368,288276,2026-06-15,11:39:12,0.00,f
4453307369,288196,2026-06-15,11:39:12,0.00,f
4453307498,196775,2026-06-15,11:39:12,0.01,f
4453307511,196764,2026-06-15,11:39:13,0.00,f
4453307533,196753,2026-06-15,11:39:14,0.01,f
4453307556,196726,2026-06-15,11:39:16,0.01,f
4453307557,196772,2026-06-15,11:39:16,0.00,f
4453307562,196762,2026-06-15,11:39:16,0.01,f
4453307447,288276,2026-06-15,11:39:16,0.01,f
4453307573,196746,2026-06-15,11:39:17,0.01,f
3404752289,93243,2026-06-15,11:39:19,Обнаружено движение,f
4453307608,196777,2026-06-15,11:39:19,0.00,f
4453307612,196743,2026-06-15,11:39:19,0.01,f
4453307544,230543,2026-06-15,11:39:20,0.01,f
4453307624,196726,2026-06-15,11:39:20,0.02,f
4453307628,196753,2026-06-15,11:39:21,0.00,f
4453307629,196762,2026-06-15,11:39:21,0.00,f
4453307645,196764,2026-06-15,11:39:21,0.01,f
4453307657,196746,2026-06-15,11:39:22,0.00,f
3404752330,93243,2026-06-15,11:39:22,Движения нет,f
4453307666,104047,2026-06-15,11:39:22,0.08,f
4453307667,104054,2026-06-15,11:39:22,0.03,f
4453307653,196726,2026-06-15,11:39:22,0.01,f
4453307662,196762,2026-06-15,11:39:23,0.01,f
4453307692,196746,2026-06-15,11:39:24,0.01,f
4453307687,196726,2026-06-15,11:39:24,0.02,f
4453307587,230493,2026-06-15,11:39:24,0.02,f
4453307592,230493,2026-06-15,11:39:24,0.16,f
4453307700,196756,2026-06-15,11:39:25,0.00,f
4453307699,196753,2026-06-15,11:39:25,0.01,f
3404752867,77537,2026-06-15,11:39:26,Не замкнут,f
4453307643,230493,2026-06-15,11:39:26,0.00,f
4453307639,230543,2026-06-15,11:39:26,0.00,f
4453307590,268158,2026-06-15,11:39:26,0.00,f
3404752377,93243,2026-06-15,11:39:26,Обнаружено движение,f
3404752896,77538,2026-06-15,11:39:27,Обнаружено движение,f
4453307740,196743,2026-06-15,11:39:28,0.00,f
4453307753,196780,2026-06-15,11:39:28,0.01,f
3404752423,93243,2026-06-15,11:39:28,Движения нет,f
4453307759,196753,2026-06-15,11:39:29,0.00,f
4453307763,196762,2026-06-15,11:39:29,0.00,f
4453307778,196786,2026-06-15,11:39:30,0.00,f
4453307781,196764,2026-06-15,11:39:30,0.00,f
4453307787,196746,2026-06-15,11:39:30,0.00,f
3404752936,77537,2026-06-15,11:39:30,Норма,f
4453307796,196753,2026-06-15,11:39:31,0.01,f
4453307817,196755,2026-06-15,11:39:32,0.00,f
4453307845,196767,2026-06-15,11:39:33,0.02,f
3404752975,77538,2026-06-15,11:39:33,Движения нет,f
4453307724,268158,2026-06-15,11:39:34,0.01,f
4453307864,196780,2026-06-15,11:39:34,0.00,f
4453307764,268158,2026-06-15,11:39:36,0.00,f
3404753026,77538,2026-06-15,11:39:36,Обнаружено движение,f
4453307780,268158,2026-06-15,11:39:38,0.01,f
4453307785,268203,2026-06-15,11:39:38,0.04,f
4453307917,196789,2026-06-15,11:39:38,0.01,f
4453307923,196726,2026-06-15,11:39:39,0.01,f
4453307832,268203,2026-06-15,11:39:40,0.03,f
4453307936,196733,2026-06-15,11:39:40,0.00,f
4453307944,196755,2026-06-15,11:39:40,0.01,f
4453307950,196789,2026-06-15,11:39:40,0.00,f
4453307958,196764,2026-06-15,11:39:41,0.01,f
3404753118,77538,2026-06-15,11:39:42,Движения нет,f
3404753606,144757,2026-06-15,11:39:42,Обнаружено движение,f
3404754440,266946,2026-06-15,11:39:42,Обнаружено движение,f
4453307985,196779,2026-06-15,11:39:43,0.00,f
4453307996,196751,2026-06-15,11:39:44,0.01,f
4453308007,196755,2026-06-15,11:39:44,0.00,f
4453309354,267418,2026-06-15,11:39:44,0.12,f
3404753665,144757,2026-06-15,11:39:44,Движения нет,f
4453309372,267418,2026-06-15,11:39:44,0.11,f
3404753684,144757,2026-06-15,11:39:45,Обнаружено движение,f
4453308020,196726,2026-06-15,11:39:45,0.00,f
4453308019,196764,2026-06-15,11:39:45,0.00,f
4453309405,267418,2026-06-15,11:39:46,0.12,f
3404754503,266946,2026-06-15,11:39:46,Движения нет,f
4453308031,196785,2026-06-15,11:39:46,0.00,f
4453308059,196738,2026-06-15,11:39:47,0.01,f
4453308057,196767,2026-06-15,11:39:47,0.00,f
4453308054,196779,2026-06-15,11:39:47,0.01,f
4453308077,196751,2026-06-15,11:39:48,0.00,f
3404753724,144757,2026-06-15,11:39:48,Движения нет,f
4453308089,196796,2026-06-15,11:39:49,0.00,f
4453308100,196767,2026-06-15,11:39:49,0.01,f
4453308121,196796,2026-06-15,11:39:51,0.01,f
3404753773,144759,2026-06-15,11:39:51,Обнаружено движение,f
4453308155,196751,2026-06-15,11:39:52,0.01,f
3404754640,266946,2026-06-15,11:39:52,Обнаружено движение,f
4453308173,196771,2026-06-15,11:39:53,0.01,f
3404753838,144759,2026-06-15,11:39:53,Движения нет,f
3404753267,93829,2026-06-15,11:39:53,Обнаружено движение,f
4453308181,196738,2026-06-15,11:39:53,0.00,f
4453308175,196779,2026-06-15,11:39:53,0.00,f
4453308172,196796,2026-06-15,11:39:53,0.00,f
3404753319,209989,2026-06-15,11:39:54,Обнаружено движение,f
3404753864,144759,2026-06-15,11:39:54,Обнаружено движение,f
4453308202,196736,2026-06-15,11:39:54,0.00,f
3404754670,266946,2026-06-15,11:39:54,Движения нет,f
3404754687,266946,2026-06-15,11:39:54,Обнаружено движение,f
4453308211,196789,2026-06-15,11:39:55,0.01,f
3404753313,93829,2026-06-15,11:39:56,Движения нет,f
4453308260,196732,2026-06-15,11:39:57,0.00,f
3404753888,144759,2026-06-15,11:39:57,Движения нет,f
3404754742,266946,2026-06-15,11:39:58,Движения нет,f
4453308116,268203,2026-06-15,11:39:58,0.04,f
4453308267,196755,2026-06-15,11:39:58,0.01,f
3404753378,209989,2026-06-15,11:39:58,Движения нет,f
4453308280,196753,2026-06-15,11:39:59,0.00,f
4453308288,196728,2026-06-15,11:39:59,0.01,f
4453308299,196755,2026-06-15,11:40:00,0.00,f
4453308306,196728,2026-06-15,11:40:00,0.00,f
4453308322,196771,2026-06-15,11:40:01,0.00,f
4453308332,196760,2026-06-15,11:40:02,0.01,f
4453308346,196728,2026-06-15,11:40:02,0.01,f
4453308364,196779,2026-06-15,11:40:03,0.01,f
4453308365,196771,2026-06-15,11:40:03,0.01,f
4453308385,196727,2026-06-15,11:40:04,0.01,f
4453308381,196789,2026-06-15,11:40:04,0.00,f
3404754008,144847,2026-06-15,11:40:04,Не замкнут,f
4453308404,196730,2026-06-15,11:40:05,0.01,f
4453308274,268203,2026-06-15,11:40:06,0.03,f
4453308411,196760,2026-06-15,11:40:06,0.00,f
4453308416,196789,2026-06-15,11:40:06,0.01,f
4453308421,196765,2026-06-15,11:40:06,0.01,f
4453308422,196771,2026-06-15,11:40:06,0.00,f
4453308424,104036,2026-06-15,11:40:06,0.08,f
4453308409,196734,2026-06-15,11:40:06,0.01,f
4453308432,196730,2026-06-15,11:40:07,0.00,f
4453308446,196789,2026-06-15,11:40:08,0.00,f
4453308452,196775,2026-06-15,11:40:08,0.00,f
4453308454,196727,2026-06-15,11:40:08,0.00,f
4453308479,196789,2026-06-15,11:40:10,0.01,f
4453308482,196771,2026-06-15,11:40:10,0.01,f
4453308485,196727,2026-06-15,11:40:10,0.01,f
4453308495,196762,2026-06-15,11:40:11,0.01,f
3404754117,144847,2026-06-15,11:40:12,Норма,f
4453308418,288211,2026-06-15,11:40:12,0.01,f
4453308514,213357,2026-06-15,11:40:12,0.06,f
4453308548,196751,2026-06-15,11:40:14,0.00,f
4453308542,196730,2026-06-15,11:40:14,0.01,f
4453308428,288211,2026-06-15,11:40:14,0.00,f
4453308559,196765,2026-06-15,11:40:15,0.00,f
4453308569,196738,2026-06-15,11:40:15,0.01,f
4453308582,196779,2026-06-15,11:40:16,0.00,f
4453308591,196736,2026-06-15,11:40:16,0.01,f
4453308609,196760,2026-06-15,11:40:17,0.01,f
4453308604,196727,2026-06-15,11:40:17,0.00,f
3404753716,330528,2026-06-15,11:40:18,Обнаружено движение,f
4453308630,196738,2026-06-15,11:40:19,0.00,f
4453308635,196760,2026-06-15,11:40:19,0.00,f
3404753762,330528,2026-06-15,11:40:20,Движения нет,f
4453308643,196765,2026-06-15,11:40:20,0.01,f
4453308661,196727,2026-06-15,11:40:21,0.01,f
3404753824,3068,2026-06-15,11:40:21,Не замкнут,t
4453308688,196762,2026-06-15,11:40:22,0.00,f
4453308699,196738,2026-06-15,11:40:23,0.01,f
4453308726,196727,2026-06-15,11:40:25,0.00,f
4453308751,104054,2026-06-15,11:40:25,0.02,f
4453308731,196779,2026-06-15,11:40:25,0.01,f
4453308767,196729,2026-06-15,11:40:27,0.01,f
4453308771,196767,2026-06-15,11:40:27,0.00,f
4453308773,196771,2026-06-15,11:40:27,0.00,f
4453308786,196731,2026-06-15,11:40:28,0.01,f
4453308787,196765,2026-06-15,11:40:28,0.00,f
3404753809,269126,2026-06-15,11:40:29,Не замкнут,f
3404753818,269125,2026-06-15,11:40:29,Не замкнут,f
4453308802,196777,2026-06-15,11:40:29,0.01,f
4453308803,196771,2026-06-15,11:40:29,0.01,f
4453308825,196780,2026-06-15,11:40:30,0.01,f
4453308852,196738,2026-06-15,11:40:32,0.00,f
4453308887,196777,2026-06-15,11:40:33,0.00,f
4453308732,268158,2026-06-15,11:40:34,0.00,f
3404754045,103964,2026-06-15,11:40:34,Есть питание,f
4453308890,196738,2026-06-15,11:40:34,0.01,f
4453308929,196777,2026-06-15,11:40:35,0.01,f
4453308932,196734,2026-06-15,11:40:36,0.00,f
4453308769,268158,2026-06-15,11:40:36,0.01,f
4453308959,196731,2026-06-15,11:40:37,0.00,f
4453308964,104036,2026-06-15,11:40:37,0.07,f
4453308992,196771,2026-06-15,11:40:40,0.00,f
3404755381,266610,2026-06-15,11:40:40,Норма,f
3404755384,266607,2026-06-15,11:40:40,Норма,f
4453309008,196729,2026-06-15,11:40:41,0.00,f
4453309023,196777,2026-06-15,11:40:42,0.00,f
4453309040,196771,2026-06-15,11:40:43,0.01,f
3404754153,2866,2026-06-15,11:40:44,Обнаружено движение,f
4453309081,196780,2026-06-15,11:40:45,0.00,f
4453309084,196729,2026-06-15,11:40:45,0.01,f
4453308978,268203,2026-06-15,11:40:46,0.04,f
4453309099,196777,2026-06-15,11:40:46,0.01,f
3404754226,77562,2026-06-15,11:40:47,Обнаружено движение,f
3404754193,2866,2026-06-15,11:40:47,Движения нет,f
3404754195,2874,2026-06-15,11:40:47,Обнаружено движение,f
4453309144,196725,2026-06-15,11:40:48,0.01,f
4453309150,196759,2026-06-15,11:40:48,0.03,f
3404754136,330528,2026-06-15,11:40:48,Обнаружено движение,f
3404754161,330528,2026-06-15,11:40:49,Движения нет,f
4453309158,196728,2026-06-15,11:40:49,0.00,f
4453309173,196731,2026-06-15,11:40:50,0.01,f
3404754254,2874,2026-06-15,11:40:51,Движения нет,f
4453309206,196730,2026-06-15,11:40:52,0.00,f
4453309207,196731,2026-06-15,11:40:52,0.00,f
4453309208,196733,2026-06-15,11:40:52,0.01,f
4453309219,196759,2026-06-15,11:40:52,0.00,f
4453309222,196762,2026-06-15,11:40:52,0.01,f
4453309205,196725,2026-06-15,11:40:52,0.00,f
3404754313,77562,2026-06-15,11:40:54,Движения нет,f
4453309246,196725,2026-06-15,11:40:54,0.01,f
4453309252,196765,2026-06-15,11:40:54,0.01,f
4453309258,196756,2026-06-15,11:40:54,0.01,f
4453309269,196768,2026-06-15,11:40:55,0.01,f
4453309270,196729,2026-06-15,11:40:55,0.00,f
4453309271,196733,2026-06-15,11:40:55,0.00,f
4453309301,104054,2026-06-15,11:40:56,0.03,f
4453309285,196780,2026-06-15,11:40:56,0.01,f
3404754362,77562,2026-06-15,11:40:56,Обнаружено движение,f
4453309294,196789,2026-06-15,11:40:57,0.00,f
4453309292,196756,2026-06-15,11:40:57,0.00,f
4453309303,196729,2026-06-15,11:40:57,0.01,f
4453309304,196733,2026-06-15,11:40:57,0.01,f
3404754479,77562,2026-06-15,11:40:58,Движения нет,f
4453309315,196780,2026-06-15,11:40:58,0.00,f
4453309254,230493,2026-06-15,11:40:59,0.16,f
4453309338,196723,2026-06-15,11:40:59,0.01,f
4453309339,196729,2026-06-15,11:40:59,0.00,f
4453309340,196732,2026-06-15,11:40:59,0.01,f
4453309347,196738,2026-06-15,11:40:59,0.00,f
4453309253,230493,2026-06-15,11:40:59,0.01,f
4453309272,230493,2026-06-15,11:41:00,0.00,f
4453309367,196736,2026-06-15,11:41:00,0.00,f
4453309362,196780,2026-06-15,11:41:00,0.01,f
3404754406,330475,2026-06-15,11:41:01,Не замкнут,f
4453309370,196759,2026-06-15,11:41:01,0.03,f
4453309376,196723,2026-06-15,11:41:01,0.00,f
4453309377,196732,2026-06-15,11:41:01,0.00,f
4453309378,196764,2026-06-15,11:41:01,0.01,f
4453309428,196726,2026-06-15,11:41:04,0.01,f
4453309439,196759,2026-06-15,11:41:05,0.00,f
4453309442,196796,2026-06-15,11:41:05,0.01,f
4453309446,196729,2026-06-15,11:41:05,0.01,f
3404754492,333586,2026-06-15,11:41:06,Есть питание,f
4453309462,196729,2026-06-15,11:41:06,0.00,f
4453309469,196768,2026-06-15,11:41:06,0.00,f
4453309479,196796,2026-06-15,11:41:07,0.00,f
3404754548,330475,2026-06-15,11:41:08,Норма,f
4453309500,196768,2026-06-15,11:41:08,0.01,f
4453309509,196779,2026-06-15,11:41:09,0.00,f
4453309525,196732,2026-06-15,11:41:10,0.01,f
4453309549,196732,2026-06-15,11:41:12,0.00,f
4453309556,196790,2026-06-15,11:41:13,0.01,f
4453309578,196780,2026-06-15,11:41:14,0.00,f
4453309601,196761,2026-06-15,11:41:16,0.01,f
4453309608,196780,2026-06-15,11:41:17,0.01,f
4453309612,196759,2026-06-15,11:41:17,0.03,f
4453309617,196790,2026-06-15,11:41:17,0.00,f
4453309628,196733,2026-06-15,11:41:18,0.00,f
4453309655,196753,2026-06-15,11:41:19,0.01,f
4453309657,196790,2026-06-15,11:41:19,0.01,f
4453309645,196780,2026-06-15,11:41:19,0.00,f
4453309672,196780,2026-06-15,11:41:21,0.01,f
4453309673,196768,2026-06-15,11:41:21,0.00,f
4453309681,196790,2026-06-15,11:41:21,0.00,f
3404754897,2866,2026-06-15,11:41:22,Обнаружено движение,f
4453309686,196733,2026-06-15,11:41:22,0.01,f
4453309695,196761,2026-06-15,11:41:22,0.00,f
4453309708,196780,2026-06-15,11:41:23,0.00,f
4453309716,196762,2026-06-15,11:41:23,0.00,f
4453309737,196761,2026-06-15,11:41:24,0.01,f
3404754926,2866,2026-06-15,11:41:24,Движения нет,f
4453309731,196733,2026-06-15,11:41:24,0.00,f
4453309764,196730,2026-06-15,11:41:26,0.01,f
4453309776,196768,2026-06-15,11:41:27,0.01,f
4453309777,196777,2026-06-15,11:41:27,0.00,f
4453309789,196775,2026-06-15,11:41:28,0.01,f
3404754974,179244,2026-06-15,11:41:28,Есть питание,f
3404754883,269123,2026-06-15,11:41:30,Не замкнут,f
4453309814,196761,2026-06-15,11:41:30,0.00,f
4453309826,196725,2026-06-15,11:41:30,0.00,f
4453309831,196736,2026-06-15,11:41:30,0.01,f
4453309834,196753,2026-06-15,11:41:31,0.00,f
4453309835,196756,2026-06-15,11:41:31,0.01,f
4453309843,196771,2026-06-15,11:41:31,0.00,f
3404754908,269121,2026-06-15,11:41:32,Обнаружено движение,f
4453309849,196790,2026-06-15,11:41:32,0.01,f
4453309860,196753,2026-06-15,11:41:33,0.01,f
4453309877,196768,2026-06-15,11:41:33,0.00,f
4453309893,196790,2026-06-15,11:41:34,0.00,f
4453309895,196765,2026-06-15,11:41:34,0.00,f
4453309896,196730,2026-06-15,11:41:34,0.00,f
4453309914,196733,2026-06-15,11:41:35,0.01,f
4453309932,196726,2026-06-15,11:41:36,0.00,f
4453309947,116069,2026-06-15,11:41:36,0.06,f
4453309933,196730,2026-06-15,11:41:36,0.01,f
4453309955,196768,2026-06-15,11:41:37,0.01,f
4453309946,196759,2026-06-15,11:41:37,0.00,f
4453309945,196753,2026-06-15,11:41:37,0.00,f
4453309964,196761,2026-06-15,11:41:38,0.01,f
4453309862,288226,2026-06-15,11:41:39,0.04,f
4453310007,104036,2026-06-15,11:41:39,0.08,f
4453309853,268158,2026-06-15,11:41:40,0.00,f
4453309926,230493,2026-06-15,11:41:40,0.16,f
4453309997,196761,2026-06-15,11:41:40,0.00,f
4453310026,196764,2026-06-15,11:41:41,0.00,f
4453309878,268158,2026-06-15,11:41:42,0.01,f
4453309970,230493,2026-06-15,11:41:42,0.00,f
3404755067,269123,2026-06-15,11:41:42,Норма,f
3404755196,77770,2026-06-15,11:41:43,Обнаружено движение,f
4453310006,230493,2026-06-15,11:41:44,0.05,f
4453309913,268158,2026-06-15,11:41:44,0.00,f
4453310073,196755,2026-06-15,11:41:44,0.01,f
4453309930,268158,2026-06-15,11:41:44,0.01,f
3404755202,2866,2026-06-15,11:41:44,Обнаружено движение,f
4453310092,196756,2026-06-15,11:41:45,0.00,f
3404755233,77770,2026-06-15,11:41:45,Движения нет,f
4453309953,268158,2026-06-15,11:41:46,0.00,f
4453310104,196734,2026-06-15,11:41:46,0.01,f
3404755248,77770,2026-06-15,11:41:46,Обнаружено движение,f
4453310125,196756,2026-06-15,11:41:47,0.01,f
3404755262,77770,2026-06-15,11:41:47,Движения нет,f
4453309986,268158,2026-06-15,11:41:48,0.01,f
4453310009,268158,2026-06-15,11:41:48,0.00,f
4453310141,196755,2026-06-15,11:41:48,0.00,f
3404755249,2866,2026-06-15,11:41:48,Движения нет,f
4453310146,196775,2026-06-15,11:41:49,0.00,f
3404755171,269121,2026-06-15,11:41:50,Движения нет,f
3404755195,269121,2026-06-15,11:41:52,Обнаружено движение,f
4453310188,196730,2026-06-15,11:41:52,0.00,f
4453310189,196733,2026-06-15,11:41:52,0.00,f
4453310208,196775,2026-06-15,11:41:53,0.01,f
4453310209,196784,2026-06-15,11:41:53,0.01,f
4453310215,196733,2026-06-15,11:41:54,0.01,f
4453310233,196732,2026-06-15,11:41:55,0.01,f
4453310252,196733,2026-06-15,11:41:56,0.00,f
4453310253,196783,2026-06-15,11:41:56,0.01,f
4453310265,196785,2026-06-15,11:41:57,0.01,f
4453310271,196775,2026-06-15,11:41:57,0.00,f
3404755443,77770,2026-06-15,11:41:58,Обнаружено движение,f
4453310282,147192,2026-06-15,11:41:58,0.00,f
3404755263,269121,2026-06-15,11:41:58,Движения нет,f
3404755414,2992,2026-06-15,11:41:58,Норма,f
4453310317,196783,2026-06-15,11:42:00,0.00,f
4453310323,196753,2026-06-15,11:42:00,0.01,f
4453310339,196732,2026-06-15,11:42:01,0.00,f
3404755471,77770,2026-06-15,11:42:01,Движения нет,f
3404755335,269121,2026-06-15,11:42:02,Обнаружено движение,f
4453310351,196783,2026-06-15,11:42:02,0.01,f
4453310376,196767,2026-06-15,11:42:03,0.01,f
4453310386,196775,2026-06-15,11:42:04,0.01,f
4453310397,196767,2026-06-15,11:42:05,0.00,f
3404755567,77770,2026-06-15,11:42:06,Обнаружено движение,f
3404755402,269121,2026-06-15,11:42:06,Движения нет,f
4453310305,268158,2026-06-15,11:42:06,0.01,f
4453310408,196785,2026-06-15,11:42:06,0.00,f
4453310435,196784,2026-06-15,11:42:07,0.00,f
4453310424,196736,2026-06-15,11:42:07,0.00,f
4453310427,196753,2026-06-15,11:42:07,0.00,f
4453310352,268158,2026-06-15,11:42:08,0.00,f
4453310439,196755,2026-06-15,11:42:08,0.01,f
3404755490,330528,2026-06-15,11:42:08,Обнаружено движение,f
4453310443,196730,2026-06-15,11:42:08,0.01,f
4453310444,196731,2026-06-15,11:42:08,0.01,f
4453311824,267418,2026-06-15,11:42:08,0.13,f
4453310462,196729,2026-06-15,11:42:09,0.01,f
4453310464,196784,2026-06-15,11:42:09,0.01,f
3404755531,330528,2026-06-15,11:42:10,Движения нет,f
3404755477,269121,2026-06-15,11:42:10,Обнаружено движение,f
4453310472,196755,2026-06-15,11:42:10,0.00,f
4453310480,196730,2026-06-15,11:42:10,0.02,f
4453310479,196726,2026-06-15,11:42:10,0.01,f
4453310482,196734,2026-06-15,11:42:11,0.00,f
4453310500,196733,2026-06-15,11:42:11,0.01,f
4453310516,196730,2026-06-15,11:42:12,0.00,f
4453310515,196765,2026-06-15,11:42:12,0.02,f
4453310536,196784,2026-06-15,11:42:13,0.00,f
4453310561,196785,2026-06-15,11:42:14,0.01,f
4453310557,196755,2026-06-15,11:42:14,0.01,f
4453310540,196751,2026-06-15,11:42:14,0.01,f
4453310455,230493,2026-06-15,11:42:15,0.04,f
4453310587,196751,2026-06-15,11:42:16,0.00,f
4453310601,196785,2026-06-15,11:42:16,0.00,f
3404755713,77770,2026-06-15,11:42:16,Движения нет,f
4453310511,230493,2026-06-15,11:42:17,0.00,f
4453310493,230493,2026-06-15,11:42:17,0.14,f
4453310612,196736,2026-06-15,11:42:17,0.01,f
3404755614,269123,2026-06-15,11:42:19,Не замкнут,f
4453310638,196759,2026-06-15,11:42:19,0.03,f
4453310637,196736,2026-06-15,11:42:19,0.00,f
4453310633,196765,2026-06-15,11:42:19,0.01,f
4453310635,196729,2026-06-15,11:42:19,0.00,f
4453310641,213360,2026-06-15,11:42:19,0.05,f
4453310656,196751,2026-06-15,11:42:20,0.01,f
4453310671,196764,2026-06-15,11:42:21,0.01,f
4453310707,196793,2026-06-15,11:42:23,0.01,f
4453310583,268158,2026-06-15,11:42:23,0.01,f
4453310703,196764,2026-06-15,11:42:23,0.00,f
4453310715,196779,2026-06-15,11:42:24,0.01,f
4453310634,288226,2026-06-15,11:42:25,0.05,f
4453310630,268158,2026-06-15,11:42:25,0.00,f
4453310639,230493,2026-06-15,11:42:25,0.11,f
4453310729,196768,2026-06-15,11:42:25,0.00,f
4453310733,196736,2026-06-15,11:42:25,0.01,f
4453310741,196793,2026-06-15,11:42:25,0.00,f
4453310749,196779,2026-06-15,11:42:26,0.00,f
4453310677,230493,2026-06-15,11:42:27,0.08,f
4453310765,196752,2026-06-15,11:42:27,0.01,f
4453310778,196725,2026-06-15,11:42:28,0.01,f
4453310792,196726,2026-06-15,11:42:29,0.00,f
4453310794,196775,2026-06-15,11:42:29,0.00,f
4453310811,196755,2026-06-15,11:42:30,0.00,f
3404755784,269123,2026-06-15,11:42:31,Норма,f
4453310705,268158,2026-06-15,11:42:31,0.01,f
4453310720,268158,2026-06-15,11:42:31,0.00,f
4453310848,196755,2026-06-15,11:42:32,0.01,f
4453310857,196726,2026-06-15,11:42:33,0.01,f
3404755840,269121,2026-06-15,11:42:33,Движения нет,f
4453310755,268158,2026-06-15,11:42:33,0.01,f
4453310865,196760,2026-06-15,11:42:33,0.01,f
4453312328,267378,2026-06-15,11:42:34,0.01,f
4453310876,196734,2026-06-15,11:42:34,0.01,f
4453310887,196779,2026-06-15,11:42:35,0.01,f
4453310891,196752,2026-06-15,11:42:35,0.00,f
4453310896,196760,2026-06-15,11:42:36,0.00,f
4453310901,196725,2026-06-15,11:42:36,0.00,f
4453310902,196733,2026-06-15,11:42:36,0.02,f
4453310904,196774,2026-06-15,11:42:36,0.01,f
4453310907,196734,2026-06-15,11:42:36,0.00,f
4453310918,196752,2026-06-15,11:42:37,0.01,f
4453310808,268158,2026-06-15,11:42:38,0.00,f
4453310926,196760,2026-06-15,11:42:38,0.01,f
4453310947,116069,2026-06-15,11:42:39,0.05,f
4453310858,230493,2026-06-15,11:42:39,0.06,f
4453310859,230493,2026-06-15,11:42:39,0.00,f
4453310950,196729,2026-06-15,11:42:39,0.01,f
4453310968,196751,2026-06-15,11:42:40,0.00,f
4453310970,196762,2026-06-15,11:42:41,0.01,f
4453310895,288226,2026-06-15,11:42:41,0.04,f
4453311003,104036,2026-06-15,11:42:41,0.07,f
4453310979,196729,2026-06-15,11:42:41,0.00,f
4453310992,196760,2026-06-15,11:42:42,0.00,f
4453311001,196765,2026-06-15,11:42:42,0.00,f
4453311005,196752,2026-06-15,11:42:42,0.00,f
4453312476,267378,2026-06-15,11:42:42,0.00,f
4453311010,196762,2026-06-15,11:42:43,0.00,f
4453311025,196755,2026-06-15,11:42:44,0.00,f
4453311026,196760,2026-06-15,11:42:44,0.01,f
4453310938,288226,2026-06-15,11:42:45,0.05,f
4453311045,196789,2026-06-15,11:42:45,0.01,f
4453311049,196764,2026-06-15,11:42:45,0.01,f
4453310946,230493,2026-06-15,11:42:45,0.03,f
4453311069,196745,2026-06-15,11:42:47,0.01,f
4453311071,196736,2026-06-15,11:42:47,0.00,f
4453311088,196743,2026-06-15,11:42:48,0.01,f
4453311128,213360,2026-06-15,11:42:49,0.04,f
4453311102,196736,2026-06-15,11:42:49,0.01,f
4453311108,196762,2026-06-15,11:42:49,0.01,f
4453310997,268158,2026-06-15,11:42:50,0.01,f
4453311132,196762,2026-06-15,11:42:51,0.00,f
4453311032,268158,2026-06-15,11:42:52,0.00,f
3404756231,3068,2026-06-15,11:42:52,Норма,f
4453311151,196789,2026-06-15,11:42:52,0.00,f
4453311159,196745,2026-06-15,11:42:53,0.00,f
4453311160,196729,2026-06-15,11:42:53,0.01,f
4453311167,196736,2026-06-15,11:42:53,0.00,f
4453311168,196763,2026-06-15,11:42:53,0.01,f
4453311179,196783,2026-06-15,11:42:54,0.00,f
4453311188,196790,2026-06-15,11:42:54,0.01,f
4453311194,196726,2026-06-15,11:42:55,0.00,f
4453311206,196756,2026-06-15,11:42:55,0.00,f
4453311211,196763,2026-06-15,11:42:55,0.00,f
3404756841,144789,2026-06-15,11:42:55,Обнаружено движение,f
4453311197,196745,2026-06-15,11:42:55,0.01,f
4453311094,268158,2026-06-15,11:42:56,0.01,f
3404756181,269125,2026-06-15,11:42:57,Норма,f
4453311280,196726,2026-06-15,11:42:57,0.01,f
3404756182,269126,2026-06-15,11:42:59,Норма,f
4453311328,196764,2026-06-15,11:42:59,0.00,f
4453311342,147192,2026-06-15,11:43:00,0.01,f
4453311346,196779,2026-06-15,11:43:00,0.00,f
3404756922,144789,2026-06-15,11:43:00,Движения нет,f
4453311365,104047,2026-06-15,11:43:01,0.09,f
4453311366,104061,2026-06-15,11:43:01,0.05,f
4453311363,196764,2026-06-15,11:43:01,0.01,f
4453311370,196733,2026-06-15,11:43:02,0.00,f
4453311371,196779,2026-06-15,11:43:02,0.01,f
3404756981,144849,2026-06-15,11:43:03,Не замкнут,f
4453311314,288226,2026-06-15,11:43:04,0.04,f
4453311336,288226,2026-06-15,11:43:04,0.05,f
4453311209,268158,2026-06-15,11:43:04,0.00,f
4453311407,196779,2026-06-15,11:43:04,0.00,f
4453311409,196743,2026-06-15,11:43:04,0.00,f
4453311420,196727,2026-06-15,11:43:05,0.01,f
4453311440,196736,2026-06-15,11:43:06,0.01,f
4453311430,196760,2026-06-15,11:43:06,0.00,f
4453311452,196764,2026-06-15,11:43:07,0.00,f
4453311463,196731,2026-06-15,11:43:08,0.00,f
4453311465,196745,2026-06-15,11:43:08,0.00,f
4453311349,268158,2026-06-15,11:43:08,0.01,f
4453311488,196727,2026-06-15,11:43:09,0.00,f
4453311397,288226,2026-06-15,11:43:09,0.04,f
3404757090,144849,2026-06-15,11:43:09,Норма,f
4453311524,116069,2026-06-15,11:43:10,0.06,f
4453311584,196726,2026-06-15,11:43:11,0.00,f
4453311587,196780,2026-06-15,11:43:11,0.01,f
4453311617,196736,2026-06-15,11:43:13,0.00,f
4453311620,196796,2026-06-15,11:43:13,0.01,f
4453311623,196784,2026-06-15,11:43:13,0.01,f
3404756702,77562,2026-06-15,11:43:13,Обнаружено движение,f
4453311453,268158,2026-06-15,11:43:14,0.00,f
4453311638,196774,2026-06-15,11:43:14,0.00,f
3404756724,77562,2026-06-15,11:43:15,Движения нет,f
4453311665,196774,2026-06-15,11:43:16,0.01,f
4453311680,196796,2026-06-15,11:43:17,0.00,f
4453311684,196784,2026-06-15,11:43:17,0.00,f
3404756770,77562,2026-06-15,11:43:17,Обнаружено движение,f
3404756782,77562,2026-06-15,11:43:18,Движения нет,f
4453311583,268158,2026-06-15,11:43:18,0.01,f
3404756164,93618,2026-06-15,11:43:18,Не замкнут,f
3404756798,77562,2026-06-15,11:43:19,Обнаружено движение,f
4453311729,196727,2026-06-15,11:43:19,0.01,f
4453311719,196759,2026-06-15,11:43:19,0.00,f
3404756819,77562,2026-06-15,11:43:20,Движения нет,f
4453311746,196726,2026-06-15,11:43:20,0.01,f
4453311762,196796,2026-06-15,11:43:21,0.01,f
4453311670,288226,2026-06-15,11:43:23,0.05,f
3404756831,2868,2026-06-15,11:43:23,Обнаружено движение,f
4453311795,196730,2026-06-15,11:43:23,0.01,f
4453311799,196772,2026-06-15,11:43:23,0.01,f
3404756847,2868,2026-06-15,11:43:24,Движения нет,f
4453311850,116124,2026-06-15,11:43:25,0.03,f
3404756866,2868,2026-06-15,11:43:25,Обнаружено движение,f
4453311884,196774,2026-06-15,11:43:27,0.00,f
3404756911,2868,2026-06-15,11:43:27,Движения нет,f
4453311930,196726,2026-06-15,11:43:29,0.00,f
4453311952,196767,2026-06-15,11:43:30,0.01,f
4453312000,104047,2026-06-15,11:43:31,0.08,f
4453311976,196726,2026-06-15,11:43:31,0.01,f
4453311978,196732,2026-06-15,11:43:31,0.01,f
4453311980,196738,2026-06-15,11:43:31,0.01,f
4453312005,104061,2026-06-15,11:43:32,0.04,f
4453312001,104054,2026-06-15,11:43:32,0.02,f
4453311986,196790,2026-06-15,11:43:32,0.00,f
4453311991,196767,2026-06-15,11:43:32,0.00,f
3404756466,93618,2026-06-15,11:43:33,Норма,f
4453312011,196789,2026-06-15,11:43:33,0.01,f
4453312013,196796,2026-06-15,11:43:33,0.00,f
3404757040,103968,2026-06-15,11:43:34,Есть питание,f
4453312059,196780,2026-06-15,11:43:35,0.00,f
4453312078,196767,2026-06-15,11:43:36,0.01,f
4453312081,196772,2026-06-15,11:43:36,0.00,f
4453312085,196774,2026-06-15,11:43:36,0.01,f
4453312091,196786,2026-06-15,11:43:37,0.01,f
4453312128,196723,2026-06-15,11:43:39,0.01,f
4453312179,116069,2026-06-15,11:43:41,0.05,f
4453312169,196723,2026-06-15,11:43:41,0.00,f
4453312158,196755,2026-06-15,11:43:41,0.01,f
4453312183,196793,2026-06-15,11:43:42,0.01,f
4453312187,196767,2026-06-15,11:43:42,0.00,f
4453312205,196723,2026-06-15,11:43:43,0.01,f
4453312232,196723,2026-06-15,11:43:45,0.00,f
4453312233,196726,2026-06-15,11:43:45,0.00,f
4453312237,196780,2026-06-15,11:43:45,0.01,f
4453312221,196755,2026-06-15,11:43:45,0.00,f
4453312249,196726,2026-06-15,11:43:46,0.01,f
4453312251,196730,2026-06-15,11:43:46,0.00,f
4453312253,196765,2026-06-15,11:43:46,0.01,f
4453312256,196767,2026-06-15,11:43:46,0.01,f
4453312258,147208,2026-06-15,11:43:46,0.05,f
4453312265,196723,2026-06-15,11:43:47,0.01,f
4453312280,196726,2026-06-15,11:43:48,0.00,f
4453312285,196780,2026-06-15,11:43:48,0.00,f
4453312287,196765,2026-06-15,11:43:48,0.00,f
4453312301,196729,2026-06-15,11:43:49,0.00,f
4453312323,196726,2026-06-15,11:43:50,0.01,f
4453312324,196730,2026-06-15,11:43:50,0.01,f
4453312329,196796,2026-06-15,11:43:51,0.01,f
4453312333,196723,2026-06-15,11:43:51,0.00,f
4453312351,196743,2026-06-15,11:43:52,0.01,f
4453312356,196761,2026-06-15,11:43:52,0.01,f
4453312361,196726,2026-06-15,11:43:52,0.00,f
4453312248,268158,2026-06-15,11:43:53,0.00,f
4453312366,196753,2026-06-15,11:43:53,0.01,f
4453312380,196723,2026-06-15,11:43:53,0.01,f
3404757414,330451,2026-06-15,11:43:54,Не замкнут,f
4453312394,196743,2026-06-15,11:43:54,0.00,f
4453312400,196761,2026-06-15,11:43:54,0.00,f
4453312412,196723,2026-06-15,11:43:54,0.00,f
4453312278,268158,2026-06-15,11:43:55,0.01,f
4453312414,196780,2026-06-15,11:43:55,0.01,f
4453312431,196767,2026-06-15,11:43:56,0.00,f
4453312448,116118,2026-06-15,11:43:56,0.03,f
4453312450,196723,2026-06-15,11:43:57,0.01,f
4453312451,116124,2026-06-15,11:43:57,0.04,f
4453312467,196771,2026-06-15,11:43:58,0.01,f
4453312485,196780,2026-06-15,11:43:59,0.00,f
4453312331,268158,2026-06-15,11:43:59,0.00,f
4453312371,268158,2026-06-15,11:44:00,0.01,f
4453312529,196780,2026-06-15,11:44:01,0.01,f
4453312523,196793,2026-06-15,11:44:01,0.00,f
3404757528,333583,2026-06-15,11:44:02,Есть питание,f
4453312538,196793,2026-06-15,11:44:02,0.01,f
4453312549,196743,2026-06-15,11:44:02,0.01,f
4453312555,196761,2026-06-15,11:44:02,0.01,f
3404757547,330451,2026-06-15,11:44:03,Норма,f
4453312561,196780,2026-06-15,11:44:03,0.00,f
4453312586,104047,2026-06-15,11:44:04,0.09,f
4453312588,104054,2026-06-15,11:44:04,0.03,f
4453312587,196743,2026-06-15,11:44:04,0.00,f
4453312598,196730,2026-06-15,11:44:05,0.00,f
4453312616,196730,2026-06-15,11:44:06,0.01,f
4453312637,196723,2026-06-15,11:44:07,0.00,f
4453312642,196753,2026-06-15,11:44:07,0.00,f
4453312652,196767,2026-06-15,11:44:08,0.01,f
4453312706,196723,2026-06-15,11:44:11,0.01,f
4453312613,288226,2026-06-15,11:44:12,0.04,f
4453312714,196753,2026-06-15,11:44:12,0.01,f
4453312722,196767,2026-06-15,11:44:12,0.00,f
4453312741,196723,2026-06-15,11:44:13,0.00,f
4453312748,196738,2026-06-15,11:44:13,0.00,f
4453312760,196779,2026-06-15,11:44:14,0.01,f
4453312757,196793,2026-06-15,11:44:14,0.00,f
4453312770,196796,2026-06-15,11:44:15,0.00,f
4453312790,196779,2026-06-15,11:44:16,0.00,f
4453312791,196774,2026-06-15,11:44:16,0.00,f
4453312659,288226,2026-06-15,11:44:16,0.05,f
4453312798,196756,2026-06-15,11:44:17,0.01,f
4453312815,196771,2026-06-15,11:44:17,0.00,f
4453312814,147208,2026-06-15,11:44:17,0.04,f
4453312826,196775,2026-06-15,11:44:18,0.01,f
4453312833,196726,2026-06-15,11:44:19,0.01,f
4453312845,196733,2026-06-15,11:44:20,0.01,f
3404757981,77770,2026-06-15,11:44:20,Обнаружено движение,f
4453312851,196736,2026-06-15,11:44:21,0.01,f
4453312857,196762,2026-06-15,11:44:21,0.01,f
4453312861,196723,2026-06-15,11:44:21,0.01,f
4453312865,196771,2026-06-15,11:44:21,0.01,f
3404758008,77770,2026-06-15,11:44:21,Движения нет,f
4453312891,196756,2026-06-15,11:44:23,0.00,f
4453312885,196736,2026-06-15,11:44:23,0.00,f
4453312906,196727,2026-06-15,11:44:23,0.00,f
4453312908,196733,2026-06-15,11:44:23,0.00,f
3404758022,77770,2026-06-15,11:44:23,Обнаружено движение,f
4453312922,196775,2026-06-15,11:44:24,0.00,f
4453312924,196780,2026-06-15,11:44:24,0.01,f
4453312925,196774,2026-06-15,11:44:24,0.01,f
3404758045,77770,2026-06-15,11:44:24,Движения нет,f
4453312928,196762,2026-06-15,11:44:25,0.00,f
4453312961,196780,2026-06-15,11:44:26,0.00,f
4453312968,196756,2026-06-15,11:44:27,0.01,f
4453312999,196723,2026-06-15,11:44:28,0.00,f
4453312977,116118,2026-06-15,11:44:28,0.02,f
4453312978,116124,2026-06-15,11:44:28,0.03,f
4453313001,196730,2026-06-15,11:44:28,0.00,f
4453312988,196743,2026-06-15,11:44:28,0.01,f
4453313005,196775,2026-06-15,11:44:29,0.01,f
4453313015,196789,2026-06-15,11:44:29,0.00,f
4453313023,196771,2026-06-15,11:44:30,0.00,f
4453313047,196775,2026-06-15,11:44:31,0.00,f
4453313051,196774,2026-06-15,11:44:31,0.00,f
4453313052,196727,2026-06-15,11:44:31,0.01,f
4453313070,196784,2026-06-15,11:44:32,0.01,f
4453313093,196774,2026-06-15,11:44:33,0.01,f
4453313109,196784,2026-06-15,11:44:34,0.00,f
4453313115,196732,2026-06-15,11:44:34,0.00,f
3404758213,3067,2026-06-15,11:44:34,Норма,f
4453313154,104054,2026-06-15,11:44:35,0.02,f
4453313151,104047,2026-06-15,11:44:35,0.08,f
4453313137,196726,2026-06-15,11:44:35,0.00,f
4453313140,196732,2026-06-15,11:44:35,0.01,f
4453313177,196785,2026-06-15,11:44:37,0.01,f
4453313178,196786,2026-06-15,11:44:37,0.00,f
4453313191,196736,2026-06-15,11:44:37,0.01,f
3404758304,197003,2026-06-15,11:44:38,Обнаружено движение,f
4453314561,267418,2026-06-15,11:44:38,0.14,f
4453313249,196736,2026-06-15,11:44:39,0.00,f
4453313263,196784,2026-06-15,11:44:40,0.01,f
4453313284,196723,2026-06-15,11:44:41,0.01,f
4453313309,196723,2026-06-15,11:44:43,0.00,f
4453313314,196726,2026-06-15,11:44:43,0.01,f
4453313316,196764,2026-06-15,11:44:43,0.01,f
4453313354,196723,2026-06-15,11:44:45,0.01,f
4453313356,196764,2026-06-15,11:44:45,0.00,f
4453313373,196745,2026-06-15,11:44:46,0.01,f
4453313379,196756,2026-06-15,11:44:47,0.00,f
4453313384,196761,2026-06-15,11:44:47,0.00,f
4453313387,196775,2026-06-15,11:44:47,0.01,f
4453313388,196723,2026-06-15,11:44:47,0.00,f
4453313390,196726,2026-06-15,11:44:47,0.00,f
4453313391,196727,2026-06-15,11:44:47,0.00,f
3404758309,197003,2026-06-15,11:44:48,Движения нет,f
4453313409,196725,2026-06-15,11:44:48,0.01,f
4453313411,196745,2026-06-15,11:44:48,0.00,f
4453313438,196775,2026-06-15,11:44:49,0.00,f
4453313418,196759,2026-06-15,11:44:49,0.03,f
4453313425,196753,2026-06-15,11:44:49,0.00,f
4453313431,196796,2026-06-15,11:44:49,0.01,f
4453313436,196732,2026-06-15,11:44:49,0.00,f
4453313452,196751,2026-06-15,11:44:50,0.01,f
4453313439,196743,2026-06-15,11:44:50,0.00,f
4453313451,196725,2026-06-15,11:44:50,0.00,f
3404758433,330528,2026-06-15,11:44:51,Обнаружено движение,f
4453313461,196761,2026-06-15,11:44:51,0.01,f
4453313465,196727,2026-06-15,11:44:51,0.01,f
4453313467,196780,2026-06-15,11:44:51,0.01,f
4453313487,196725,2026-06-15,11:44:52,0.01,f
3404758475,330528,2026-06-15,11:44:52,Движения нет,f
4453314795,267423,2026-06-15,11:44:52,0.05,f
4453313500,196756,2026-06-15,11:44:53,0.01,f
4453313510,196779,2026-06-15,11:44:53,0.01,f
4453313511,196752,2026-06-15,11:44:54,0.01,f
4453313514,196761,2026-06-15,11:44:54,0.00,f
4453314821,267418,2026-06-15,11:44:54,0.13,f
4453313531,196755,2026-06-15,11:44:55,0.01,f
4453313533,196759,2026-06-15,11:44:55,0.00,f
4453313545,196723,2026-06-15,11:44:55,0.01,f
4453313546,196727,2026-06-15,11:44:55,0.00,f
4453313550,196752,2026-06-15,11:44:56,0.00,f
4453314854,267423,2026-06-15,11:44:56,0.04,f
4453313561,196780,2026-06-15,11:44:57,0.00,f
4453313575,196723,2026-06-15,11:44:57,0.00,f
4453313576,196727,2026-06-15,11:44:57,0.01,f
4453313602,196755,2026-06-15,11:44:59,0.00,f
4453313646,196796,2026-06-15,11:45:01,0.00,f
4453313497,268158,2026-06-15,11:45:02,0.00,f
4453314936,267423,2026-06-15,11:45:02,0.05,f
4453313679,196725,2026-06-15,11:45:03,0.00,f
4453313689,196796,2026-06-15,11:45:03,0.01,f
4453313700,196761,2026-06-15,11:45:04,0.01,f
4453313572,230623,2026-06-15,11:45:04,0.00,f
4453314979,267423,2026-06-15,11:45:04,0.04,f
4453313535,268158,2026-06-15,11:45:04,0.01,f
4453313715,196780,2026-06-15,11:45:05,0.01,f
4453313708,196730,2026-06-15,11:45:05,0.01,f
4453313750,104047,2026-06-15,11:45:06,0.09,f
4453313585,268158,2026-06-15,11:45:06,0.00,f
4453313745,196761,2026-06-15,11:45:06,0.00,f
4453315040,267418,2026-06-15,11:45:06,0.14,f
4453313775,196751,2026-06-15,11:45:08,0.00,f
3404758816,196623,2026-06-15,11:45:08,Включен,f
4453313603,268158,2026-06-15,11:45:08,0.01,f
4453313792,196725,2026-06-15,11:45:09,0.01,f
4453313642,268158,2026-06-15,11:45:10,0.00,f
4453313818,196755,2026-06-15,11:45:10,0.01,f
4453313682,230543,2026-06-15,11:45:10,0.02,f
4453313848,196753,2026-06-15,11:45:11,0.01,f
4453313852,196759,2026-06-15,11:45:11,0.03,f
4453315151,267423,2026-06-15,11:45:12,0.05,f
4453313893,196759,2026-06-15,11:45:13,0.00,f
4453315188,267423,2026-06-15,11:45:14,0.04,f
4453313922,196796,2026-06-15,11:45:15,0.00,f
4453313938,196730,2026-06-15,11:45:16,0.00,f
4453313942,196756,2026-06-15,11:45:17,0.00,f
4453313957,196723,2026-06-15,11:45:17,0.01,f
4453313963,104036,2026-06-15,11:45:17,0.08,f
4453313964,196753,2026-06-15,11:45:18,0.00,f
4453313825,230543,2026-06-15,11:45:18,0.01,f
3404759682,144793,2026-06-15,11:45:18,Обнаружено движение,f
4453313989,196723,2026-06-15,11:45:19,0.00,f
3404759714,144793,2026-06-15,11:45:19,Движения нет,f
4453314004,196774,2026-06-15,11:45:20,0.00,f
4453315275,267418,2026-06-15,11:45:20,0.14,f
4453315260,267418,2026-06-15,11:45:20,0.13,f
4453314015,196752,2026-06-15,11:45:21,0.01,f
4453315315,267418,2026-06-15,11:45:22,0.13,f
4453314040,196752,2026-06-15,11:45:23,0.00,f
4453314049,196790,2026-06-15,11:45:24,0.01,f
4453314054,196725,2026-06-15,11:45:24,0.00,f
4453314064,196784,2026-06-15,11:45:25,0.00,f
4453314082,196790,2026-06-15,11:45:26,0.00,f
4453315360,267418,2026-06-15,11:45:26,0.14,f
4453314096,196753,2026-06-15,11:45:27,0.01,f
4453315398,267423,2026-06-15,11:45:28,0.05,f
4453314121,196741,2026-06-15,11:45:29,0.01,f
4453314136,116124,2026-06-15,11:45:30,0.04,f
4453314128,196727,2026-06-15,11:45:30,0.00,f
4453314141,196767,2026-06-15,11:45:31,0.01,f
4453314143,196751,2026-06-15,11:45:31,0.01,f
4453314151,196753,2026-06-15,11:45:31,0.00,f
3404759431,77764,2026-06-15,11:45:31,Обнаружено движение,f
4453315438,267423,2026-06-15,11:45:32,0.04,f
4453314156,196728,2026-06-15,11:45:32,0.01,f
4453315470,267423,2026-06-15,11:45:34,0.05,f
4453314190,196767,2026-06-15,11:45:34,0.00,f
4453314233,196785,2026-06-15,11:45:36,0.00,f
3404759529,77764,2026-06-15,11:45:36,Движения нет,f
4453314250,196759,2026-06-15,11:45:37,0.03,f
4453314160,230543,2026-06-15,11:45:38,0.00,f
3404759532,94075,2026-06-15,11:45:38,Не замкнут,t
4453314281,196741,2026-06-15,11:45:39,0.00,f
4453314279,196734,2026-06-15,11:45:39,0.01,f
4453314293,196751,2026-06-15,11:45:40,0.00,f
4453314313,196763,2026-06-15,11:45:41,0.01,f
4453314302,147192,2026-06-15,11:45:41,0.00,f
4453314341,196762,2026-06-15,11:45:43,0.01,f
4453314350,213790,2026-06-15,11:45:43,0.11,f
4453314338,196734,2026-06-15,11:45:43,0.00,f
4453314353,196728,2026-06-15,11:45:44,0.00,f
4453314369,196780,2026-06-15,11:45:45,0.00,f
4453314377,196736,2026-06-15,11:45:45,0.01,f
4453314379,196763,2026-06-15,11:45:45,0.00,f
4453314405,196728,2026-06-15,11:45:47,0.01,f
4453314412,196736,2026-06-15,11:45:47,0.00,f
4453314492,196736,2026-06-15,11:45:51,0.01,f
4453314487,196727,2026-06-15,11:45:51,0.01,f
4453314526,196727,2026-06-15,11:45:53,0.00,f
4453315828,278291,2026-06-15,11:45:54,0.01,f
4453314533,196738,2026-06-15,11:45:54,0.01,f
4453314541,196790,2026-06-15,11:45:54,0.01,f
4453314587,196745,2026-06-15,11:45:57,0.01,f
4453314597,196755,2026-06-15,11:45:57,0.00,f
3404759882,210643,2026-06-15,11:45:58,Включен,f
4453314607,196742,2026-06-15,11:45:58,0.01,f
4453314614,196763,2026-06-15,11:45:58,0.01,f
4453314621,196779,2026-06-15,11:45:58,0.00,f
4453314631,213360,2026-06-15,11:45:59,0.05,f
4453314628,196736,2026-06-15,11:45:59,0.00,f
4453314661,196793,2026-06-15,11:46:00,0.01,f
4453314657,196763,2026-06-15,11:46:00,0.00,f
4453314683,196779,2026-06-15,11:46:01,0.01,f
4453314681,196775,2026-06-15,11:46:01,0.01,f
4453314691,196775,2026-06-15,11:46:02,0.00,f
4453315968,278291,2026-06-15,11:46:02,0.00,f
4453314709,196784,2026-06-15,11:46:03,0.01,f
4453314693,196725,2026-06-15,11:46:03,0.01,f
4453314715,196738,2026-06-15,11:46:04,0.00,f
4453314728,196775,2026-06-15,11:46:05,0.01,f
4453314740,196796,2026-06-15,11:46:05,0.01,f
4453314751,196738,2026-06-15,11:46:06,0.01,f
4453314752,196742,2026-06-15,11:46:06,0.00,f
4453314763,196785,2026-06-15,11:46:06,0.01,f
4453314798,196793,2026-06-15,11:46:08,0.00,f
4453314806,104054,2026-06-15,11:46:08,0.03,f
4453314785,196767,2026-06-15,11:46:08,0.01,f
4453314791,196785,2026-06-15,11:46:08,0.00,f
4453314794,196790,2026-06-15,11:46:08,0.00,f
4453314805,196750,2026-06-15,11:46:09,0.01,f
4453314804,196765,2026-06-15,11:46:09,0.01,f
4453314825,196767,2026-06-15,11:46:10,0.00,f
3404760144,93829,2026-06-15,11:46:11,Обнаружено движение,f
4453314841,196765,2026-06-15,11:46:11,0.00,f
4453314850,196763,2026-06-15,11:46:11,0.01,f
3404761427,266731,2026-06-15,11:46:12,Обнаружено движение,f
4453314882,196765,2026-06-15,11:46:13,0.01,f
3404760182,93829,2026-06-15,11:46:13,Движения нет,f
4453314891,196767,2026-06-15,11:46:14,0.01,f
4453314903,196765,2026-06-15,11:46:15,0.00,f
4453314912,196796,2026-06-15,11:46:16,0.00,f
3404761514,266731,2026-06-15,11:46:18,Движения нет,f
4453314987,196796,2026-06-15,11:46:20,0.01,f
3404761529,266731,2026-06-15,11:46:20,Обнаружено движение,f
3404760340,93829,2026-06-15,11:46:21,Обнаружено движение,f
4453315011,196726,2026-06-15,11:46:21,0.01,f
3404760356,93829,2026-06-15,11:46:22,Движения нет,f
4453315042,196796,2026-06-15,11:46:23,0.00,f
4453315047,196726,2026-06-15,11:46:23,0.00,f
4453315048,196728,2026-06-15,11:46:23,0.00,f
4453315050,196738,2026-06-15,11:46:23,0.00,f
4453315052,196763,2026-06-15,11:46:24,0.00,f
4453315057,196793,2026-06-15,11:46:24,0.01,f
4453315061,196774,2026-06-15,11:46:24,0.01,f
3404761573,266731,2026-06-15,11:46:24,Движения нет,f
4453315073,196796,2026-06-15,11:46:25,0.01,f
4453315090,196763,2026-06-15,11:46:26,0.01,f
4453315096,196774,2026-06-15,11:46:26,0.00,f
4453315111,196796,2026-06-15,11:46:27,0.00,f
4453315127,196793,2026-06-15,11:46:28,0.03,f
4453315148,196780,2026-06-15,11:46:29,0.01,f
4453315139,196741,2026-06-15,11:46:29,0.01,f
4453315149,196784,2026-06-15,11:46:29,0.00,f
4453315163,196763,2026-06-15,11:46:30,0.00,f
4453315164,196793,2026-06-15,11:46:30,0.01,f
4453315152,196745,2026-06-15,11:46:30,0.00,f
4453315172,196756,2026-06-15,11:46:31,0.01,f
4453315174,213360,2026-06-15,11:46:31,0.04,f
4453315186,196764,2026-06-15,11:46:31,0.01,f
3404761723,304353,2026-06-15,11:46:32,Обесточен,f
3404761719,304354,2026-06-15,11:46:32,Есть питание,f
4453315189,196723,2026-06-15,11:46:32,0.01,f
4453315206,196783,2026-06-15,11:46:32,0.01,f
3404761732,267064,2026-06-15,11:46:32,Неисправен,t
4453316482,267423,2026-06-15,11:46:32,0.04,f
4453315205,116124,2026-06-15,11:46:32,0.03,f
4453315221,196759,2026-06-15,11:46:33,0.00,f
4453315230,196780,2026-06-15,11:46:33,0.02,f
3404760573,2868,2026-06-15,11:46:34,Обнаружено движение,f
3404761794,267100,2026-06-15,11:46:34,Неисправен,t
3404761797,277869,2026-06-15,11:46:34,Питание от батарей,t
3404761796,278069,2026-06-15,11:46:34,Обесточен,f
3404761795,267100,2026-06-15,11:46:34,Обесточен,t
4453315236,196762,2026-06-15,11:46:34,0.00,f
3404761735,267051,2026-06-15,11:46:34,Неисправен,t
3404761737,267052,2026-06-15,11:46:34,Неисправен,t
3404761740,278060,2026-06-15,11:46:34,Обесточен,f
3404761744,278061,2026-06-15,11:46:34,Обесточен,f
3404761775,267114,2026-06-15,11:46:34,Неисправен,t
3404761746,278010,2026-06-15,11:46:34,Неисправен,t
3404761759,267087,2026-06-15,11:46:34,Неисправен,t
3404761763,267087,2026-06-15,11:46:34,Обесточен,t
3404761767,267088,2026-06-15,11:46:34,Неисправен,t
3404761768,267088,2026-06-15,11:46:34,Обесточен,t
3404761769,267072,2026-06-15,11:46:34,Неисправен,t
3404761770,278025,2026-06-15,11:46:34,Неисправен,t
3404761771,278049,2026-06-15,11:46:34,Обесточен,f
3404761776,267114,2026-06-15,11:46:34,Обесточен,t
3404761777,278014,2026-06-15,11:46:34,Неисправен,t
3404761779,267109,2026-06-15,11:46:34,Неисправен,t
3404761780,267109,2026-06-15,11:46:34,Обесточен,t
3404761781,267057,2026-06-15,11:46:34,Неисправен,t
3404761773,278050,2026-06-15,11:46:34,Обесточен,f
3404761782,267058,2026-06-15,11:46:34,Неисправен,t
3404761783,278015,2026-06-15,11:46:34,Неисправен,t
3404761785,278045,2026-06-15,11:46:34,Обесточен,f
3404761786,267066,2026-06-15,11:46:34,Обесточен,f
3404761787,278046,2026-06-15,11:46:34,Обесточен,f
3404761788,278072,2026-06-15,11:46:34,Неисправен,t
3404761789,278072,2026-06-15,11:46:34,Обесточен,t
3404761790,278073,2026-06-15,11:46:34,Неисправен,t
3404761791,278073,2026-06-15,11:46:34,Обесточен,t
3404761792,277999,2026-06-15,11:46:34,Неисправен,t
3404761793,278068,2026-06-15,11:46:34,Обесточен,f
3404760531,330435,2026-06-15,11:46:34,Не замкнут,f
4453315250,196756,2026-06-15,11:46:35,0.00,f
3404760611,77758,2026-06-15,11:46:35,Обнаружено движение,f
4453315257,196784,2026-06-15,11:46:36,0.01,f
3404761828,277869,2026-06-15,11:46:36,Питание от сети,f
3404760625,2868,2026-06-15,11:46:37,Движения нет,f
3404760638,77758,2026-06-15,11:46:37,Движения нет,f
4453315274,196783,2026-06-15,11:46:37,0.00,f
3404761910,277999,2026-06-15,11:46:38,Обесточен,f
3404761890,267058,2026-06-15,11:46:38,Есть питание,f
3404761883,267057,2026-06-15,11:46:38,Норма,f
3404761944,304354,2026-06-15,11:46:38,Обесточен,f
3404761942,304353,2026-06-15,11:46:38,Есть питание,f
3404761938,278073,2026-06-15,11:46:38,Выключен,f
3404761937,278073,2026-06-15,11:46:38,Включен,f
3404761926,267088,2026-06-15,11:46:38,Норма,f
3404761925,267087,2026-06-15,11:46:38,Выключен,f
3404761936,278073,2026-06-15,11:46:38,Норма,f
3404761924,267087,2026-06-15,11:46:38,Норма,f
3404761923,278025,2026-06-15,11:46:38,Есть питание,f
3404761921,278010,2026-06-15,11:46:38,Есть питание,f
3404761920,278061,2026-06-15,11:46:38,Есть питание,f
3404761919,278060,2026-06-15,11:46:38,Есть питание,f
3404761933,267109,2026-06-15,11:46:38,Выключен,f
3404761917,278069,2026-06-15,11:46:38,Есть питание,f
3404761916,267100,2026-06-15,11:46:38,Выключен,f
3404761915,267100,2026-06-15,11:46:38,Норма,f
3404761927,267088,2026-06-15,11:46:38,Включен,f
3404761911,277999,2026-06-15,11:46:38,Есть питание,f
3404761908,277999,2026-06-15,11:46:38,Норма,f
3404761907,267052,2026-06-15,11:46:38,Есть питание,f
3404761906,267051,2026-06-15,11:46:38,Есть питание,f
3404761905,267114,2026-06-15,11:46:38,Выключен,f
3404761903,267114,2026-06-15,11:46:38,Норма,f
3404761902,278046,2026-06-15,11:46:38,Есть питание,f
3404761901,278045,2026-06-15,11:46:38,Есть питание,f
3404761900,267064,2026-06-15,11:46:38,Есть питание,f
3404761898,267064,2026-06-15,11:46:38,Обесточен,f
3404761897,267064,2026-06-15,11:46:38,Норма,f
3404761896,278015,2026-06-15,11:46:38,Есть питание,f
3404761894,278015,2026-06-15,11:46:38,Обесточен,f
3404761886,267057,2026-06-15,11:46:38,Обесточен,f
3404761893,278015,2026-06-15,11:46:38,Норма,f
3404761892,267109,2026-06-15,11:46:38,Включен,f
3404761857,267051,2026-06-15,11:46:38,Норма,f
3404761858,267051,2026-06-15,11:46:38,Обесточен,f
3404761861,267052,2026-06-15,11:46:38,Норма,f
3404761863,267052,2026-06-15,11:46:38,Обесточен,f
3404761865,278010,2026-06-15,11:46:38,Норма,f
3404761866,278010,2026-06-15,11:46:38,Обесточен,f
3404761867,278025,2026-06-15,11:46:38,Норма,f
3404761868,278025,2026-06-15,11:46:38,Обесточен,f
3404761871,278049,2026-06-15,11:46:38,Есть питание,f
3404761872,278050,2026-06-15,11:46:38,Есть питание,f
3404761873,278014,2026-06-15,11:46:38,Норма,f
3404761874,278014,2026-06-15,11:46:38,Обесточен,f
3404761875,278014,2026-06-15,11:46:38,Есть питание,f
3404761877,267072,2026-06-15,11:46:38,Норма,f
3404761887,267057,2026-06-15,11:46:38,Есть питание,f
3404761879,267109,2026-06-15,11:46:38,Норма,f
3404761888,267058,2026-06-15,11:46:38,Норма,f
3404761880,267109,2026-06-15,11:46:38,Выключен,f
3404761928,278072,2026-06-15,11:46:38,Норма,f
3404761929,278072,2026-06-15,11:46:38,Выключен,f
3404761889,267058,2026-06-15,11:46:38,Обесточен,f
3404761912,278068,2026-06-15,11:46:38,Есть питание,f
4453315324,196796,2026-06-15,11:46:39,0.01,f
3404760613,333574,2026-06-15,11:46:41,Есть питание,f
4453315347,196780,2026-06-15,11:46:41,0.01,f
4453315354,196756,2026-06-15,11:46:41,0.01,f
4453316660,277869,2026-06-15,11:46:42,5,f
4453316652,277869,2026-06-15,11:46:42,6,f
3404761974,277869,2026-06-15,11:46:42,Питание от сети,f
3404761964,277869,2026-06-15,11:46:42,Питание от батарей,t
4453315365,147192,2026-06-15,11:46:42,0.01,f
4453315366,196760,2026-06-15,11:46:42,0.01,f
4453315378,196756,2026-06-15,11:46:43,0.00,f
4453315371,196793,2026-06-15,11:46:43,0.00,f
4453315368,196790,2026-06-15,11:46:43,0.01,f
3404761155,144852,2026-06-15,11:46:45,Не замкнут,f
3404760643,330435,2026-06-15,11:46:45,Норма,f
4453315391,196730,2026-06-15,11:46:45,0.01,f
4453315387,196786,2026-06-15,11:46:45,0.01,f
3404761169,144795,2026-06-15,11:46:46,Обнаружено движение,f
4453315412,196790,2026-06-15,11:46:47,0.00,f
3404761184,144795,2026-06-15,11:46:47,Движения нет,f
4453315422,196752,2026-06-15,11:46:47,0.01,f
4453315421,196730,2026-06-15,11:46:47,0.00,f
4453315419,196723,2026-06-15,11:46:47,0.00,f
4453315433,196728,2026-06-15,11:46:48,0.01,f
4453315432,196771,2026-06-15,11:46:48,0.01,f
3404761205,144795,2026-06-15,11:46:48,Обнаружено движение,f
4453315441,196790,2026-06-15,11:46:49,0.01,f
4453315447,196750,2026-06-15,11:46:49,0.00,f
4453315448,196752,2026-06-15,11:46:49,0.00,f
4453315476,104036,2026-06-15,11:46:50,0.07,f
4453315463,196767,2026-06-15,11:46:50,0.00,f
4453315481,196780,2026-06-15,11:46:51,0.00,f
3404761258,144795,2026-06-15,11:46:51,Движения нет,f
3404761259,144852,2026-06-15,11:46:52,Норма,f
4453315486,196756,2026-06-15,11:46:52,0.01,f
4453315504,196786,2026-06-15,11:46:53,0.00,f
3404761273,144795,2026-06-15,11:46:53,Обнаружено движение,f
4453315507,196774,2026-06-15,11:46:53,0.01,f
4453315523,196767,2026-06-15,11:46:54,0.01,f
4453315524,196725,2026-06-15,11:46:54,0.00,f
4453315516,196756,2026-06-15,11:46:54,0.00,f
4453315527,196751,2026-06-15,11:46:54,0.01,f
4453315520,196796,2026-06-15,11:46:54,0.00,f
3404761306,144795,2026-06-15,11:46:55,Движения нет,f
4453315577,196752,2026-06-15,11:46:57,0.01,f
4453315599,196750,2026-06-15,11:46:58,0.01,f
4453315580,196738,2026-06-15,11:46:58,0.01,f
4453315597,196767,2026-06-15,11:46:58,0.00,f
3404762287,267066,2026-06-15,11:46:58,Есть питание,f
4453315602,196734,2026-06-15,11:46:59,0.01,f
3404761398,144795,2026-06-15,11:46:59,Обнаружено движение,f
3404762339,278060,2026-06-15,11:47:00,Обесточен,f
3404762315,267051,2026-06-15,11:47:00,Неисправен,t
3404762351,267058,2026-06-15,11:47:00,Неисправен,t
3404762352,267114,2026-06-15,11:47:00,Неисправен,t
3404762353,267114,2026-06-15,11:47:00,Обесточен,t
4453315636,196767,2026-06-15,11:47:00,0.01,f
4453315638,196751,2026-06-15,11:47:00,0.00,f
3404762333,304354,2026-06-15,11:47:00,Есть питание,f
3404762335,278010,2026-06-15,11:47:00,Неисправен,t
3404762337,278025,2026-06-15,11:47:00,Неисправен,t
3404762338,267072,2026-06-15,11:47:00,Неисправен,t
3404762349,267057,2026-06-15,11:47:00,Неисправен,t
3404762347,278068,2026-06-15,11:47:00,Обесточен,f
3404762348,278069,2026-06-15,11:47:00,Обесточен,f
3404762354,278072,2026-06-15,11:47:00,Неисправен,t
3404762356,278072,2026-06-15,11:47:00,Обесточен,t
3404762357,278073,2026-06-15,11:47:00,Неисправен,t
3404762311,267100,2026-06-15,11:47:00,Обесточен,t
3404762358,278073,2026-06-15,11:47:00,Обесточен,t
3404762340,278061,2026-06-15,11:47:00,Обесточен,f
3404762341,278049,2026-06-15,11:47:00,Обесточен,f
3404762360,267109,2026-06-15,11:47:00,Неисправен,t
4453315622,196760,2026-06-15,11:47:00,0.00,f
4453315628,196790,2026-06-15,11:47:00,0.00,f
3404761420,144795,2026-06-15,11:47:00,Движения нет,f
3404762361,267109,2026-06-15,11:47:00,Обесточен,t
3404762363,278045,2026-06-15,11:47:00,Обесточен,f
3404762365,278046,2026-06-15,11:47:00,Обесточен,f
3404762342,278014,2026-06-15,11:47:00,Неисправен,t
3404762343,278015,2026-06-15,11:47:00,Неисправен,t
3404762310,267100,2026-06-15,11:47:00,Неисправен,t
3404762332,304353,2026-06-15,11:47:00,Обесточен,f
3404762320,267052,2026-06-15,11:47:00,Неисправен,t
3404762322,277999,2026-06-15,11:47:00,Неисправен,t
3404762323,267064,2026-06-15,11:47:00,Неисправен,t
3404762326,267087,2026-06-15,11:47:00,Неисправен,t
3404762327,267087,2026-06-15,11:47:00,Обесточен,t
3404762329,267088,2026-06-15,11:47:00,Выключен,f
3404762330,267088,2026-06-15,11:47:00,Неисправен,t
3404762331,267088,2026-06-15,11:47:00,Обесточен,t
3404762346,278050,2026-06-15,11:47:00,Обесточен,f
4453315651,196732,2026-06-15,11:47:01,0.01,f
4453315674,196750,2026-06-15,11:47:02,0.00,f
4453315676,196751,2026-06-15,11:47:02,0.01,f
4453315679,196741,2026-06-15,11:47:03,0.00,f
4453315687,196768,2026-06-15,11:47:03,0.01,f
4453315689,196771,2026-06-15,11:47:03,0.00,f
4453315690,196732,2026-06-15,11:47:03,0.00,f
3404762463,267058,2026-06-15,11:47:04,Есть питание,f
3404762443,278025,2026-06-15,11:47:04,Обесточен,f
3404762467,278014,2026-06-15,11:47:04,Есть питание,f
3404762472,278046,2026-06-15,11:47:04,Есть питание,f
3404762430,267087,2026-06-15,11:47:04,Включен,f
4453315695,196752,2026-06-15,11:47:04,0.00,f
3404762458,267109,2026-06-15,11:47:04,Норма,f
3404762459,267109,2026-06-15,11:47:04,Выключен,f
3404762460,267057,2026-06-15,11:47:04,Есть питание,f
3404762464,267100,2026-06-15,11:47:04,Норма,f
3404762432,267088,2026-06-15,11:47:04,Норма,f
3404762475,278072,2026-06-15,11:47:04,Выключен,f
3404762466,267109,2026-06-15,11:47:04,Включен,f
3404762480,304353,2026-06-15,11:47:04,Есть питание,f
3404762433,267088,2026-06-15,11:47:04,Включен,f
3404762465,267100,2026-06-15,11:47:04,Выключен,f
3404762468,278015,2026-06-15,11:47:04,Норма,f
3404762435,278060,2026-06-15,11:47:04,Есть питание,f
3404762471,278045,2026-06-15,11:47:04,Есть питание,f
3404762474,278072,2026-06-15,11:47:04,Норма,f
3404762382,277869,2026-06-15,11:47:04,Питание от батарей,t
3404762399,277869,2026-06-15,11:47:04,Питание от сети,f
3404762406,267057,2026-06-15,11:47:04,Норма,f
3404762407,267057,2026-06-15,11:47:04,Обесточен,f
3404762409,267058,2026-06-15,11:47:04,Норма,f
3404762412,267058,2026-06-15,11:47:04,Обесточен,f
3404762413,267051,2026-06-15,11:47:04,Норма,f
3404762414,267051,2026-06-15,11:47:04,Обесточен,f
3404762415,267051,2026-06-15,11:47:04,Есть питание,f
3404762417,267052,2026-06-15,11:47:04,Норма,f
3404762418,267052,2026-06-15,11:47:04,Обесточен,f
3404762421,267052,2026-06-15,11:47:04,Есть питание,f
3404762422,277999,2026-06-15,11:47:04,Норма,f
3404762423,277999,2026-06-15,11:47:04,Обесточен,f
3404762424,267064,2026-06-15,11:47:04,Норма,f
3404762425,267064,2026-06-15,11:47:04,Обесточен,f
3404762426,267064,2026-06-15,11:47:04,Есть питание,f
3404762429,267087,2026-06-15,11:47:04,Норма,f
3404762436,278010,2026-06-15,11:47:04,Норма,f
3404762438,278010,2026-06-15,11:47:04,Обесточен,f
3404762439,278010,2026-06-15,11:47:04,Есть питание,f
3404762441,267072,2026-06-15,11:47:04,Норма,f
3404762442,278025,2026-06-15,11:47:04,Норма,f
3404762457,278014,2026-06-15,11:47:04,Обесточен,f
3404762445,278025,2026-06-15,11:47:04,Есть питание,f
3404762446,278061,2026-06-15,11:47:04,Есть питание,f
3404762476,278073,2026-06-15,11:47:04,Норма,f
3404762447,278049,2026-06-15,11:47:04,Есть питание,f
3404762478,278073,2026-06-15,11:47:04,Выключен,f
3404762479,267109,2026-06-15,11:47:04,Выключен,f
3404762448,278050,2026-06-15,11:47:04,Есть питание,f
3404762450,278068,2026-06-15,11:47:04,Есть питание,f
3404762452,278069,2026-06-15,11:47:04,Есть питание,f
3404762453,267114,2026-06-15,11:47:04,Норма,f
3404762454,267114,2026-06-15,11:47:04,Выключен,f
3404762456,278014,2026-06-15,11:47:04,Норма,f
3404762434,277999,2026-06-15,11:47:04,Есть питание,f
4453315707,196751,2026-06-15,11:47:05,0.00,f
4453315712,196755,2026-06-15,11:47:05,0.01,f
4453315721,196732,2026-06-15,11:47:05,0.01,f
4453315584,158934,2026-06-15,11:47:06,0.01,f
4453315723,196771,2026-06-15,11:47:06,0.01,f
3404762481,304354,2026-06-15,11:47:06,Обесточен,f
4453315604,158934,2026-06-15,11:47:07,0.00,f
4453315756,196751,2026-06-15,11:47:07,0.01,f
4453315762,196753,2026-06-15,11:47:07,0.01,f
4453317106,267423,2026-06-15,11:47:08,0.05,f
4453315782,196738,2026-06-15,11:47:08,0.00,f
3404762521,277869,2026-06-15,11:47:08,Питание от сети,f
3404762502,277869,2026-06-15,11:47:08,Питание от батарей,t
4453315640,158934,2026-06-15,11:47:09,0.01,f
4453315803,196753,2026-06-15,11:47:09,0.00,f
4453315683,288256,2026-06-15,11:47:10,0.01,f
4453315699,288256,2026-06-15,11:47:10,0.00,f
4453315816,196727,2026-06-15,11:47:10,0.01,f
4453315843,196734,2026-06-15,11:47:11,0.02,f
4453315834,196779,2026-06-15,11:47:11,0.00,f
4453315831,196775,2026-06-15,11:47:11,0.00,f
4453315862,104054,2026-06-15,11:47:12,0.02,f
4453315864,104061,2026-06-15,11:47:12,0.05,f
4453315852,196727,2026-06-15,11:47:12,0.00,f
4453315859,104047,2026-06-15,11:47:12,0.08,f
4453315876,196745,2026-06-15,11:47:13,0.01,f
4453315886,147201,2026-06-15,11:47:13,0.10,f
4453315909,196780,2026-06-15,11:47:15,0.01,f
4453315787,268158,2026-06-15,11:47:16,0.01,f
4453315919,196727,2026-06-15,11:47:16,0.01,f
4453315920,196732,2026-06-15,11:47:16,0.00,f
4453315932,196785,2026-06-15,11:47:16,0.01,f
4453315946,196750,2026-06-15,11:47:17,0.01,f
3404761243,103969,2026-06-15,11:47:18,Есть питание,f
4453315844,288146,2026-06-15,11:47:18,0.01,f
4453315958,196727,2026-06-15,11:47:18,0.00,f
4453315959,196732,2026-06-15,11:47:18,0.01,f
4453315804,268158,2026-06-15,11:47:18,0.00,f
4453315973,196780,2026-06-15,11:47:19,0.00,f
4453315988,196727,2026-06-15,11:47:20,0.01,f
4453316018,196756,2026-06-15,11:47:21,0.01,f
4453316011,196734,2026-06-15,11:47:21,0.01,f
4453316006,196780,2026-06-15,11:47:21,0.01,f
4453316001,116069,2026-06-15,11:47:21,0.06,f
4453316044,196750,2026-06-15,11:47:23,0.00,f
4453316054,196732,2026-06-15,11:47:24,0.00,f
3404762799,267087,2026-06-15,11:47:24,Выключен,f
4453316066,196785,2026-06-15,11:47:25,0.00,f
4453316070,196774,2026-06-15,11:47:25,0.00,f
4453316093,196732,2026-06-15,11:47:26,0.01,f
4453316025,230623,2026-06-15,11:47:26,0.01,f
4453316101,147208,2026-06-15,11:47:27,0.05,f
4453316124,196774,2026-06-15,11:47:28,0.01,f
4453316142,196728,2026-06-15,11:47:29,0.00,f
4453316023,268158,2026-06-15,11:47:30,0.01,f
4453316151,196738,2026-06-15,11:47:30,0.01,f
4453316178,196765,2026-06-15,11:47:31,0.01,f
4453316181,196780,2026-06-15,11:47:31,0.00,f
4453316208,196752,2026-06-15,11:47:33,0.01,f
4453317543,267423,2026-06-15,11:47:34,0.04,f
4453316218,196738,2026-06-15,11:47:34,0.00,f
4453316234,196784,2026-06-15,11:47:34,0.00,f
4453316249,196764,2026-06-15,11:47:35,0.00,f
4453316245,196727,2026-06-15,11:47:35,0.00,f
4453316254,196738,2026-06-15,11:47:36,0.01,f
4453316263,196783,2026-06-15,11:47:36,0.01,f
4453316266,196751,2026-06-15,11:47:37,0.00,f
4453316274,196756,2026-06-15,11:47:37,0.00,f
4453316290,196727,2026-06-15,11:47:37,0.01,f
4453316292,196745,2026-06-15,11:47:38,0.00,f
4453316295,196762,2026-06-15,11:47:38,0.01,f
4453316302,196783,2026-06-15,11:47:38,0.00,f
4453316303,196767,2026-06-15,11:47:38,0.00,f
4453316329,196755,2026-06-15,11:47:39,0.00,f
4453316330,196768,2026-06-15,11:47:40,0.02,f
3404761585,77754,2026-06-15,11:47:40,Обнаружено движение,f
4453316352,196755,2026-06-15,11:47:41,0.01,f
3404761639,77754,2026-06-15,11:47:42,Движения нет,f
4453316368,196738,2026-06-15,11:47:42,0.00,f
4453316360,196784,2026-06-15,11:47:42,0.01,f
4453316356,196727,2026-06-15,11:47:42,0.00,f
4453316357,196732,2026-06-15,11:47:42,0.00,f
4453316381,104047,2026-06-15,11:47:43,0.09,f
4453316382,104061,2026-06-15,11:47:43,0.04,f
4453316396,196784,2026-06-15,11:47:44,0.00,f
4453316400,196752,2026-06-15,11:47:44,0.00,f
4453317686,267423,2026-06-15,11:47:44,0.05,f
4453317700,267418,2026-06-15,11:47:44,0.13,f
4453316411,147201,2026-06-15,11:47:45,0.11,f
4453316413,196745,2026-06-15,11:47:45,0.01,f
4453316426,196726,2026-06-15,11:47:46,0.01,f
4453316427,196729,2026-06-15,11:47:46,0.01,f
4453316430,196768,2026-06-15,11:47:46,0.00,f
4453316442,196783,2026-06-15,11:47:47,0.01,f
4453316447,196733,2026-06-15,11:47:47,0.01,f
4453316449,196745,2026-06-15,11:47:47,0.00,f
4453316457,196726,2026-06-15,11:47:48,0.00,f
3404761721,77752,2026-06-15,11:47:48,Обнаружено движение,f
3404761752,77752,2026-06-15,11:47:49,Движения нет,f
4453316363,158934,2026-06-15,11:47:49,0.00,f
4453316473,213780,2026-06-15,11:47:49,0.02,f
4453316475,213790,2026-06-15,11:47:49,0.09,f
4453316476,196774,2026-06-15,11:47:49,0.00,f
4453316504,196738,2026-06-15,11:47:50,0.01,f
4453316496,196752,2026-06-15,11:47:50,0.01,f
4453316491,196729,2026-06-15,11:47:50,0.00,f
4453316508,196785,2026-06-15,11:47:51,0.01,f
4453316513,196745,2026-06-15,11:47:51,0.01,f
4453316532,116069,2026-06-15,11:47:52,0.05,f
4453316535,196732,2026-06-15,11:47:52,0.01,f
4453316537,196768,2026-06-15,11:47:52,0.01,f
4453316552,196783,2026-06-15,11:47:53,0.00,f
4453316554,196765,2026-06-15,11:47:53,0.00,f
4453316561,196774,2026-06-15,11:47:53,0.01,f
4453316567,196752,2026-06-15,11:47:53,0.02,f
4453316418,268158,2026-06-15,11:47:54,0.00,f
4453316578,196768,2026-06-15,11:47:54,0.02,f
4453316579,196733,2026-06-15,11:47:54,0.00,f
4453316598,196765,2026-06-15,11:47:55,0.01,f
4453316614,196732,2026-06-15,11:47:56,0.00,f
4453316617,196768,2026-06-15,11:47:56,0.01,f
4453316618,196783,2026-06-15,11:47:56,0.01,f
4453316619,196785,2026-06-15,11:47:57,0.00,f
4453316635,196734,2026-06-15,11:47:57,0.00,f
4453316512,288146,2026-06-15,11:47:58,0.00,f
4453316657,196726,2026-06-15,11:47:59,0.01,f
4453316658,196731,2026-06-15,11:47:59,0.01,f
4453316666,196762,2026-06-15,11:48:00,0.02,f
4453318001,267423,2026-06-15,11:48:00,0.04,f
4453318029,267423,2026-06-15,11:48:00,0.05,f
4453316695,196774,2026-06-15,11:48:01,0.00,f
4453316698,196752,2026-06-15,11:48:01,0.01,f
4453316697,196726,2026-06-15,11:48:01,0.00,f
4453316717,196731,2026-06-15,11:48:02,0.00,f
4453316715,196783,2026-06-15,11:48:02,0.00,f
3404762043,179244,2026-06-15,11:48:03,Обесточен,f
4453318101,267418,2026-06-15,11:48:04,0.14,f
4453316748,196777,2026-06-15,11:48:04,0.01,f
4453316746,196731,2026-06-15,11:48:04,0.01,f
4453316764,196755,2026-06-15,11:48:05,0.00,f
4453316774,196726,2026-06-15,11:48:05,0.01,f
4453316625,288146,2026-06-15,11:48:05,0.01,f
4453316780,196731,2026-06-15,11:48:06,0.00,f
4453316783,196777,2026-06-15,11:48:06,0.00,f
4453316785,196760,2026-06-15,11:48:07,0.01,f
4453316804,196762,2026-06-15,11:48:08,0.05,f
4453316814,196777,2026-06-15,11:48:08,0.01,f
4453316830,196771,2026-06-15,11:48:09,0.00,f
4453316739,288146,2026-06-15,11:48:10,0.00,f
3404762184,196623,2026-06-15,11:48:10,Выключен,f
4453316859,196777,2026-06-15,11:48:11,0.00,f
4453316858,196774,2026-06-15,11:48:11,0.01,f
4453316851,196731,2026-06-15,11:48:11,0.01,f
4453316763,288146,2026-06-15,11:48:12,0.01,f
4453316885,196762,2026-06-15,11:48:12,0.04,f
4453316883,196760,2026-06-15,11:48:12,0.00,f
4453316892,196777,2026-06-15,11:48:13,0.01,f
4453316786,288146,2026-06-15,11:48:14,0.00,f
4453316922,104054,2026-06-15,11:48:14,0.03,f
4453316910,196727,2026-06-15,11:48:14,0.01,f
4453316932,196750,2026-06-15,11:48:15,0.01,f
4453316948,196729,2026-06-15,11:48:16,0.01,f
4453316968,196774,2026-06-15,11:48:17,0.00,f
4453316971,196745,2026-06-15,11:48:17,0.00,f
4453316972,196750,2026-06-15,11:48:17,0.00,f
4453316985,196765,2026-06-15,11:48:18,0.00,f
4453316996,196762,2026-06-15,11:48:18,0.03,f
4453317001,196774,2026-06-15,11:48:19,0.01,f
4453317004,196783,2026-06-15,11:48:19,0.01,f
4453317005,196745,2026-06-15,11:48:19,0.01,f
4453317028,213780,2026-06-15,11:48:20,0.03,f
4453317031,213790,2026-06-15,11:48:20,0.11,f
4453317018,196780,2026-06-15,11:48:20,0.01,f
4453317025,196762,2026-06-15,11:48:20,0.02,f
4453316896,268143,2026-06-15,11:48:21,0.01,f
4453317062,196727,2026-06-15,11:48:22,0.00,f
4453317100,104039,2026-06-15,11:48:23,0.01,f
3404763791,267088,2026-06-15,11:48:24,Выключен,f
4453317088,196762,2026-06-15,11:48:24,0.01,f
4453317095,196727,2026-06-15,11:48:24,0.01,f
4453316940,268158,2026-06-15,11:48:25,0.01,f
4453317137,196777,2026-06-15,11:48:26,0.00,f
4453317124,196762,2026-06-15,11:48:26,0.02,f
4453317155,196762,2026-06-15,11:48:28,0.01,f
4453317166,196777,2026-06-15,11:48:28,0.01,f
4453317167,196783,2026-06-15,11:48:28,0.00,f
3404762578,94075,2026-06-15,11:48:29,Норма,f
4453317180,196774,2026-06-15,11:48:29,0.00,f
4453317181,196780,2026-06-15,11:48:29,0.00,f
3404762778,171623,2026-06-15,11:48:29,Обнаружено движение,f
4453317189,196762,2026-06-15,11:48:30,0.00,f
4453317197,147208,2026-06-15,11:48:30,0.04,f
4453317198,196777,2026-06-15,11:48:30,0.00,f
4453317206,196731,2026-06-15,11:48:31,0.02,f
4453317208,196780,2026-06-15,11:48:31,0.01,f
3404762831,171623,2026-06-15,11:48:31,Движения нет,f
4453317235,196780,2026-06-15,11:48:33,0.00,f
4453317263,196738,2026-06-15,11:48:35,0.00,f
4453317277,196731,2026-06-15,11:48:35,0.01,f
3404762694,2874,2026-06-15,11:48:36,Обнаружено движение,f
4453317287,196762,2026-06-15,11:48:36,0.01,f
4453317295,213358,2026-06-15,11:48:36,0.16,f
4453317310,116124,2026-06-15,11:48:37,0.04,f
4453317228,230543,2026-06-15,11:48:38,0.03,f
3404762655,333641,2026-06-15,11:48:38,Включен,f
4453317335,196727,2026-06-15,11:48:39,0.00,f
3404762750,2874,2026-06-15,11:48:39,Движения нет,f
4453317338,196780,2026-06-15,11:48:40,0.01,f
4453317251,230543,2026-06-15,11:48:40,0.02,f
3404762727,330528,2026-06-15,11:48:42,Обнаружено движение,f
4453317394,196774,2026-06-15,11:48:43,0.01,f
4453317407,196726,2026-06-15,11:48:43,0.00,f
3404762783,330528,2026-06-15,11:48:44,Движения нет,f
4453317420,196745,2026-06-15,11:48:44,0.00,f
3404762846,77562,2026-06-15,11:48:44,Обнаружено движение,f
4453317452,196745,2026-06-15,11:48:46,0.01,f
4453317484,196771,2026-06-15,11:48:48,0.01,f
4453317496,196790,2026-06-15,11:48:48,0.01,f
4453317508,196774,2026-06-15,11:48:49,0.00,f
4453317510,196745,2026-06-15,11:48:49,0.00,f
4453317501,196730,2026-06-15,11:48:49,0.01,f
4453317503,196731,2026-06-15,11:48:49,0.00,f
4453318812,267378,2026-06-15,11:48:50,0.01,f
4453317442,230493,2026-06-15,11:48:50,0.15,f
4453317522,196768,2026-06-15,11:48:50,0.00,f
4453317525,196771,2026-06-15,11:48:50,0.00,f
4453317528,196738,2026-06-15,11:48:50,0.01,f
4453317531,196790,2026-06-15,11:48:51,0.00,f
4453317536,196730,2026-06-15,11:48:51,0.00,f
4453317537,196774,2026-06-15,11:48:51,0.01,f
4453317544,213790,2026-06-15,11:48:51,0.09,f
3404762932,77562,2026-06-15,11:48:51,Движения нет,f
4453318836,267378,2026-06-15,11:48:52,0.00,f
4453317557,196738,2026-06-15,11:48:52,0.00,f
4453317454,230493,2026-06-15,11:48:52,0.00,f
3404762875,330411,2026-06-15,11:48:52,Обнаружено движение,f
4453317545,196796,2026-06-15,11:48:52,0.01,f
4453317568,196730,2026-06-15,11:48:53,0.01,f
4453317571,196736,2026-06-15,11:48:53,0.01,f
4453317587,196752,2026-06-15,11:48:54,0.00,f
4453317576,196796,2026-06-15,11:48:54,0.00,f
4453317583,196784,2026-06-15,11:48:54,0.01,f
4453317585,196771,2026-06-15,11:48:54,0.01,f
4453317512,230493,2026-06-15,11:48:54,0.00,f
4453317488,230493,2026-06-15,11:48:54,0.12,f
4453318895,267378,2026-06-15,11:48:54,0.01,f
4453317607,2961,2026-06-15,11:48:55,30,f
4453317623,196771,2026-06-15,11:48:56,0.00,f
4453317612,196796,2026-06-15,11:48:56,0.01,f
4453317625,196738,2026-06-15,11:48:56,0.01,f
4453317621,196780,2026-06-15,11:48:56,0.00,f
4453317636,196767,2026-06-15,11:48:57,0.01,f
4453318965,267378,2026-06-15,11:48:58,0.00,f
4453317653,196767,2026-06-15,11:48:58,0.00,f
4453317648,196763,2026-06-15,11:48:58,0.01,f
4453317555,230493,2026-06-15,11:48:58,0.01,f
3404762947,330411,2026-06-15,11:48:59,Движения нет,f
4453317664,196730,2026-06-15,11:48:59,0.00,f
4453317666,196765,2026-06-15,11:48:59,0.01,f
4453317684,196738,2026-06-15,11:49:00,0.00,f
4453317675,196763,2026-06-15,11:49:00,0.00,f
4453317679,196767,2026-06-15,11:49:00,0.01,f
4453317680,196771,2026-06-15,11:49:00,0.01,f
4453317694,196730,2026-06-15,11:49:01,0.01,f
3404763002,330413,2026-06-15,11:49:01,Не замкнут,f
4453317710,196767,2026-06-15,11:49:02,0.00,f
3404763627,144797,2026-06-15,11:49:02,Движения нет,f
4453317730,196726,2026-06-15,11:49:03,0.01,f
4453317732,196730,2026-06-15,11:49:03,0.00,f
4453317734,196780,2026-06-15,11:49:03,0.01,f
4453317735,196736,2026-06-15,11:49:03,0.00,f
4453319075,267423,2026-06-15,11:49:04,0.04,f
4453317750,196729,2026-06-15,11:49:04,0.00,f
3404763179,330528,2026-06-15,11:49:04,Обнаружено движение,f
4453317651,230543,2026-06-15,11:49:04,0.00,f
4453317739,196756,2026-06-15,11:49:04,0.01,f
4453317773,196751,2026-06-15,11:49:05,0.01,f
4453317757,196738,2026-06-15,11:49:05,0.01,f
3404763004,333742,2026-06-15,11:49:05,Включен,f
4453317793,196729,2026-06-15,11:49:06,0.01,f
4453317788,196796,2026-06-15,11:49:06,0.00,f
3404763193,330413,2026-06-15,11:49:06,Норма,f
4453317795,196777,2026-06-15,11:49:06,0.01,f
4453317824,196726,2026-06-15,11:49:07,0.00,f
4453317827,213358,2026-06-15,11:49:07,0.15,f
4453317841,196767,2026-06-15,11:49:08,0.01,f
4453317862,196729,2026-06-15,11:49:09,0.00,f
3404763238,330528,2026-06-15,11:49:09,Движения нет,f
3404763242,330410,2026-06-15,11:49:09,Обнаружено движение,f
4453317846,196751,2026-06-15,11:49:09,0.00,f
4453317886,196784,2026-06-15,11:49:10,0.00,f
4453317884,196777,2026-06-15,11:49:10,0.00,f
4453317882,196767,2026-06-15,11:49:10,0.00,f
4453317871,196796,2026-06-15,11:49:10,0.01,f
4453317866,196756,2026-06-15,11:49:10,0.00,f
3404763219,333432,2026-06-15,11:49:11,Есть питание,f
4453317901,196780,2026-06-15,11:49:11,0.00,f
4453317931,196767,2026-06-15,11:49:12,0.01,f
4453317929,196784,2026-06-15,11:49:12,0.01,f
4453317921,196796,2026-06-15,11:49:12,0.00,f
3404763306,330410,2026-06-15,11:49:12,Движения нет,f
4453317902,196750,2026-06-15,11:49:12,0.01,f
4453317903,196752,2026-06-15,11:49:12,0.01,f
4453317907,196736,2026-06-15,11:49:12,0.01,f
4453317917,196793,2026-06-15,11:49:12,0.01,f
4453317948,196752,2026-06-15,11:49:14,0.00,f
3404763315,330410,2026-06-15,11:49:14,Обнаружено движение,f
4453317952,196736,2026-06-15,11:49:14,0.00,f
4453317956,196793,2026-06-15,11:49:14,0.00,f
4453317963,196767,2026-06-15,11:49:14,0.00,f
4453317964,196771,2026-06-15,11:49:14,0.00,f
3404763327,333641,2026-06-15,11:49:15,Выключен,f
4453317974,196789,2026-06-15,11:49:15,0.01,f
4453317981,196764,2026-06-15,11:49:15,0.01,f
4453317988,196736,2026-06-15,11:49:16,0.01,f
4453318008,196731,2026-06-15,11:49:17,0.01,f
4453318013,196751,2026-06-15,11:49:17,0.01,f
4453318006,196777,2026-06-15,11:49:17,0.01,f
4453318031,196728,2026-06-15,11:49:18,0.01,f
4453318038,196764,2026-06-15,11:49:18,0.00,f
4453318039,196745,2026-06-15,11:49:18,0.01,f
4453318073,196789,2026-06-15,11:49:19,0.00,f
3404763364,330410,2026-06-15,11:49:19,Движения нет,f
4453318049,196731,2026-06-15,11:49:19,0.00,f
4453318055,196783,2026-06-15,11:49:19,0.01,f
4453318061,196750,2026-06-15,11:49:19,0.00,f
4453318068,196756,2026-06-15,11:49:19,0.01,f
4453318083,196745,2026-06-15,11:49:20,0.00,f
4453318092,196753,2026-06-15,11:49:20,0.01,f
4453318095,196793,2026-06-15,11:49:20,0.01,f
4453318078,147192,2026-06-15,11:49:20,0.00,f
4453318080,196765,2026-06-15,11:49:20,0.00,f
4453319359,267423,2026-06-15,11:49:20,0.05,f
4453318114,196755,2026-06-15,11:49:21,0.01,f
3404763921,144799,2026-06-15,11:49:21,Обнаружено движение,f
4453318133,213780,2026-06-15,11:49:22,0.02,f
4453318118,196728,2026-06-15,11:49:22,0.00,f
4453318122,196784,2026-06-15,11:49:22,0.00,f
4453318124,196752,2026-06-15,11:49:22,0.01,f
4453318135,196790,2026-06-15,11:49:22,0.01,f
4453318138,196793,2026-06-15,11:49:22,0.00,f
4453319376,267423,2026-06-15,11:49:22,0.04,f
4453318154,196789,2026-06-15,11:49:23,0.01,f
4453318161,196768,2026-06-15,11:49:24,0.01,f
4453318158,116137,2026-06-15,11:49:24,0.03,f
3404763973,144799,2026-06-15,11:49:25,Движения нет,f
4453318177,196755,2026-06-15,11:49:25,0.00,f
4453318180,116068,2026-06-15,11:49:26,0.03,f
4453318181,116069,2026-06-15,11:49:26,0.06,f
3404763984,144857,2026-06-15,11:49:26,Не замкнут,f
4453318035,268143,2026-06-15,11:49:27,0.02,f
4453318212,196761,2026-06-15,11:49:28,0.01,f
4453319529,267423,2026-06-15,11:49:28,0.05,f
3404763584,210643,2026-06-15,11:49:28,Выключен,f
4453318204,196789,2026-06-15,11:49:28,0.00,f
4453318089,268158,2026-06-15,11:49:29,0.00,f
3404763607,144797,2026-06-15,11:49:30,Обнаружено движение,f
4453319563,267423,2026-06-15,11:49:30,0.04,f
4453318265,196762,2026-06-15,11:49:31,0.00,f
4453318257,196767,2026-06-15,11:49:31,0.01,f
4453318260,196774,2026-06-15,11:49:31,0.00,f
4453318112,268158,2026-06-15,11:49:31,0.01,f
4453318252,196790,2026-06-15,11:49:31,0.00,f
4453318273,196777,2026-06-15,11:49:32,0.00,f
4453318166,268158,2026-06-15,11:49:33,0.01,f
4453318150,268158,2026-06-15,11:49:33,0.00,f
4453318319,196777,2026-06-15,11:49:34,0.01,f
4453318320,196771,2026-06-15,11:49:34,0.01,f
4453318332,196790,2026-06-15,11:49:35,0.01,f
3404764119,144801,2026-06-15,11:49:35,Обнаружено движение,f
3404764123,144857,2026-06-15,11:49:35,Норма,f
4453318352,196771,2026-06-15,11:49:36,0.00,f
3404764141,144801,2026-06-15,11:49:36,Движения нет,f
4453318240,230543,2026-06-15,11:49:36,0.01,f
4453318210,268158,2026-06-15,11:49:37,0.00,f
4453318224,268158,2026-06-15,11:49:37,0.01,f
4453318363,196790,2026-06-15,11:49:37,0.00,f
4453318384,196784,2026-06-15,11:49:38,0.01,f
4453318383,196767,2026-06-15,11:49:38,0.00,f
4453318395,196761,2026-06-15,11:49:39,0.00,f
3404765005,267358,2026-06-15,11:49:40,Норма,f
4453318420,196738,2026-06-15,11:49:41,0.00,f
4453318441,196789,2026-06-15,11:49:42,0.01,f
4453318450,196771,2026-06-15,11:49:42,0.01,f
4453318453,196784,2026-06-15,11:49:42,0.00,f
4453319771,267423,2026-06-15,11:49:42,0.05,f
4453318304,268173,2026-06-15,11:49:43,0.24,f
4453318326,268173,2026-06-15,11:49:43,0.25,f
4453318470,196752,2026-06-15,11:49:43,0.00,f
4453318357,268173,2026-06-15,11:49:45,0.24,f
4453318487,196789,2026-06-15,11:49:45,0.00,f
4453319820,267423,2026-06-15,11:49:46,0.04,f
4453318518,196734,2026-06-15,11:49:47,0.01,f
4453318532,196768,2026-06-15,11:49:48,0.00,f
4453318437,230543,2026-06-15,11:49:48,0.00,f
4453319863,278301,2026-06-15,11:49:48,0.01,f
4453318542,104047,2026-06-15,11:49:48,0.08,f
4453318538,196736,2026-06-15,11:49:48,0.00,f
4453318530,196727,2026-06-15,11:49:48,0.01,f
4453318547,196734,2026-06-15,11:49:49,0.00,f
4453318545,196783,2026-06-15,11:49:49,0.00,f
4453318544,196777,2026-06-15,11:49:49,0.02,f
4453318543,196767,2026-06-15,11:49:49,0.01,f
4453318577,196777,2026-06-15,11:49:51,0.01,f
4453318591,196727,2026-06-15,11:49:52,0.00,f
4453318608,196756,2026-06-15,11:49:53,0.00,f
4453318610,213780,2026-06-15,11:49:53,0.03,f
4453318600,196767,2026-06-15,11:49:53,0.00,f
3404764014,103973,2026-06-15,11:49:54,Есть питание,f
4453318638,116137,2026-06-15,11:49:55,0.02,f
4453318639,147192,2026-06-15,11:49:55,0.01,f
3404763972,330528,2026-06-15,11:49:55,Обнаружено движение,f
4453318654,196746,2026-06-15,11:49:56,0.01,f
4453318661,116068,2026-06-15,11:49:57,0.04,f
4453318698,196746,2026-06-15,11:49:58,0.00,f
4453320024,278311,2026-06-15,11:49:58,0.01,f
4453318707,196731,2026-06-15,11:49:59,0.01,f
4453318710,196767,2026-06-15,11:49:59,0.01,f
4453318714,196753,2026-06-15,11:49:59,0.00,f
3404763999,330528,2026-06-15,11:49:59,Движения нет,f
4453318726,196767,2026-06-15,11:50:01,0.00,f
3404765314,266681,2026-06-15,11:50:02,Не замкнут,f
4453318760,196726,2026-06-15,11:50:04,0.01,f
4453318761,196728,2026-06-15,11:50:04,0.01,f
4453318764,196752,2026-06-15,11:50:04,0.01,f
4453318779,196751,2026-06-15,11:50:05,0.00,f
4453318778,196726,2026-06-15,11:50:05,0.00,f
4453318801,196777,2026-06-15,11:50:06,0.00,f
4453318795,196789,2026-06-15,11:50:06,0.01,f
3404765413,266681,2026-06-15,11:50:06,Норма,f
4453318816,196726,2026-06-15,11:50:07,0.01,f
4453318825,196756,2026-06-15,11:50:07,0.01,f
3404765494,266977,2026-06-15,11:50:08,Есть питание,f
4453318839,196728,2026-06-15,11:50:08,0.00,f
4453318743,268173,2026-06-15,11:50:11,0.25,f
4453318911,196728,2026-06-15,11:50:12,0.01,f
4453318929,196755,2026-06-15,11:50:13,0.01,f
4453318938,196752,2026-06-15,11:50:13,0.02,f
4453318947,196756,2026-06-15,11:50:14,0.00,f
4453318954,196751,2026-06-15,11:50:14,0.01,f
4453320338,278311,2026-06-15,11:50:14,0.00,f
4453318975,196730,2026-06-15,11:50:15,0.01,f
4453318985,196756,2026-06-15,11:50:16,0.01,f
4453318988,196789,2026-06-15,11:50:16,0.00,f
4453319010,196793,2026-06-15,11:50:17,0.01,f
4453318828,268173,2026-06-15,11:50:17,0.24,f
4453318848,268173,2026-06-15,11:50:17,0.25,f
4453319000,196751,2026-06-15,11:50:17,0.00,f
4453319006,196755,2026-06-15,11:50:17,0.00,f
4453319007,196761,2026-06-15,11:50:17,0.01,f
4453318897,268158,2026-06-15,11:50:18,0.00,f
4453320402,278301,2026-06-15,11:50:18,0.00,f
4453319027,196756,2026-06-15,11:50:18,0.00,f
4453319049,196755,2026-06-15,11:50:19,0.01,f
4453319058,196745,2026-06-15,11:50:20,0.01,f
4453319074,104054,2026-06-15,11:50:20,0.02,f
4453319077,196771,2026-06-15,11:50:21,0.00,f
4453319088,196755,2026-06-15,11:50:21,0.00,f
4453318966,268158,2026-06-15,11:50:22,0.01,f
4453319101,196746,2026-06-15,11:50:22,0.01,f
4453319100,196780,2026-06-15,11:50:22,0.01,f
4453320484,267423,2026-06-15,11:50:24,0.05,f
4453318989,268158,2026-06-15,11:50:24,0.00,f
4453319128,196780,2026-06-15,11:50:24,0.00,f
4453319129,196723,2026-06-15,11:50:24,0.01,f
4453319152,213780,2026-06-15,11:50:24,0.02,f
4453319155,196755,2026-06-15,11:50:25,0.01,f
4453319157,196761,2026-06-15,11:50:25,0.00,f
4453319052,268158,2026-06-15,11:50:26,0.01,f
4453319173,196756,2026-06-15,11:50:26,0.01,f
4453319165,147201,2026-06-15,11:50:27,0.10,f
4453319186,196761,2026-06-15,11:50:27,0.01,f
4453319192,116069,2026-06-15,11:50:27,0.05,f
4453319202,196723,2026-06-15,11:50:28,0.00,f
4453319203,196729,2026-06-15,11:50:28,0.01,f
4453319212,196753,2026-06-15,11:50:28,0.01,f
4453319237,116137,2026-06-15,11:50:29,0.03,f
4453319221,196730,2026-06-15,11:50:29,0.00,f
4453319228,196756,2026-06-15,11:50:29,0.00,f
4453319239,196780,2026-06-15,11:50:30,0.01,f
4453319241,196746,2026-06-15,11:50:30,0.00,f
4453319246,196753,2026-06-15,11:50:30,0.00,f
4453319255,196730,2026-06-15,11:50:31,0.01,f
4453319275,196736,2026-06-15,11:50:32,0.01,f
4453319131,268143,2026-06-15,11:50:32,0.01,f
4453319283,196793,2026-06-15,11:50:33,0.00,f
4453319288,196733,2026-06-15,11:50:33,0.01,f
4453319170,268158,2026-06-15,11:50:34,0.00,f
4453319303,196746,2026-06-15,11:50:34,0.01,f
4453319307,196736,2026-06-15,11:50:34,0.00,f
4453319320,196730,2026-06-15,11:50:35,0.00,f
4453319333,196789,2026-06-15,11:50:36,0.01,f
4453319346,196733,2026-06-15,11:50:37,0.00,f
4453319358,196753,2026-06-15,11:50:37,0.01,f
4453319369,196723,2026-06-15,11:50:38,0.01,f
4453319383,196785,2026-06-15,11:50:39,0.01,f
4453319388,196790,2026-06-15,11:50:39,0.01,f
4453319391,196733,2026-06-15,11:50:39,0.01,f
4453319399,196753,2026-06-15,11:50:40,0.00,f
3404764731,2876,2026-06-15,11:50:40,Обнаружено движение,f
4453319401,196755,2026-06-15,11:50:40,0.00,f
4453319430,116118,2026-06-15,11:50:41,0.03,f
4453319412,196790,2026-06-15,11:50:41,0.00,f
4453319422,196775,2026-06-15,11:50:41,0.01,f
4453319435,196729,2026-06-15,11:50:42,0.00,f
3404764819,2876,2026-06-15,11:50:43,Движения нет,f
4453319524,196726,2026-06-15,11:50:45,0.00,f
4453319532,196745,2026-06-15,11:50:46,0.00,f
4453319538,196759,2026-06-15,11:50:46,0.03,f
4453319539,196789,2026-06-15,11:50:46,0.00,f
4453319583,196783,2026-06-15,11:50:49,0.01,f
4453319602,196723,2026-06-15,11:50:49,0.00,f
4453319605,196752,2026-06-15,11:50:50,0.03,f
4453319615,196753,2026-06-15,11:50:50,0.01,f
4453319619,196789,2026-06-15,11:50:50,0.01,f
4453319625,196751,2026-06-15,11:50:51,0.01,f
4453319627,196761,2026-06-15,11:50:51,0.00,f
4453319638,196775,2026-06-15,11:50:52,0.00,f
4453319644,196752,2026-06-15,11:50:52,0.02,f
4453319650,196736,2026-06-15,11:50:52,0.01,f
4453319646,104047,2026-06-15,11:50:52,0.09,f
4453319659,196728,2026-06-15,11:50:53,0.00,f
4453319685,196759,2026-06-15,11:50:54,0.00,f
4453319680,196746,2026-06-15,11:50:54,0.00,f
4453319692,196783,2026-06-15,11:50:55,0.02,f
4453321069,278301,2026-06-15,11:50:56,0.01,f
4453321071,267423,2026-06-15,11:50:56,0.04,f
4453319709,196746,2026-06-15,11:50:56,0.01,f
4453319713,196736,2026-06-15,11:50:56,0.00,f
4453319728,213780,2026-06-15,11:50:57,0.03,f
4453321102,278301,2026-06-15,11:50:58,0.00,f
4453319738,196775,2026-06-15,11:50:58,0.01,f
4453319739,196732,2026-06-15,11:50:58,0.01,f
4453319764,196783,2026-06-15,11:50:59,0.01,f
4453319800,116137,2026-06-15,11:51:00,0.02,f
4453319781,196765,2026-06-15,11:51:00,0.01,f
4453319782,196752,2026-06-15,11:51:00,0.03,f
4453319789,196759,2026-06-15,11:51:00,0.03,f
4453319642,268143,2026-06-15,11:51:00,0.02,f
4453319802,196772,2026-06-15,11:51:01,0.01,f
4453319811,196746,2026-06-15,11:51:02,0.00,f
4453319817,196753,2026-06-15,11:51:02,0.00,f
4453319819,196759,2026-06-15,11:51:02,0.00,f
4453319808,196727,2026-06-15,11:51:02,0.01,f
4453321170,278301,2026-06-15,11:51:02,0.01,f
4453319827,196772,2026-06-15,11:51:03,0.00,f
4453319860,196772,2026-06-15,11:51:05,0.01,f
4453319861,196731,2026-06-15,11:51:05,0.00,f
4453319879,196732,2026-06-15,11:51:06,0.02,f
4453319880,196775,2026-06-15,11:51:06,0.00,f
4453319883,196746,2026-06-15,11:51:06,0.01,f
4453319885,196752,2026-06-15,11:51:06,0.02,f
4453319876,196726,2026-06-15,11:51:06,0.01,f
4453319896,196731,2026-06-15,11:51:07,0.01,f
4453321360,278301,2026-06-15,11:51:08,0.00,f
4453319913,196726,2026-06-15,11:51:08,0.00,f
4453319915,196775,2026-06-15,11:51:08,0.01,f
4453319918,196752,2026-06-15,11:51:08,0.00,f
4453321380,278301,2026-06-15,11:51:08,0.01,f
4453319933,196751,2026-06-15,11:51:09,0.00,f
4453319948,196753,2026-06-15,11:51:10,0.01,f
4453319957,196746,2026-06-15,11:51:10,0.00,f
4453319959,196752,2026-06-15,11:51:10,0.01,f
4453321391,278301,2026-06-15,11:51:10,0.00,f
4453319970,196733,2026-06-15,11:51:11,0.00,f
4453319988,196732,2026-06-15,11:51:12,0.00,f
4453319980,196753,2026-06-15,11:51:12,0.00,f
4453320001,196733,2026-06-15,11:51:13,0.01,f
4453319999,196731,2026-06-15,11:51:13,0.00,f
4453320016,196780,2026-06-15,11:51:14,0.00,f
4453320020,196752,2026-06-15,11:51:14,0.00,f
4453320029,196731,2026-06-15,11:51:15,0.01,f
4453320045,196789,2026-06-15,11:51:16,0.00,f
4453321602,267423,2026-06-15,11:51:20,0.05,f
4453320188,196746,2026-06-15,11:51:24,0.01,f
4453320195,196753,2026-06-15,11:51:24,0.01,f
4453320198,196789,2026-06-15,11:51:24,0.01,f
3404765895,144803,2026-06-15,11:51:24,Обнаружено движение,f
4453320219,196785,2026-06-15,11:51:25,0.00,f
3404765926,144860,2026-06-15,11:51:26,Не замкнут,f
4453320284,196756,2026-06-15,11:51:28,0.01,f
4453320294,196728,2026-06-15,11:51:29,0.01,f
4453320295,196731,2026-06-15,11:51:29,0.00,f
4453320307,196775,2026-06-15,11:51:30,0.00,f
4453320329,116069,2026-06-15,11:51:31,0.06,f
4453320349,196752,2026-06-15,11:51:32,0.01,f
4453320347,196775,2026-06-15,11:51:32,0.01,f
4453320342,196729,2026-06-15,11:51:32,0.01,f
4453320296,230543,2026-06-15,11:51:32,0.02,f
4453320359,147201,2026-06-15,11:51:33,0.11,f
4453320367,196751,2026-06-15,11:51:33,0.01,f
3404766049,144803,2026-06-15,11:51:33,Движения нет,f
3404766052,144860,2026-06-15,11:51:33,Норма,f
4453320379,196789,2026-06-15,11:51:34,0.00,f
4453320394,196746,2026-06-15,11:51:34,0.00,f
4453320396,196752,2026-06-15,11:51:34,0.00,f
4453320415,196753,2026-06-15,11:51:36,0.00,f
4453320431,196755,2026-06-15,11:51:37,0.01,f
4453320439,196765,2026-06-15,11:51:38,0.00,f
4453320440,196727,2026-06-15,11:51:38,0.02,f
4453320451,196753,2026-06-15,11:51:39,0.01,f
4453320423,230543,2026-06-15,11:51:40,0.00,f
4453320468,196753,2026-06-15,11:51:40,0.00,f
4453320472,196727,2026-06-15,11:51:40,0.01,f
3404765762,77568,2026-06-15,11:51:41,Обнаружено движение,f
4453320499,196772,2026-06-15,11:51:41,0.00,f
4453320514,147184,2026-06-15,11:51:42,0.05,f
4453320515,196728,2026-06-15,11:51:42,0.00,f
4453320520,196729,2026-06-15,11:51:42,0.00,f
4453320513,196727,2026-06-15,11:51:42,0.02,f
4453320401,268158,2026-06-15,11:51:43,0.01,f
4453320529,196731,2026-06-15,11:51:43,0.01,f
3404765792,77568,2026-06-15,11:51:44,Движения нет,f
4453320542,116124,2026-06-15,11:51:44,0.03,f
4453320566,196774,2026-06-15,11:51:45,0.01,f
4453320562,196767,2026-06-15,11:51:45,0.01,f
4453320414,268158,2026-06-15,11:51:45,0.00,f
4453320574,196753,2026-06-15,11:51:46,0.01,f
4453320592,196731,2026-06-15,11:51:47,0.00,f
4453320596,196753,2026-06-15,11:51:48,0.00,f
4453320607,196746,2026-06-15,11:51:48,0.01,f
4453320535,230543,2026-06-15,11:51:48,0.01,f
4453320624,196774,2026-06-15,11:51:49,0.00,f
4453320628,196783,2026-06-15,11:51:49,0.00,f
3404765788,333742,2026-06-15,11:51:50,Выключен,f
4453320659,196774,2026-06-15,11:51:51,0.01,f
4453320645,196746,2026-06-15,11:51:51,0.00,f
4453320649,196740,2026-06-15,11:51:51,0.01,f
4453320660,196775,2026-06-15,11:51:51,0.00,f
3404765911,77736,2026-06-15,11:51:52,Обнаружено движение,f
4453320673,196753,2026-06-15,11:51:52,0.01,f
4453320688,196746,2026-06-15,11:51:53,0.01,f
4453320702,196783,2026-06-15,11:51:53,0.01,f
4453320704,196731,2026-06-15,11:51:53,0.01,f
3404765931,77568,2026-06-15,11:51:53,Обнаружено движение,f
4453320541,268158,2026-06-15,11:51:53,0.01,f
4453320720,196753,2026-06-15,11:51:54,0.00,f
3404765950,77736,2026-06-15,11:51:54,Движения нет,f
4453320710,104047,2026-06-15,11:51:54,0.08,f
3404765845,330398,2026-06-15,11:51:54,Не замкнут,f
4453320732,196746,2026-06-15,11:51:55,0.00,f
4453320739,196740,2026-06-15,11:51:55,0.00,f
3404765966,77568,2026-06-15,11:51:55,Движения нет,f
4453320692,230543,2026-06-15,11:51:56,0.00,f
4453320762,196753,2026-06-15,11:51:56,0.01,f
4453320758,196751,2026-06-15,11:51:56,0.00,f
4453320757,196775,2026-06-15,11:51:56,0.01,f
4453320753,196774,2026-06-15,11:51:56,0.00,f
4453320779,196740,2026-06-15,11:51:57,0.01,f
4453320773,196728,2026-06-15,11:51:57,0.01,f
3404765995,103982,2026-06-15,11:51:57,Есть питание,f
4453320612,268153,2026-06-15,11:51:57,0.01,f
3404766027,77734,2026-06-15,11:51:58,Обнаружено движение,f
4453320796,196753,2026-06-15,11:51:58,0.00,f
4453320713,230543,2026-06-15,11:51:58,0.01,f
3404765920,330398,2026-06-15,11:51:58,Норма,f
4453320805,196728,2026-06-15,11:51:59,0.00,f
4453320650,268153,2026-06-15,11:51:59,0.00,f
4453320655,268158,2026-06-15,11:51:59,0.00,f
4453320828,196759,2026-06-15,11:52:00,0.03,f
3404766064,77734,2026-06-15,11:52:01,Движения нет,f
4453320841,196772,2026-06-15,11:52:01,0.01,f
4453320833,196783,2026-06-15,11:52:01,0.00,f
3404766079,77570,2026-06-15,11:52:01,Обнаружено движение,f
4453320740,268153,2026-06-15,11:52:02,0.01,f
4453320878,116069,2026-06-15,11:52:02,0.05,f
4453320883,116137,2026-06-15,11:52:02,0.03,f
4453320876,116068,2026-06-15,11:52:02,0.03,f
4453320868,196759,2026-06-15,11:52:02,0.00,f
3404765642,93645,2026-06-15,11:52:03,Не замкнут,f
4453320843,230543,2026-06-15,11:52:04,0.00,f
4453320906,147201,2026-06-15,11:52:05,0.10,f
4453320908,196775,2026-06-15,11:52:05,0.00,f
4453320911,196731,2026-06-15,11:52:05,0.00,f
4453320931,196727,2026-06-15,11:52:06,0.00,f
3404766058,230905,2026-06-15,11:52:06,Включен,f
3404766149,209989,2026-06-15,11:52:06,Обнаружено движение,f
4453320935,196775,2026-06-15,11:52:06,0.01,f
4453320936,196745,2026-06-15,11:52:06,0.01,f
4453320943,196756,2026-06-15,11:52:06,0.00,f
4453320961,196774,2026-06-15,11:52:07,0.01,f
4453320962,196783,2026-06-15,11:52:07,0.01,f
3404766163,77570,2026-06-15,11:52:07,Движения нет,f
4453320960,196767,2026-06-15,11:52:07,0.00,f
4453320984,196768,2026-06-15,11:52:08,0.01,f
4453320986,196727,2026-06-15,11:52:08,0.01,f
4453320994,196759,2026-06-15,11:52:08,0.03,f
3404766179,77726,2026-06-15,11:52:08,Обнаружено движение,f
3404766155,2997,2026-06-15,11:52:08,Не замкнут,f
4453320905,330711,2026-06-15,11:52:09,17,f
4453321003,196783,2026-06-15,11:52:09,0.00,f
4453320858,158944,2026-06-15,11:52:09,0.02,f
4453321023,196768,2026-06-15,11:52:10,0.00,f
4453320892,288226,2026-06-15,11:52:11,0.04,f
4453320953,230543,2026-06-15,11:52:11,0.05,f
4453321042,196731,2026-06-15,11:52:11,0.01,f
4453321045,196783,2026-06-15,11:52:11,0.01,f
4453321049,196740,2026-06-15,11:52:11,0.00,f
3404766212,77726,2026-06-15,11:52:11,Движения нет,f
3404765746,93645,2026-06-15,11:52:11,Норма,f
4453321034,196756,2026-06-15,11:52:11,0.01,f
4453320884,288146,2026-06-15,11:52:11,0.01,f
4453320948,288226,2026-06-15,11:52:12,0.04,f
4453321055,196756,2026-06-15,11:52:12,0.00,f
4453321067,196775,2026-06-15,11:52:12,0.02,f
4453320894,158944,2026-06-15,11:52:12,0.01,f
4453321080,196731,2026-06-15,11:52:13,0.00,f
4453320927,288226,2026-06-15,11:52:13,0.05,f
4453320968,288171,2026-06-15,11:52:14,0.02,f
4453321086,196756,2026-06-15,11:52:14,0.01,f
4453321100,147184,2026-06-15,11:52:14,0.06,f
4453321101,196784,2026-06-15,11:52:14,0.01,f
3404766247,77570,2026-06-15,11:52:14,Обнаружено движение,f
3404766250,209989,2026-06-15,11:52:14,Движения нет,f
4453321132,116118,2026-06-15,11:52:15,0.02,f
4453321134,116124,2026-06-15,11:52:15,0.04,f
3404766235,2997,2026-06-15,11:52:15,Норма,f
4453321112,196783,2026-06-15,11:52:15,0.00,f
4453320932,268153,2026-06-15,11:52:15,0.00,f
4453321142,196746,2026-06-15,11:52:16,0.01,f
4453322650,267418,2026-06-15,11:52:16,0.15,f
4453321007,288146,2026-06-15,11:52:16,0.00,f
4453321010,288171,2026-06-15,11:52:16,0.01,f
3404766321,209989,2026-06-15,11:52:16,Обнаружено движение,f
4453322647,267423,2026-06-15,11:52:16,0.04,f
4453321077,230543,2026-06-15,11:52:17,0.04,f
4453320981,268293,2026-06-15,11:52:17,0.01,f
4453321169,196726,2026-06-15,11:52:18,0.01,f
4453322685,267423,2026-06-15,11:52:18,0.05,f
3404766403,77570,2026-06-15,11:52:19,Движения нет,f
4453321191,196745,2026-06-15,11:52:19,0.00,f
4453321199,196756,2026-06-15,11:52:20,0.00,f
4453321231,196733,2026-06-15,11:52:21,0.00,f
4453321228,196725,2026-06-15,11:52:21,0.01,f
4453321152,230543,2026-06-15,11:52:21,0.02,f
4453321243,196755,2026-06-15,11:52:22,0.00,f
4453321264,196768,2026-06-15,11:52:22,0.01,f
4453321272,196746,2026-06-15,11:52:23,0.00,f
4453321291,196725,2026-06-15,11:52:23,0.00,f
4453321343,104047,2026-06-15,11:52:24,0.09,f
4453322779,267418,2026-06-15,11:52:24,0.14,f
4453321364,196725,2026-06-15,11:52:25,0.01,f
3404766513,209989,2026-06-15,11:52:25,Движения нет,f
3404766390,230905,2026-06-15,11:52:25,Выключен,f
4453321208,230623,2026-06-15,11:52:25,0.00,f
4453321366,196745,2026-06-15,11:52:26,0.01,f
4453321382,196767,2026-06-15,11:52:26,0.01,f
4453321274,230543,2026-06-15,11:52:27,0.04,f
4453321396,196745,2026-06-15,11:52:28,0.00,f
4453321398,196725,2026-06-15,11:52:28,0.00,f
4453321423,196745,2026-06-15,11:52:30,0.01,f
4453322894,267418,2026-06-15,11:52:30,0.15,f
4453321327,288171,2026-06-15,11:52:31,0.00,f
4453321284,268293,2026-06-15,11:52:31,0.00,f
4453321369,230543,2026-06-15,11:52:31,0.05,f
4453321442,196738,2026-06-15,11:52:31,0.01,f
4453321470,196756,2026-06-15,11:52:32,0.01,f
4453321478,196767,2026-06-15,11:52:33,0.00,f
4453321484,196738,2026-06-15,11:52:33,0.00,f
4453321491,196793,2026-06-15,11:52:33,0.01,f
4453323001,267418,2026-06-15,11:52:34,0.15,f
4453321499,196746,2026-06-15,11:52:34,0.01,f
4453321503,196756,2026-06-15,11:52:34,0.00,f
4453322969,267418,2026-06-15,11:52:34,0.14,f
4453321515,196738,2026-06-15,11:52:35,0.01,f
4453323047,267418,2026-06-15,11:52:36,0.15,f
4453321559,147192,2026-06-15,11:52:36,0.00,f
4453321562,196746,2026-06-15,11:52:36,0.00,f
4453323035,267418,2026-06-15,11:52:36,0.14,f
4453321613,196729,2026-06-15,11:52:38,0.01,f
4453321621,196756,2026-06-15,11:52:38,0.01,f
4453321636,196731,2026-06-15,11:52:39,0.01,f
4453321637,196774,2026-06-15,11:52:39,0.00,f
4453321634,196725,2026-06-15,11:52:39,0.01,f
4453321624,196793,2026-06-15,11:52:39,0.00,f
4453321438,158944,2026-06-15,11:52:39,0.00,f
4453321653,196728,2026-06-15,11:52:40,0.01,f
4453321654,196729,2026-06-15,11:52:40,0.00,f
4453321643,196785,2026-06-15,11:52:40,0.01,f
4453321672,196725,2026-06-15,11:52:41,0.02,f
4453321706,196725,2026-06-15,11:52:43,0.01,f
4453321632,230543,2026-06-15,11:52:43,0.00,f
4453321721,196729,2026-06-15,11:52:44,0.01,f
4453321728,196756,2026-06-15,11:52:44,0.00,f
4453323172,267418,2026-06-15,11:52:44,0.14,f
4453321739,196743,2026-06-15,11:52:45,0.01,f
4453321770,213358,2026-06-15,11:52:46,0.16,f
4453321755,196765,2026-06-15,11:52:46,0.01,f
4453321774,196725,2026-06-15,11:52:47,0.00,f
3404768440,267353,2026-06-15,11:52:48,Норма,f
4453321787,196789,2026-06-15,11:52:48,0.01,f
4453321805,196725,2026-06-15,11:52:49,0.01,f
4453321806,196772,2026-06-15,11:52:49,0.00,f
4453321819,196756,2026-06-15,11:52:50,0.01,f
4453321826,196765,2026-06-15,11:52:50,0.00,f
4453323323,267418,2026-06-15,11:52:50,0.15,f
4453321869,196784,2026-06-15,11:52:52,0.00,f
4453321871,196765,2026-06-15,11:52:52,0.01,f
3404767379,144809,2026-06-15,11:52:53,Обнаружено движение,f
4453321875,196743,2026-06-15,11:52:53,0.02,f
3404767393,144809,2026-06-15,11:52:54,Движения нет,f
4453321906,196738,2026-06-15,11:52:55,0.00,f
4453321918,196731,2026-06-15,11:52:55,0.00,f
4453321925,196756,2026-06-15,11:52:56,0.00,f
4453321932,196727,2026-06-15,11:52:56,0.00,f
4453321926,196762,2026-06-15,11:52:56,0.01,f
4453321942,196777,2026-06-15,11:52:57,0.01,f
4453321960,196790,2026-06-15,11:52:57,0.01,f
4453321963,196731,2026-06-15,11:52:57,0.01,f
3404767062,209989,2026-06-15,11:52:58,Обнаружено движение,f
4453321971,196765,2026-06-15,11:52:58,0.00,f
4453321978,196762,2026-06-15,11:52:58,0.00,f
4453322006,196790,2026-06-15,11:52:59,0.00,f
4453321988,196727,2026-06-15,11:52:59,0.01,f
4453321986,196780,2026-06-15,11:52:59,0.01,f
4453321886,268158,2026-06-15,11:53:00,0.01,f
4453322020,196756,2026-06-15,11:53:00,0.01,f
4453322022,196762,2026-06-15,11:53:00,0.01,f
4453322011,196778,2026-06-15,11:53:00,0.01,f
4453322030,196727,2026-06-15,11:53:01,0.00,f
4453322078,196762,2026-06-15,11:53:02,0.00,f
4453322071,196759,2026-06-15,11:53:02,0.00,f
4453322065,196756,2026-06-15,11:53:02,0.00,f
4453322054,196765,2026-06-15,11:53:02,0.01,f
4453322052,196775,2026-06-15,11:53:02,0.00,f
4453322053,196780,2026-06-15,11:53:02,0.00,f
4453322095,196786,2026-06-15,11:53:03,0.01,f
3404767108,330259,2026-06-15,11:53:04,Не замкнут,f
4453322102,196778,2026-06-15,11:53:04,0.02,f
4453322100,196765,2026-06-15,11:53:04,0.00,f
3404767138,209989,2026-06-15,11:53:04,Движения нет,f
4453322129,116137,2026-06-15,11:53:05,0.02,f
4453322131,116068,2026-06-15,11:53:05,0.04,f
4453321990,288226,2026-06-15,11:53:05,0.05,f
4453322114,196728,2026-06-15,11:53:05,0.00,f
3404767063,333432,2026-06-15,11:53:06,Обесточен,f
4453322132,196778,2026-06-15,11:53:06,0.01,f
4453322135,196768,2026-06-15,11:53:06,0.00,f
4453322157,147192,2026-06-15,11:53:07,0.01,f
4453322172,196752,2026-06-15,11:53:08,0.01,f
4453322168,196731,2026-06-15,11:53:08,0.00,f
4453322044,288211,2026-06-15,11:53:09,0.01,f
3404768808,266662,2026-06-15,11:53:10,Не замкнут,f
3404767159,330259,2026-06-15,11:53:10,Норма,f
4453322217,196762,2026-06-15,11:53:10,0.01,f
4453322208,196745,2026-06-15,11:53:10,0.00,f
4453322233,196741,2026-06-15,11:53:11,0.01,f
4453322225,196783,2026-06-15,11:53:11,0.01,f
4453322230,196777,2026-06-15,11:53:11,0.02,f
4453322279,196726,2026-06-15,11:53:14,0.02,f
4453322280,196729,2026-06-15,11:53:14,0.00,f
4453322286,196759,2026-06-15,11:53:14,0.03,f
4453322183,288226,2026-06-15,11:53:15,0.04,f
4453322299,196725,2026-06-15,11:53:15,0.00,f
4453322301,196771,2026-06-15,11:53:15,0.01,f
3404767320,209989,2026-06-15,11:53:15,Обнаружено движение,f
3404768869,266662,2026-06-15,11:53:16,Норма,f
3404767199,333450,2026-06-15,11:53:16,Есть питание,f
4453322320,196780,2026-06-15,11:53:16,0.01,f
4453322322,196745,2026-06-15,11:53:16,0.01,f
4453322224,288276,2026-06-15,11:53:17,0.01,f
4453322203,288276,2026-06-15,11:53:17,0.00,f
4453322195,288211,2026-06-15,11:53:17,0.00,f
4453322331,196759,2026-06-15,11:53:17,0.00,f
3404768905,266973,2026-06-15,11:53:18,Есть питание,f
3404767352,77538,2026-06-15,11:53:18,Обнаружено движение,f
3404767354,209989,2026-06-15,11:53:18,Движения нет,f
4453322362,196765,2026-06-15,11:53:18,0.01,f
4453322372,196725,2026-06-15,11:53:19,0.01,f
4453322366,213363,2026-06-15,11:53:19,0.06,f
4453322391,196778,2026-06-15,11:53:20,0.00,f
4453322393,196764,2026-06-15,11:53:20,0.01,f
4453322394,196765,2026-06-15,11:53:20,0.00,f
4453322397,196752,2026-06-15,11:53:20,0.00,f
4453322418,196777,2026-06-15,11:53:21,0.00,f
4453322423,196741,2026-06-15,11:53:21,0.00,f
4453322431,196780,2026-06-15,11:53:22,0.00,f
3404767417,77538,2026-06-15,11:53:23,Движения нет,f
4453322443,196790,2026-06-15,11:53:23,0.01,f
4453322445,196725,2026-06-15,11:53:23,0.00,f
4453322471,196775,2026-06-15,11:53:24,0.01,f
4453322472,196780,2026-06-15,11:53:24,0.01,f
4453322469,196726,2026-06-15,11:53:24,0.00,f
4453322462,196761,2026-06-15,11:53:24,0.01,f
3404767445,209989,2026-06-15,11:53:25,Обнаружено движение,f
4453322489,196790,2026-06-15,11:53:25,0.00,f
4453322524,196780,2026-06-15,11:53:26,0.00,f
3404768241,144807,2026-06-15,11:53:27,Обнаружено движение,f
4453322532,196738,2026-06-15,11:53:27,0.01,f
4453322560,196796,2026-06-15,11:53:28,0.01,f
4453322559,104061,2026-06-15,11:53:28,0.05,f
4453322561,196726,2026-06-15,11:53:28,0.01,f
3404767637,209989,2026-06-15,11:53:28,Движения нет,f
3404768253,144807,2026-06-15,11:53:29,Движения нет,f
4453322577,196790,2026-06-15,11:53:29,0.01,f
3404768255,144811,2026-06-15,11:53:29,Обнаружено движение,f
4453322586,196775,2026-06-15,11:53:29,0.02,f
4453322569,196738,2026-06-15,11:53:29,0.00,f
4453322596,196796,2026-06-15,11:53:30,0.00,f
4453322594,196753,2026-06-15,11:53:30,0.01,f
4453322616,196775,2026-06-15,11:53:31,0.01,f
4453322608,196743,2026-06-15,11:53:31,0.00,f
4453322478,288226,2026-06-15,11:53:31,0.05,f
3404768283,144811,2026-06-15,11:53:31,Движения нет,f
4453322533,288276,2026-06-15,11:53:33,0.00,f
4453322500,288226,2026-06-15,11:53:33,0.04,f
4453322656,196741,2026-06-15,11:53:34,0.01,f
4453322659,196753,2026-06-15,11:53:34,0.00,f
4453322570,288276,2026-06-15,11:53:35,0.01,f
4453322699,196789,2026-06-15,11:53:36,0.00,f
4453322692,196741,2026-06-15,11:53:36,0.00,f
4453322688,196765,2026-06-15,11:53:36,0.01,f
4453322704,116069,2026-06-15,11:53:36,0.06,f
4453322693,196762,2026-06-15,11:53:36,0.00,f
4453322719,196775,2026-06-15,11:53:38,0.02,f
4453322804,196771,2026-06-15,11:53:43,0.00,f
3404767866,330527,2026-06-15,11:53:43,Норма,f
4453322826,196726,2026-06-15,11:53:44,0.02,f
4453322846,196785,2026-06-15,11:53:46,0.00,f
4453322848,196789,2026-06-15,11:53:46,0.01,f
4453322860,196775,2026-06-15,11:53:46,0.01,f
3404769313,267348,2026-06-15,11:53:46,Норма,f
4453322904,196786,2026-06-15,11:53:48,0.00,f
4453322905,196789,2026-06-15,11:53:48,0.00,f
4453322928,196725,2026-06-15,11:53:49,0.01,f
4453322948,196765,2026-06-15,11:53:50,0.00,f
4453322943,213353,2026-06-15,11:53:50,0.03,f
4453322946,213358,2026-06-15,11:53:50,0.15,f
4453323003,196761,2026-06-15,11:53:52,0.02,f
4453322886,268158,2026-06-15,11:53:54,0.00,f
4453323052,196761,2026-06-15,11:53:54,0.00,f
4453323057,196726,2026-06-15,11:53:54,0.01,f
4453322929,268158,2026-06-15,11:53:56,0.01,f
4453323083,196743,2026-06-15,11:53:56,0.01,f
4453323109,196738,2026-06-15,11:53:57,0.01,f
4453323141,196762,2026-06-15,11:53:59,0.01,f
4453323144,196790,2026-06-15,11:53:59,0.00,f
4453323142,104061,2026-06-15,11:53:59,0.04,f
4453323153,196743,2026-06-15,11:54:00,0.02,f
4453323164,196786,2026-06-15,11:54:00,0.01,f
4453323196,196786,2026-06-15,11:54:02,0.00,f
3404768428,77710,2026-06-15,11:54:03,Обнаружено движение,f
4453322665,93198,2026-06-15,11:54:03,17,f
4453323219,196783,2026-06-15,11:54:04,0.00,f
3404768452,77710,2026-06-15,11:54:04,Движения нет,f
3404768469,77710,2026-06-15,11:54:05,Обнаружено движение,f
4453323234,196738,2026-06-15,11:54:05,0.00,f
3404769643,266959,2026-06-15,11:54:06,Обесточен,f
4453323128,268158,2026-06-15,11:54:06,0.00,f
4453323313,196760,2026-06-15,11:54:07,0.01,f
3404768511,77710,2026-06-15,11:54:07,Движения нет,f
4453323334,196789,2026-06-15,11:54:08,0.01,f
3404768542,77728,2026-06-15,11:54:08,Обнаружено движение,f
4453323345,196743,2026-06-15,11:54:09,0.00,f
4453323344,196738,2026-06-15,11:54:09,0.01,f
4453323363,196751,2026-06-15,11:54:10,0.01,f
4453323370,147201,2026-06-15,11:54:10,0.11,f
3404768574,77726,2026-06-15,11:54:11,Обнаружено движение,f
3404768580,77728,2026-06-15,11:54:11,Движения нет,f
4453323393,196775,2026-06-15,11:54:12,0.00,f
4453323391,196725,2026-06-15,11:54:12,0.02,f
4453323441,196725,2026-06-15,11:54:14,0.01,f
4453323457,196728,2026-06-15,11:54:15,0.01,f
4453323463,196755,2026-06-15,11:54:15,0.01,f
3404769025,144807,2026-06-15,11:54:15,Обнаружено движение,f
4453323476,196730,2026-06-15,11:54:16,0.01,f
3404768648,77726,2026-06-15,11:54:16,Движения нет,f
4453323474,196775,2026-06-15,11:54:16,0.01,f
4453323492,196728,2026-06-15,11:54:17,0.00,f
4453323514,196730,2026-06-15,11:54:18,0.00,f
4453323516,196745,2026-06-15,11:54:18,0.00,f
4453323504,196755,2026-06-15,11:54:18,0.00,f
4453323529,196764,2026-06-15,11:54:19,0.00,f
4453323546,196775,2026-06-15,11:54:20,0.00,f
4453323543,196723,2026-06-15,11:54:20,0.01,f
3404769081,144807,2026-06-15,11:54:20,Движения нет,f
4453323472,230543,2026-06-15,11:54:21,0.01,f
4453323568,196755,2026-06-15,11:54:22,0.01,f
4453323577,196775,2026-06-15,11:54:22,0.01,f
4453323580,196730,2026-06-15,11:54:22,0.01,f
4453323511,230543,2026-06-15,11:54:23,0.00,f
4453323615,196727,2026-06-15,11:54:24,0.01,f
4453323640,196730,2026-06-15,11:54:25,0.00,f
4453323668,196738,2026-06-15,11:54:27,0.02,f
4453323675,196759,2026-06-15,11:54:27,0.03,f
4453323681,196790,2026-06-15,11:54:27,0.01,f
4453323684,196725,2026-06-15,11:54:27,0.00,f
4453323685,196730,2026-06-15,11:54:27,0.01,f
4453323686,196777,2026-06-15,11:54:27,0.01,f
4453323703,196728,2026-06-15,11:54:28,0.01,f
4453323736,104061,2026-06-15,11:54:29,0.05,f
4453323732,196755,2026-06-15,11:54:30,0.00,f
4453323742,196728,2026-06-15,11:54:30,0.00,f
3404769231,144761,2026-06-15,11:54:31,Обнаружено движение,f
4453323750,196793,2026-06-15,11:54:31,0.01,f
4453323753,196777,2026-06-15,11:54:31,0.00,f
4453323754,196730,2026-06-15,11:54:31,0.00,f
4453323767,196759,2026-06-15,11:54:32,0.00,f
3404769245,144761,2026-06-15,11:54:32,Движения нет,f
3404769248,144811,2026-06-15,11:54:32,Обнаружено движение,f
4453323773,196726,2026-06-15,11:54:32,0.00,f
4453323765,196755,2026-06-15,11:54:32,0.01,f
4453323785,196793,2026-06-15,11:54:33,0.00,f
4453323807,196728,2026-06-15,11:54:34,0.01,f
4453323808,196729,2026-06-15,11:54:34,0.01,f
3404769296,144811,2026-06-15,11:54:34,Движения нет,f
4453323800,196759,2026-06-15,11:54:34,0.03,f
4453323812,196738,2026-06-15,11:54:35,0.01,f
4453323819,196793,2026-06-15,11:54:35,0.01,f
4453323824,196783,2026-06-15,11:54:36,0.01,f
4453323826,196730,2026-06-15,11:54:36,0.01,f
4453325319,267418,2026-06-15,11:54:36,0.16,f
4453323842,196728,2026-06-15,11:54:37,0.00,f
4453323848,196762,2026-06-15,11:54:37,0.00,f
4453323854,196785,2026-06-15,11:54:37,0.01,f
4453323874,104045,2026-06-15,11:54:38,0.06,f
4453323859,196730,2026-06-15,11:54:38,0.00,f
4453323860,196779,2026-06-15,11:54:38,0.01,f
4453323866,196762,2026-06-15,11:54:38,0.01,f
4453323894,196793,2026-06-15,11:54:39,0.00,f
4453325386,267418,2026-06-15,11:54:40,0.15,f
4453323912,196762,2026-06-15,11:54:40,0.00,f
4453323900,196775,2026-06-15,11:54:40,0.00,f
4453323917,196728,2026-06-15,11:54:41,0.01,f
4453323926,147201,2026-06-15,11:54:41,0.10,f
4453323928,196785,2026-06-15,11:54:41,0.00,f
4453323915,196723,2026-06-15,11:54:41,0.00,f
4453323933,196726,2026-06-15,11:54:42,0.01,f
4453323939,196759,2026-06-15,11:54:42,0.00,f
4453325439,267373,2026-06-15,11:54:42,0.01,f
4453323959,196779,2026-06-15,11:54:43,0.00,f
4453323960,196723,2026-06-15,11:54:43,0.01,f
4453323961,196728,2026-06-15,11:54:43,0.00,f
4453323962,196767,2026-06-15,11:54:43,0.01,f
4453323965,196744,2026-06-15,11:54:43,0.01,f
4453323994,196727,2026-06-15,11:54:45,0.00,f
4453323995,196729,2026-06-15,11:54:45,0.00,f
4453323997,196767,2026-06-15,11:54:45,0.00,f
4453324000,196744,2026-06-15,11:54:45,0.00,f
4453324002,196760,2026-06-15,11:54:45,0.00,f
4453323880,288226,2026-06-15,11:54:46,0.05,f
4453324024,196753,2026-06-15,11:54:46,0.01,f
4453324025,196759,2026-06-15,11:54:46,0.03,f
4453324040,196767,2026-06-15,11:54:47,0.01,f
4453324036,196723,2026-06-15,11:54:47,0.00,f
4453324037,196728,2026-06-15,11:54:47,0.01,f
4453324038,196729,2026-06-15,11:54:47,0.01,f
4453324039,196733,2026-06-15,11:54:47,0.01,f
4453324060,196733,2026-06-15,11:54:49,0.00,f
4453324099,196755,2026-06-15,11:54:51,0.00,f
4453324092,196733,2026-06-15,11:54:51,0.01,f
3404769142,77538,2026-06-15,11:54:51,Обнаружено движение,f
4453324112,196726,2026-06-15,11:54:52,0.00,f
4453325586,267373,2026-06-15,11:54:52,0.02,f
4453324144,213353,2026-06-15,11:54:53,0.02,f
4453324130,196733,2026-06-15,11:54:53,0.00,f
4453324155,196726,2026-06-15,11:54:54,0.01,f
4453324171,196728,2026-06-15,11:54:55,0.00,f
4453324172,196733,2026-06-15,11:54:55,0.01,f
4453324058,288226,2026-06-15,11:54:55,0.04,f
4453325671,267373,2026-06-15,11:54:56,0.00,f
4453324190,196726,2026-06-15,11:54:56,0.00,f
4453324219,196733,2026-06-15,11:54:57,0.00,f
4453324222,196767,2026-06-15,11:54:57,0.00,f
3404769220,77538,2026-06-15,11:54:57,Движения нет,f
4453324071,288226,2026-06-15,11:54:57,0.05,f
4453324247,196729,2026-06-15,11:54:58,0.00,f
4453324121,288226,2026-06-15,11:54:59,0.04,f
4453324260,196733,2026-06-15,11:54:59,0.01,f
4453324266,196751,2026-06-15,11:54:59,0.00,f
4453324292,104047,2026-06-15,11:55:01,0.08,f
4453324298,196767,2026-06-15,11:55:01,0.01,f
4453324321,196729,2026-06-15,11:55:02,0.01,f
4453324337,196767,2026-06-15,11:55:03,0.00,f
4453324192,268158,2026-06-15,11:55:04,0.01,f
4453324367,196738,2026-06-15,11:55:05,0.00,f
4453324386,196789,2026-06-15,11:55:06,0.00,f
4453324239,268158,2026-06-15,11:55:06,0.00,f
4453324397,196729,2026-06-15,11:55:07,0.00,f
4453324433,196789,2026-06-15,11:55:08,0.01,f
4453324279,268158,2026-06-15,11:55:08,0.01,f
4453324326,288226,2026-06-15,11:55:09,0.05,f
4453324461,104045,2026-06-15,11:55:09,0.07,f
4453324447,196790,2026-06-15,11:55:09,0.00,f
4453324451,116069,2026-06-15,11:55:09,0.05,f
4453324454,196783,2026-06-15,11:55:09,0.00,f
4453324469,196789,2026-06-15,11:55:10,0.00,f
3404769449,209989,2026-06-15,11:55:10,Обнаружено движение,f
4453324479,196738,2026-06-15,11:55:11,0.01,f
4453324474,196729,2026-06-15,11:55:11,0.01,f
4453324503,196736,2026-06-15,11:55:12,0.01,f
4453324505,147201,2026-06-15,11:55:12,0.11,f
4453324507,196759,2026-06-15,11:55:12,0.00,f
4453324498,196783,2026-06-15,11:55:12,0.01,f
4453324497,196779,2026-06-15,11:55:12,0.01,f
4453324380,288226,2026-06-15,11:55:13,0.04,f
3404769941,144809,2026-06-15,11:55:13,Обнаружено движение,f
4453324537,196783,2026-06-15,11:55:14,0.00,f
4453324538,196767,2026-06-15,11:55:14,0.01,f
3404769974,144809,2026-06-15,11:55:14,Движения нет,f
4453324554,196729,2026-06-15,11:55:15,0.00,f
4453324583,196736,2026-06-15,11:55:16,0.00,f
3404769540,209989,2026-06-15,11:55:16,Движения нет,f
4453324575,196783,2026-06-15,11:55:16,0.01,f
4453324600,196728,2026-06-15,11:55:17,0.01,f
4453324594,196789,2026-06-15,11:55:17,0.01,f
4453324601,196767,2026-06-15,11:55:17,0.00,f
4453324640,196728,2026-06-15,11:55:19,0.00,f
4453324647,196732,2026-06-15,11:55:19,0.01,f
3404769583,209989,2026-06-15,11:55:19,Обнаружено движение,f
3404770823,266983,2026-06-15,11:55:20,Включен,f
4453324662,196745,2026-06-15,11:55:20,0.01,f
4453324665,147207,2026-06-15,11:55:20,0.02,f
4453324675,196732,2026-06-15,11:55:21,0.00,f
4453324680,196767,2026-06-15,11:55:21,0.01,f
4453326112,267393,2026-06-15,11:55:22,0.01,f
4453324709,196745,2026-06-15,11:55:22,0.00,f
4453326133,267393,2026-06-15,11:55:24,0.00,f
4453324742,196775,2026-06-15,11:55:24,0.01,f
3404769661,77724,2026-06-15,11:55:24,Обнаружено движение,f
4453324760,196732,2026-06-15,11:55:25,0.01,f
3404769672,77724,2026-06-15,11:55:25,Движения нет,f
3404769690,209989,2026-06-15,11:55:25,Движения нет,f
4453324751,213353,2026-06-15,11:55:25,0.04,f
4453324767,196783,2026-06-15,11:55:25,0.00,f
4453326172,267393,2026-06-15,11:55:26,0.01,f
4453324790,196752,2026-06-15,11:55:26,0.01,f
3404769709,77724,2026-06-15,11:55:26,Обнаружено движение,f
3404769712,209989,2026-06-15,11:55:26,Обнаружено движение,f
4453324797,196789,2026-06-15,11:55:27,0.02,f
4453324800,196732,2026-06-15,11:55:27,0.00,f
4453324826,196768,2026-06-15,11:55:28,0.01,f
3404769736,77724,2026-06-15,11:55:28,Движения нет,f
4453324851,196764,2026-06-15,11:55:29,0.01,f
4453324854,196767,2026-06-15,11:55:29,0.00,f
4453324687,288171,2026-06-15,11:55:30,0.01,f
3404769780,209989,2026-06-15,11:55:30,Движения нет,f
4453324867,196768,2026-06-15,11:55:30,0.00,f
4453324714,288226,2026-06-15,11:55:30,0.05,f
4453326239,267393,2026-06-15,11:55:30,0.00,f
4453324881,196764,2026-06-15,11:55:31,0.00,f
4453324875,196753,2026-06-15,11:55:31,0.00,f
4453324901,196729,2026-06-15,11:55:32,0.01,f
4453324904,196764,2026-06-15,11:55:32,0.01,f
4453324908,196752,2026-06-15,11:55:32,0.00,f
4453324754,288226,2026-06-15,11:55:32,0.04,f
4453324923,196779,2026-06-15,11:55:33,0.00,f
4453324932,196755,2026-06-15,11:55:34,0.01,f
4453324942,196752,2026-06-15,11:55:34,0.01,f
3404769866,209989,2026-06-15,11:55:36,Обнаружено движение,f
4453324985,196752,2026-06-15,11:55:37,0.00,f
4453325012,196755,2026-06-15,11:55:38,0.00,f
4453325013,196756,2026-06-15,11:55:38,0.01,f
4453325029,196745,2026-06-15,11:55:39,0.01,f
4453325030,196752,2026-06-15,11:55:39,0.01,f
4453325047,196783,2026-06-15,11:55:39,0.01,f
4453325048,196767,2026-06-15,11:55:40,0.01,f
4453325057,196755,2026-06-15,11:55:40,0.01,f
4453325058,196756,2026-06-15,11:55:40,0.00,f
4453325061,196789,2026-06-15,11:55:40,0.03,f
3404769922,8831,2026-06-15,11:55:41,Выключен,f
4453325072,116069,2026-06-15,11:55:41,0.06,f
4453325078,196738,2026-06-15,11:55:41,0.00,f
4453325067,196775,2026-06-15,11:55:41,0.00,f
4453325069,196745,2026-06-15,11:55:41,0.00,f
4453325070,196752,2026-06-15,11:55:41,0.00,f
4453325068,116068,2026-06-15,11:55:41,0.03,f
3404769959,8814,2026-06-15,11:55:42,Обесточен,f
3404769955,8813,2026-06-15,11:55:42,Обесточен,f
4453324953,288146,2026-06-15,11:55:42,0.01,f
3404769962,8815,2026-06-15,11:55:42,Обесточен,f
3404769963,8816,2026-06-15,11:55:42,Обесточен,f
3404769965,8817,2026-06-15,11:55:42,Обесточен,f
3404769968,8822,2026-06-15,11:55:42,Обесточен,f
3404769848,333432,2026-06-15,11:55:43,Есть питание,f
3404769976,8832,2026-06-15,11:55:43,Выключен,f
4453325115,196727,2026-06-15,11:55:43,0.01,f
3404769916,330249,2026-06-15,11:55:44,Не замкнут,f
3404770010,8823,2026-06-15,11:55:44,Обесточен,f
4453325134,196779,2026-06-15,11:55:44,0.01,f
4453325138,196783,2026-06-15,11:55:44,0.00,f
4453325141,147201,2026-06-15,11:55:44,0.10,f
3404770038,209989,2026-06-15,11:55:44,Движения нет,f
3404770027,8835,2026-06-15,11:55:45,Выключен,f
4453324992,268158,2026-06-15,11:55:45,0.00,f
4453325159,196727,2026-06-15,11:55:45,0.00,f
3404770064,209989,2026-06-15,11:55:46,Обнаружено движение,f
4453325015,288146,2026-06-15,11:55:46,0.00,f
4453325174,196783,2026-06-15,11:55:46,0.01,f
4453325178,196736,2026-06-15,11:55:46,0.01,f
3404770058,8826,2026-06-15,11:55:47,Обесточен,f
4453325194,196732,2026-06-15,11:55:47,0.01,f
4453325193,196727,2026-06-15,11:55:47,0.01,f
3404770036,330249,2026-06-15,11:55:47,Норма,f
4453325059,288146,2026-06-15,11:55:48,0.01,f
4453325220,196728,2026-06-15,11:55:49,0.01,f
4453325221,196732,2026-06-15,11:55:49,0.00,f
4453325222,196733,2026-06-15,11:55:49,0.00,f
4453325232,196761,2026-06-15,11:55:49,0.01,f
3404770115,209989,2026-06-15,11:55:49,Движения нет,f
4453325247,196736,2026-06-15,11:55:50,0.00,f
4453325102,288146,2026-06-15,11:55:50,0.00,f
4453325261,196728,2026-06-15,11:55:51,0.00,f
4453325262,196732,2026-06-15,11:55:51,0.01,f
4453325265,147207,2026-06-15,11:55:51,0.03,f
4453325267,147208,2026-06-15,11:55:51,0.05,f
4453325149,268158,2026-06-15,11:55:53,0.01,f
4453325167,268158,2026-06-15,11:55:53,0.00,f
4453325304,196728,2026-06-15,11:55:53,0.01,f
4453325305,196767,2026-06-15,11:55:53,0.00,f
4453325310,196755,2026-06-15,11:55:53,0.00,f
4453325311,196761,2026-06-15,11:55:53,0.00,f
4453325322,196780,2026-06-15,11:55:54,0.01,f
4453325329,196736,2026-06-15,11:55:54,0.01,f
4453325339,196762,2026-06-15,11:55:54,0.01,f
3404770196,209989,2026-06-15,11:55:54,Обнаружено движение,f
4453325344,196767,2026-06-15,11:55:55,0.01,f
3404770214,8782,2026-06-15,11:55:56,Обесточен,f
4453325369,196756,2026-06-15,11:55:56,0.01,f
3404770193,8799,2026-06-15,11:55:56,Выключен,f
3404770210,8776,2026-06-15,11:55:56,Обесточен,f
3404770212,8777,2026-06-15,11:55:56,Обесточен,f
3404770255,209989,2026-06-15,11:55:57,Движения нет,f
3404770105,333415,2026-06-15,11:55:57,Есть питание,f
4453325366,213363,2026-06-15,11:55:57,0.05,f
3404770227,8800,2026-06-15,11:55:57,Выключен,f
4453325376,196723,2026-06-15,11:55:57,0.01,f
3404770291,209989,2026-06-15,11:55:58,Обнаружено движение,f
4453325390,196780,2026-06-15,11:55:58,0.00,f
4453325391,196723,2026-06-15,11:55:58,0.00,f
4453325394,196736,2026-06-15,11:55:58,0.00,f
3404770283,8801,2026-06-15,11:55:59,Выключен,f
3404770257,8778,2026-06-15,11:55:59,Обесточен,f
3404770260,8779,2026-06-15,11:55:59,Обесточен,f
3404770263,8780,2026-06-15,11:55:59,Обесточен,f
3404770264,8781,2026-06-15,11:55:59,Обесточен,f
3404770265,8783,2026-06-15,11:55:59,Обесточен,f
4453325433,196780,2026-06-15,11:56:00,0.01,f
4453325436,196736,2026-06-15,11:56:00,0.01,f
3404770329,77538,2026-06-15,11:56:00,Обнаружено движение,f
3404770302,8784,2026-06-15,11:56:00,Обесточен,f
3404770315,8802,2026-06-15,11:56:01,Выключен,f
4453325446,196779,2026-06-15,11:56:01,0.00,f
4453325448,196728,2026-06-15,11:56:01,0.00,f
3404770348,209989,2026-06-15,11:56:01,Движения нет,f
4453325318,288276,2026-06-15,11:56:02,0.00,f
4453325473,196736,2026-06-15,11:56:03,0.00,f
4453325480,196728,2026-06-15,11:56:03,0.01,f
3404770393,77718,2026-06-15,11:56:03,Обнаружено движение,f
3404770349,8785,2026-06-15,11:56:03,Обесточен,f
4453325498,104047,2026-06-15,11:56:03,0.09,f
3404770395,77538,2026-06-15,11:56:04,Движения нет,f
3404770394,209989,2026-06-15,11:56:04,Обнаружено движение,f
4453325508,196736,2026-06-15,11:56:05,0.01,f
3404770412,209989,2026-06-15,11:56:06,Движения нет,f
4453325381,288226,2026-06-15,11:56:06,0.05,f
4453325553,196771,2026-06-15,11:56:07,0.01,f
3404770426,77718,2026-06-15,11:56:07,Движения нет,f
3404770427,209989,2026-06-15,11:56:07,Обнаружено движение,f
4453325567,196726,2026-06-15,11:56:08,0.01,f
3404770422,197179,2026-06-15,11:56:08,Выключен,f
4453325572,196746,2026-06-15,11:56:09,0.01,f
4453325577,196762,2026-06-15,11:56:09,0.00,f
4453325585,196730,2026-06-15,11:56:09,0.01,f
3404770438,197144,2026-06-15,11:56:09,Обесточен,f
3404770439,197145,2026-06-15,11:56:09,Обесточен,f
3404770440,197154,2026-06-15,11:56:09,Обесточен,f
3404770449,197180,2026-06-15,11:56:10,Выключен,f
4453325454,288226,2026-06-15,11:56:10,0.04,f
4453325471,288226,2026-06-15,11:56:10,0.05,f
4453325606,196762,2026-06-15,11:56:11,0.01,f
4453325612,196730,2026-06-15,11:56:11,0.00,f
3404770480,197155,2026-06-15,11:56:11,Обесточен,f
3404770478,197143,2026-06-15,11:56:11,Обесточен,f
3404770477,197142,2026-06-15,11:56:11,Обесточен,f
3404770469,197141,2026-06-15,11:56:11,Обесточен,f
4453325624,116068,2026-06-15,11:56:12,0.04,f
4453325622,196755,2026-06-15,11:56:12,0.01,f
4453325628,104029,2026-06-15,11:56:12,0.03,f
3404770485,197183,2026-06-15,11:56:12,Выключен,f
3404770512,209989,2026-06-15,11:56:13,Движения нет,f
4453325637,196762,2026-06-15,11:56:13,0.00,f
4453325653,196783,2026-06-15,11:56:14,0.02,f
3404770517,197184,2026-06-15,11:56:14,Выключен,f
4453327042,267348,2026-06-15,11:56:14,0.01,f
4453325655,196730,2026-06-15,11:56:14,0.01,f
3404770510,197158,2026-06-15,11:56:14,Обесточен,f
3404770535,209989,2026-06-15,11:56:14,Обнаружено движение,f
4453325689,196762,2026-06-15,11:56:15,0.01,f
3404770544,197159,2026-06-15,11:56:16,Обесточен,f
4453325697,196730,2026-06-15,11:56:16,0.00,f
3404770565,209989,2026-06-15,11:56:16,Движения нет,f
3404770572,209989,2026-06-15,11:56:17,Обнаружено движение,f
4453325741,196755,2026-06-15,11:56:18,0.00,f
4453325746,196789,2026-06-15,11:56:18,0.01,f
4453325733,196783,2026-06-15,11:56:18,0.00,f
4453325623,288171,2026-06-15,11:56:19,0.00,f
3404770617,209989,2026-06-15,11:56:19,Движения нет,f
4453325590,268158,2026-06-15,11:56:19,0.01,f
4453325800,196762,2026-06-15,11:56:21,0.00,f
3404770612,2886,2026-06-15,11:56:21,Обнаружено движение,f
4453325799,196760,2026-06-15,11:56:21,0.01,f
4453325815,147208,2026-06-15,11:56:22,0.06,f
4453325818,196759,2026-06-15,11:56:22,0.03,f
4453327197,267353,2026-06-15,11:56:22,0.01,f
4453325821,196789,2026-06-15,11:56:23,0.00,f
4453325830,196729,2026-06-15,11:56:23,0.00,f
4453325851,196730,2026-06-15,11:56:24,0.01,f
4453325861,196759,2026-06-15,11:56:24,0.00,f
3404770649,2886,2026-06-15,11:56:24,Движения нет,f
4453327220,267353,2026-06-15,11:56:24,0.00,f
4453325864,196789,2026-06-15,11:56:25,0.01,f
4453325872,196728,2026-06-15,11:56:25,0.00,f
3404770689,209989,2026-06-15,11:56:25,Обнаружено движение,f
4453325895,196726,2026-06-15,11:56:26,0.00,f
4453325897,196736,2026-06-15,11:56:26,0.00,f
3404772093,267343,2026-06-15,11:56:26,Норма,f
4453327266,267353,2026-06-15,11:56:26,0.01,f
4453325905,196789,2026-06-15,11:56:27,0.00,f
4453325923,196738,2026-06-15,11:56:27,0.01,f
4453325832,230493,2026-06-15,11:56:28,0.02,f
4453325930,196730,2026-06-15,11:56:28,0.00,f
3404770723,209989,2026-06-15,11:56:28,Движения нет,f
4453325937,213355,2026-06-15,11:56:28,0.01,f
4453325834,230493,2026-06-15,11:56:28,0.16,f
3404770732,209989,2026-06-15,11:56:29,Обнаружено движение,f
4453325959,196730,2026-06-15,11:56:30,0.01,f
4453325853,230493,2026-06-15,11:56:30,0.01,f
4453325978,196738,2026-06-15,11:56:31,0.00,f
4453325976,196727,2026-06-15,11:56:31,0.00,f
4453325992,196727,2026-06-15,11:56:32,0.01,f
4453325912,230493,2026-06-15,11:56:32,0.09,f
4453325984,196760,2026-06-15,11:56:32,0.00,f
4453326010,196764,2026-06-15,11:56:33,0.00,f
3404771284,144759,2026-06-15,11:56:33,Обнаружено движение,f
4453326021,196727,2026-06-15,11:56:34,0.00,f
4453326043,196767,2026-06-15,11:56:35,0.00,f
4453327429,267348,2026-06-15,11:56:36,0.00,f
4453326051,196761,2026-06-15,11:56:36,0.01,f
4453326048,196760,2026-06-15,11:56:36,0.01,f
3404770856,209989,2026-06-15,11:56:37,Движения нет,f
3404771439,144759,2026-06-15,11:56:37,Движения нет,f
4453325953,288276,2026-06-15,11:56:37,0.01,f
4453326073,196761,2026-06-15,11:56:38,0.00,f
4453326072,196755,2026-06-15,11:56:38,0.01,f
4453326087,196777,2026-06-15,11:56:39,0.01,f
3404770914,209989,2026-06-15,11:56:39,Обнаружено движение,f
3404770877,290855,2026-06-15,11:56:39,Есть питание,f
3404770950,209989,2026-06-15,11:56:41,Движения нет,f
4453326130,196777,2026-06-15,11:56:42,0.00,f
4453326163,196760,2026-06-15,11:56:43,0.00,f
3404771580,144860,2026-06-15,11:56:43,Не замкнут,f
4453326151,196780,2026-06-15,11:56:43,0.00,f
3404771599,144803,2026-06-15,11:56:44,Обнаружено движение,f
4453326182,116069,2026-06-15,11:56:44,0.05,f
4453327571,267348,2026-06-15,11:56:44,0.01,f
4453326196,196756,2026-06-15,11:56:45,0.00,f
4453326216,196756,2026-06-15,11:56:46,0.01,f
3404771636,144757,2026-06-15,11:56:46,Обнаружено движение,f
4453326221,196780,2026-06-15,11:56:47,0.01,f
4453326223,196732,2026-06-15,11:56:47,0.00,f
4453326224,196768,2026-06-15,11:56:47,0.01,f
4453326225,196746,2026-06-15,11:56:47,0.00,f
4453326116,288276,2026-06-15,11:56:47,0.02,f
3404771025,209989,2026-06-15,11:56:47,Обнаружено движение,f
4453326245,196761,2026-06-15,11:56:48,0.01,f
4453327629,267353,2026-06-15,11:56:48,0.00,f
4453326276,196790,2026-06-15,11:56:49,0.01,f
3404771690,144860,2026-06-15,11:56:49,Норма,f
3404771689,144757,2026-06-15,11:56:49,Движения нет,f
4453326284,196767,2026-06-15,11:56:50,0.01,f
4453327677,267348,2026-06-15,11:56:50,0.02,f
3404771706,144803,2026-06-15,11:56:50,Движения нет,f
4453326193,288276,2026-06-15,11:56:51,0.01,f
4453326307,196780,2026-06-15,11:56:51,0.00,f
4453326309,196768,2026-06-15,11:56:51,0.00,f
3404771113,77704,2026-06-15,11:56:52,Обнаружено движение,f
4453326325,196743,2026-06-15,11:56:52,0.01,f
3404771725,144803,2026-06-15,11:56:52,Обнаружено движение,f
4453326323,196774,2026-06-15,11:56:52,0.01,f
3404771137,77704,2026-06-15,11:56:53,Движения нет,f
3404771738,144803,2026-06-15,11:56:53,Движения нет,f
4453326342,196768,2026-06-15,11:56:53,0.01,f
4453326337,196786,2026-06-15,11:56:53,0.01,f
3404771138,209989,2026-06-15,11:56:54,Движения нет,f
4453326361,147208,2026-06-15,11:56:54,0.05,f
4453326360,147207,2026-06-15,11:56:54,0.02,f
4453326357,196740,2026-06-15,11:56:54,0.01,f
4453326352,196790,2026-06-15,11:56:54,0.00,f
4453326367,196768,2026-06-15,11:56:55,0.00,f
4453326377,196761,2026-06-15,11:56:55,0.00,f
4453326364,196786,2026-06-15,11:56:55,0.00,f
4453326384,196740,2026-06-15,11:56:56,0.00,f
4453326385,196759,2026-06-15,11:56:56,0.03,f
4453326387,196762,2026-06-15,11:56:56,0.01,f
4453327778,267348,2026-06-15,11:56:56,0.01,f
4453326431,196759,2026-06-15,11:56:58,0.00,f
3404771215,209989,2026-06-15,11:56:58,Обнаружено движение,f
3404772627,266650,2026-06-15,11:56:58,Не замкнут,f
3404771085,333467,2026-06-15,11:57:00,Есть питание,f
4453326484,196771,2026-06-15,11:57:01,0.00,f
4453326505,196774,2026-06-15,11:57:02,0.00,f
3404771394,209989,2026-06-15,11:57:02,Движения нет,f
4453326517,196756,2026-06-15,11:57:03,0.00,f
4453326538,196740,2026-06-15,11:57:03,0.01,f
4453326541,196743,2026-06-15,11:57:03,0.00,f
4453326550,196786,2026-06-15,11:57:04,0.01,f
4453326559,196774,2026-06-15,11:57:04,0.01,f
3404772732,266650,2026-06-15,11:57:04,Норма,f
3404771474,209989,2026-06-15,11:57:05,Обнаружено движение,f
4453326607,196730,2026-06-15,11:57:06,0.00,f
3404771557,209989,2026-06-15,11:57:07,Движения нет,f
4453326628,196755,2026-06-15,11:57:08,0.00,f
4453326637,196774,2026-06-15,11:57:08,0.00,f
4453326677,196756,2026-06-15,11:57:11,0.01,f
4453326720,196756,2026-06-15,11:57:13,0.00,f
4453326732,196764,2026-06-15,11:57:14,0.01,f
4453326777,104029,2026-06-15,11:57:15,0.04,f
4453326786,196786,2026-06-15,11:57:16,0.00,f
4453326778,116068,2026-06-15,11:57:16,0.03,f
4453326798,196759,2026-06-15,11:57:17,0.03,f
4453326802,196790,2026-06-15,11:57:17,0.01,f
4453326631,268158,2026-06-15,11:57:18,0.00,f
4453326813,196743,2026-06-15,11:57:18,0.01,f
4453326829,196764,2026-06-15,11:57:19,0.00,f
4453326834,196756,2026-06-15,11:57:19,0.01,f
4453326851,196743,2026-06-15,11:57:20,0.02,f
4453326854,196756,2026-06-15,11:57:20,0.00,f
4453326857,196786,2026-06-15,11:57:20,0.01,f
4453326866,196764,2026-06-15,11:57:21,0.01,f
4453326887,196743,2026-06-15,11:57:22,0.03,f
4453326891,196759,2026-06-15,11:57:22,0.00,f
4453326898,196784,2026-06-15,11:57:23,0.01,f
4453326921,196743,2026-06-15,11:57:24,0.02,f
4453326925,196786,2026-06-15,11:57:24,0.00,f
4453326940,147207,2026-06-15,11:57:26,0.03,f
4453326942,147208,2026-06-15,11:57:26,0.04,f
4453326952,196743,2026-06-15,11:57:26,0.03,f
4453326957,196786,2026-06-15,11:57:26,0.01,f
4453326970,196784,2026-06-15,11:57:27,0.00,f
4453326977,196790,2026-06-15,11:57:28,0.00,f
4453326991,196755,2026-06-15,11:57:29,0.01,f
4453327009,196762,2026-06-15,11:57:30,0.00,f
4453327016,196793,2026-06-15,11:57:30,0.01,f
4453327028,196755,2026-06-15,11:57:31,0.00,f
4453327053,213355,2026-06-15,11:57:32,0.02,f
4453327044,196760,2026-06-15,11:57:32,0.01,f
4453327083,196760,2026-06-15,11:57:34,0.00,f
3404771782,196503,2026-06-15,11:57:35,Обнаружено движение,f
4453327104,196755,2026-06-15,11:57:35,0.01,f
4453327121,196764,2026-06-15,11:57:35,0.00,f
4453327122,196768,2026-06-15,11:57:35,0.01,f
4453327140,196772,2026-06-15,11:57:36,0.01,f
4453327141,196774,2026-06-15,11:57:36,0.01,f
4453327136,196731,2026-06-15,11:57:36,0.01,f
3404772010,209989,2026-06-15,11:57:37,Обнаружено движение,f
4453327169,196731,2026-06-15,11:57:38,0.00,f
3404772046,209989,2026-06-15,11:57:39,Движения нет,f
4453327202,196774,2026-06-15,11:57:40,0.00,f
4453328530,267348,2026-06-15,11:57:40,0.00,f
3404772055,209989,2026-06-15,11:57:40,Обнаружено движение,f
4453327193,196755,2026-06-15,11:57:40,0.00,f
4453327226,196777,2026-06-15,11:57:41,0.01,f
4453327223,196727,2026-06-15,11:57:41,0.01,f
3404771889,196499,2026-06-15,11:57:42,Обнаружено движение,f
4453327054,268158,2026-06-15,11:57:42,0.01,f
3404771890,196503,2026-06-15,11:57:42,Движения нет,f
4453327232,196740,2026-06-15,11:57:42,0.00,f
4453327236,196793,2026-06-15,11:57:42,0.02,f
4453327245,196745,2026-06-15,11:57:42,0.01,f
4453327260,196767,2026-06-15,11:57:43,0.00,f
4453327268,196793,2026-06-15,11:57:44,0.01,f
3404771944,196499,2026-06-15,11:57:45,Движения нет,f
4453327275,196768,2026-06-15,11:57:45,0.00,f
4453327300,196760,2026-06-15,11:57:46,0.01,f
4453327306,196731,2026-06-15,11:57:46,0.01,f
4453327154,268158,2026-06-15,11:57:46,0.00,f
3404773447,267338,2026-06-15,11:57:46,Норма,f
4453327316,104029,2026-06-15,11:57:47,0.03,f
4453327309,196738,2026-06-15,11:57:47,0.01,f
4453327312,196796,2026-06-15,11:57:47,0.01,f
4453327317,196783,2026-06-15,11:57:47,0.01,f
4453327314,104028,2026-06-15,11:57:47,0.10,f
4453327333,196728,2026-06-15,11:57:48,0.01,f
4453327339,196752,2026-06-15,11:57:49,0.01,f
4453327346,196738,2026-06-15,11:57:49,0.00,f
4453327348,196759,2026-06-15,11:57:49,0.03,f
4453327349,196762,2026-06-15,11:57:49,0.01,f
4453327352,147201,2026-06-15,11:57:49,0.11,f
4453327365,196760,2026-06-15,11:57:50,0.00,f
3404772223,209989,2026-06-15,11:57:50,Движения нет,f
3404772020,196498,2026-06-15,11:57:50,Не замкнут,f
4453327374,196780,2026-06-15,11:57:51,0.01,f
4453327380,196736,2026-06-15,11:57:51,0.01,f
4453327382,196738,2026-06-15,11:57:51,0.01,f
4453327392,196731,2026-06-15,11:57:52,0.00,f
4453327418,196780,2026-06-15,11:57:53,0.00,f
4453327425,196738,2026-06-15,11:57:53,0.00,f
3404772079,196498,2026-06-15,11:57:54,Норма,f
4453327439,196772,2026-06-15,11:57:54,0.00,f
4453327467,196793,2026-06-15,11:57:55,0.00,f
4453327461,196736,2026-06-15,11:57:55,0.00,f
4453327487,196785,2026-06-15,11:57:56,0.01,f
4453327478,196772,2026-06-15,11:57:56,0.01,f
4453327475,196767,2026-06-15,11:57:56,0.01,f
4453327502,196759,2026-06-15,11:57:57,0.00,f
4453327500,196736,2026-06-15,11:57:57,0.01,f
4453327441,230543,2026-06-15,11:57:58,0.02,f
4453327519,196767,2026-06-15,11:57:58,0.00,f
4453327533,196784,2026-06-15,11:57:59,0.01,f
3404772164,196503,2026-06-15,11:58:00,Обнаружено движение,f
3404772163,196499,2026-06-15,11:58:00,Обнаружено движение,f
4453327560,196759,2026-06-15,11:58:00,0.03,f
4453327565,196784,2026-06-15,11:58:01,0.00,f
4453327566,196732,2026-06-15,11:58:01,0.01,f
3404772198,196499,2026-06-15,11:58:02,Движения нет,f
4453327580,196767,2026-06-15,11:58:02,0.01,f
4453327586,196761,2026-06-15,11:58:02,0.01,f
3404772219,196503,2026-06-15,11:58:03,Движения нет,f
4453327606,196785,2026-06-15,11:58:03,0.00,f
4453327603,196762,2026-06-15,11:58:03,0.02,f
4453327597,196732,2026-06-15,11:58:03,0.00,f
4453327602,196761,2026-06-15,11:58:03,0.00,f
3404772256,196491,2026-06-15,11:58:04,Обнаружено движение,f
4453327614,196767,2026-06-15,11:58:04,0.00,f
4453327633,196780,2026-06-15,11:58:05,0.01,f
4453327646,196767,2026-06-15,11:58:06,0.01,f
4453327662,196723,2026-06-15,11:58:07,0.01,f
4453327668,196767,2026-06-15,11:58:07,0.00,f
4453327680,196762,2026-06-15,11:58:08,0.01,f
4453327676,196736,2026-06-15,11:58:08,0.00,f
3404772536,209989,2026-06-15,11:58:09,Обнаружено движение,f
4453327691,196780,2026-06-15,11:58:09,0.00,f
4453327683,196796,2026-06-15,11:58:09,0.00,f
4453327706,196725,2026-06-15,11:58:10,0.01,f
3404772338,196491,2026-06-15,11:58:10,Движения нет,f
4453327705,104054,2026-06-15,11:58:10,0.03,f
3404772335,196480,2026-06-15,11:58:10,Обнаружено движение,f
4453327727,196777,2026-06-15,11:58:11,0.00,f
4453327728,196723,2026-06-15,11:58:11,0.00,f
3404772584,209989,2026-06-15,11:58:12,Движения нет,f
4453327743,196730,2026-06-15,11:58:12,0.01,f
4453327755,196777,2026-06-15,11:58:13,0.01,f
4453327757,196723,2026-06-15,11:58:13,0.01,f
4453327780,196780,2026-06-15,11:58:14,0.01,f
4453327772,196730,2026-06-15,11:58:14,0.00,f
3404772417,196480,2026-06-15,11:58:14,Движения нет,f
4453327797,196777,2026-06-15,11:58:15,0.00,f
4453327795,196767,2026-06-15,11:58:15,0.01,f
4453327702,230543,2026-06-15,11:58:15,0.01,f
3404772426,196480,2026-06-15,11:58:15,Обнаружено движение,f
4453327666,268158,2026-06-15,11:58:16,0.01,f
4453327800,196738,2026-06-15,11:58:16,0.01,f
4453327802,196761,2026-06-15,11:58:16,0.01,f
4453327720,230543,2026-06-15,11:58:17,0.02,f
4453327674,268158,2026-06-15,11:58:18,0.00,f
4453327690,268158,2026-06-15,11:58:18,0.01,f
4453327831,196761,2026-06-15,11:58:18,0.00,f
4453327840,116069,2026-06-15,11:58:18,0.06,f
4453327847,196777,2026-06-15,11:58:19,0.01,f
4453327848,196784,2026-06-15,11:58:19,0.01,f
3404772481,196480,2026-06-15,11:58:20,Движения нет,f
3404772730,209989,2026-06-15,11:58:20,Обнаружено движение,f
4453327878,196777,2026-06-15,11:58:22,0.00,f
3404772737,179238,2026-06-15,11:58:22,Есть питание,f
3404772763,209989,2026-06-15,11:58:22,Движения нет,f
4453327894,196728,2026-06-15,11:58:23,0.00,f
4453327901,196738,2026-06-15,11:58:23,0.00,f
4453327792,268158,2026-06-15,11:58:24,0.00,f
4453327919,196777,2026-06-15,11:58:24,0.01,f
4453327940,196786,2026-06-15,11:58:24,0.00,f
4453327805,268158,2026-06-15,11:58:24,0.01,f
4453327944,196780,2026-06-15,11:58:25,0.00,f
4453327951,196736,2026-06-15,11:58:25,0.01,f
4453327965,196777,2026-06-15,11:58:26,0.00,f
4453327967,196731,2026-06-15,11:58:26,0.01,f
4453327969,196767,2026-06-15,11:58:26,0.00,f
4453327970,196771,2026-06-15,11:58:26,0.01,f
4453327979,196761,2026-06-15,11:58:26,0.01,f
4453327991,196759,2026-06-15,11:58:27,0.00,f
4453328016,196780,2026-06-15,11:58:29,0.01,f
4453328017,196723,2026-06-15,11:58:29,0.00,f
4453328018,196732,2026-06-15,11:58:29,0.01,f
4453328022,196736,2026-06-15,11:58:29,0.00,f
4453328026,196762,2026-06-15,11:58:29,0.02,f
4453328040,196783,2026-06-15,11:58:30,0.00,f
4453328064,196723,2026-06-15,11:58:31,0.01,f
4453328067,196732,2026-06-15,11:58:31,0.00,f
4453328072,196736,2026-06-15,11:58:31,0.01,f
4453328066,196728,2026-06-15,11:58:31,0.01,f
4453328083,196767,2026-06-15,11:58:32,0.01,f
4453328102,196780,2026-06-15,11:58:33,0.00,f
4453328103,196728,2026-06-15,11:58:33,0.00,f
4453328114,196760,2026-06-15,11:58:33,0.01,f
4453328123,196731,2026-06-15,11:58:34,0.00,f
4453328130,196761,2026-06-15,11:58:34,0.00,f
3404773421,144801,2026-06-15,11:58:34,Обнаружено движение,f
4453328153,213363,2026-06-15,11:58:34,0.06,f
4453328165,196767,2026-06-15,11:58:36,0.00,f
4453328166,196772,2026-06-15,11:58:36,0.00,f
4453328170,196731,2026-06-15,11:58:36,0.01,f
4453328187,196728,2026-06-15,11:58:37,0.01,f
4453328189,196768,2026-06-15,11:58:37,0.01,f
3404773499,144857,2026-06-15,11:58:37,Не замкнут,f
4453328203,196767,2026-06-15,11:58:38,0.01,f
4453328209,196736,2026-06-15,11:58:38,0.00,f
3404773518,144801,2026-06-15,11:58:38,Движения нет,f
4453329447,267348,2026-06-15,11:58:38,0.01,f
4453328226,196728,2026-06-15,11:58:39,0.00,f
4453328217,196762,2026-06-15,11:58:39,0.01,f
4453328230,196768,2026-06-15,11:58:39,0.00,f
3404773051,209989,2026-06-15,11:58:39,Обнаружено движение,f
4453329505,267348,2026-06-15,11:58:40,0.01,f
4453329493,267348,2026-06-15,11:58:40,0.00,f
4453328260,104054,2026-06-15,11:58:41,0.02,f
3404773004,330235,2026-06-15,11:58:41,Не замкнут,f
4453328138,230543,2026-06-15,11:58:41,0.00,f
3404773104,209989,2026-06-15,11:58:42,Движения нет,f
4453328280,196727,2026-06-15,11:58:43,0.00,f
3404773616,144857,2026-06-15,11:58:44,Норма,f
3404773615,144799,2026-06-15,11:58:44,Обнаружено движение,f
4453328292,196731,2026-06-15,11:58:44,0.00,f
3404773046,333406,2026-06-15,11:58:45,Есть питание,f
4453328311,196728,2026-06-15,11:58:45,0.01,f
4453328298,196745,2026-06-15,11:58:45,0.00,f
3404773633,144799,2026-06-15,11:58:45,Движения нет,f
4453329596,267348,2026-06-15,11:58:46,0.00,f
3404773062,330235,2026-06-15,11:58:46,Норма,f
4453328337,196772,2026-06-15,11:58:46,0.01,f
4453328347,196723,2026-06-15,11:58:47,0.00,f
4453328346,196784,2026-06-15,11:58:47,0.00,f
4453328343,196762,2026-06-15,11:58:47,0.00,f
4453328364,196725,2026-06-15,11:58:48,0.00,f
4453328393,196731,2026-06-15,11:58:50,0.01,f
4453328404,196756,2026-06-15,11:58:51,0.01,f
4453328414,196764,2026-06-15,11:58:51,0.01,f
4453328415,196767,2026-06-15,11:58:51,0.00,f
3404773243,77710,2026-06-15,11:58:51,Обнаружено движение,f
3404773245,209989,2026-06-15,11:58:51,Обнаружено движение,f
3404773261,77710,2026-06-15,11:58:52,Движения нет,f
3404773783,144799,2026-06-15,11:58:52,Обнаружено движение,f
4453328431,196752,2026-06-15,11:58:53,0.00,f
3404773288,209989,2026-06-15,11:58:53,Движения нет,f
3404773149,333641,2026-06-15,11:58:53,Включен,f
3404773804,144799,2026-06-15,11:58:54,Движения нет,f
3404773307,209989,2026-06-15,11:58:54,Обнаружено движение,f
3404773091,196480,2026-06-15,11:58:54,Обнаружено движение,f
4453328463,196775,2026-06-15,11:58:55,0.01,f
4453328472,196756,2026-06-15,11:58:55,0.00,f
4453328464,196723,2026-06-15,11:58:55,0.01,f
4453328482,196728,2026-06-15,11:58:56,0.02,f
4453329744,278331,2026-06-15,11:58:56,0.03,f
3404773137,196480,2026-06-15,11:58:57,Движения нет,f
4453328508,196756,2026-06-15,11:58:57,0.01,f
3404773352,209989,2026-06-15,11:58:57,Движения нет,f
3404773375,209989,2026-06-15,11:58:58,Обнаружено движение,f
4453328522,196784,2026-06-15,11:58:58,0.01,f
4453328525,196760,2026-06-15,11:58:58,0.00,f
4453328535,196768,2026-06-15,11:58:59,0.01,f
4453328537,196746,2026-06-15,11:58:59,0.01,f
4453328539,196736,2026-06-15,11:58:59,0.01,f
4453328540,196756,2026-06-15,11:58:59,0.00,f
3404773180,196480,2026-06-15,11:59:00,Обнаружено движение,f
4453328548,196784,2026-06-15,11:59:00,0.00,f
4453328553,196743,2026-06-15,11:59:00,0.02,f
3404773413,209989,2026-06-15,11:59:00,Движения нет,f
3404773451,209989,2026-06-15,11:59:01,Обнаружено движение,f
4453328566,147207,2026-06-15,11:59:01,0.02,f
4453328567,196732,2026-06-15,11:59:01,0.01,f
4453328570,196746,2026-06-15,11:59:01,0.00,f
4453328577,196784,2026-06-15,11:59:02,0.01,f
4453328578,196731,2026-06-15,11:59:02,0.00,f
4453328598,196768,2026-06-15,11:59:03,0.00,f
4453328601,196736,2026-06-15,11:59:03,0.00,f
3404773497,209989,2026-06-15,11:59:03,Движения нет,f
4453328597,196784,2026-06-15,11:59:03,0.00,f
3404773229,196480,2026-06-15,11:59:03,Движения нет,f
4453328618,196767,2026-06-15,11:59:04,0.01,f
4453328622,196756,2026-06-15,11:59:04,0.01,f
3404773278,196480,2026-06-15,11:59:05,Обнаружено движение,f
4453328636,196746,2026-06-15,11:59:05,0.01,f
4453328640,196736,2026-06-15,11:59:05,0.01,f
4453328653,196783,2026-06-15,11:59:06,0.01,f
4453328659,196743,2026-06-15,11:59:06,0.03,f
3404773738,171616,2026-06-15,11:59:07,Обнаружено движение,f
4453328673,196765,2026-06-15,11:59:07,0.01,f
3404773542,209989,2026-06-15,11:59:07,Обнаружено движение,f
4453328681,196725,2026-06-15,11:59:08,0.01,f
4453328687,196743,2026-06-15,11:59:08,0.02,f
4453328697,196765,2026-06-15,11:59:09,0.02,f
3404773596,209989,2026-06-15,11:59:09,Движения нет,f
3404774095,144797,2026-06-15,11:59:09,Обнаружено движение,f
4453328695,196723,2026-06-15,11:59:09,0.00,f
3404773818,171616,2026-06-15,11:59:10,Движения нет,f
3404773355,196480,2026-06-15,11:59:10,Движения нет,f
3404774112,144797,2026-06-15,11:59:10,Движения нет,f
4453328733,196765,2026-06-15,11:59:11,0.01,f
4453328749,196725,2026-06-15,11:59:12,0.00,f
4453328755,196783,2026-06-15,11:59:12,0.00,f
4453328751,196774,2026-06-15,11:59:12,0.01,f
4453328772,196746,2026-06-15,11:59:13,0.00,f
4453328768,196723,2026-06-15,11:59:13,0.01,f
3404775106,266983,2026-06-15,11:59:14,Выключен,f
4453328781,196765,2026-06-15,11:59:14,0.00,f
4453328773,196760,2026-06-15,11:59:14,0.01,f
4453328796,196771,2026-06-15,11:59:15,0.00,f
4453328795,196723,2026-06-15,11:59:15,0.00,f
4453328800,196743,2026-06-15,11:59:16,0.01,f
4453328812,196783,2026-06-15,11:59:16,0.01,f
4453328813,196774,2026-06-15,11:59:16,0.00,f
4453328831,196723,2026-06-15,11:59:17,0.01,f
4453328832,196728,2026-06-15,11:59:17,0.01,f
3404775195,267333,2026-06-15,11:59:18,Норма,f
3404773755,209989,2026-06-15,11:59:18,Обнаружено движение,f
4453328845,196726,2026-06-15,11:59:18,0.01,f
4453328847,196765,2026-06-15,11:59:18,0.01,f
4453328848,196774,2026-06-15,11:59:18,0.01,f
4453328855,196756,2026-06-15,11:59:19,0.00,f
3404773796,209989,2026-06-15,11:59:20,Движения нет,f
4453328879,116069,2026-06-15,11:59:20,0.05,f
4453330143,278331,2026-06-15,11:59:20,0.02,f
4453328893,104029,2026-06-15,11:59:21,0.04,f
4453328892,196728,2026-06-15,11:59:21,0.02,f
4453328891,196723,2026-06-15,11:59:21,0.00,f
4453330174,267348,2026-06-15,11:59:22,0.01,f
4453328917,213780,2026-06-15,11:59:22,0.02,f
3404773590,196480,2026-06-15,11:59:22,Обнаружено движение,f
4453328920,196750,2026-06-15,11:59:23,0.01,f
4453328922,196756,2026-06-15,11:59:23,0.01,f
4453328918,147201,2026-06-15,11:59:23,0.10,f
4453328923,196796,2026-06-15,11:59:23,0.01,f
4453328916,147192,2026-06-15,11:59:23,0.00,f
4453328928,196728,2026-06-15,11:59:24,0.01,f
4453328927,196723,2026-06-15,11:59:24,0.01,f
4453328954,196756,2026-06-15,11:59:25,0.00,f
4453328945,196765,2026-06-15,11:59:25,0.00,f
3404773661,196480,2026-06-15,11:59:26,Движения нет,f
4453328973,196750,2026-06-15,11:59:27,0.00,f
4453330293,278331,2026-06-15,11:59:28,0.03,f
3404773823,333641,2026-06-15,11:59:29,Выключен,f
4453329006,196774,2026-06-15,11:59:29,0.00,f
4453329010,196725,2026-06-15,11:59:29,0.01,f
4453330308,278331,2026-06-15,11:59:30,0.02,f
4453328908,268158,2026-06-15,11:59:30,0.00,f
4453330328,278331,2026-06-15,11:59:30,0.03,f
4453329047,196774,2026-06-15,11:59:31,0.01,f
4453328938,268158,2026-06-15,11:59:32,0.01,f
4453329070,196743,2026-06-15,11:59:32,0.02,f
4453329063,196774,2026-06-15,11:59:32,0.00,f
4453328985,288246,2026-06-15,11:59:33,0.02,f
4453329096,196774,2026-06-15,11:59:34,0.01,f
4453329106,196786,2026-06-15,11:59:35,0.01,f
4453329117,196750,2026-06-15,11:59:35,0.01,f
4453329124,196756,2026-06-15,11:59:35,0.01,f
4453329002,288246,2026-06-15,11:59:35,0.03,f
4453328997,268158,2026-06-15,11:59:36,0.00,f
4453329137,196725,2026-06-15,11:59:36,0.00,f
4453329039,288246,2026-06-15,11:59:37,0.02,f
4453329167,196779,2026-06-15,11:59:38,0.01,f
4453329169,196783,2026-06-15,11:59:38,0.00,f
4453329175,196743,2026-06-15,11:59:38,0.01,f
4453329178,196756,2026-06-15,11:59:39,0.00,f
4453329198,196779,2026-06-15,11:59:40,0.00,f
4453329201,147184,2026-06-15,11:59:40,0.05,f
3404774047,333549,2026-06-15,11:59:41,Есть питание,f
4453329214,196786,2026-06-15,11:59:41,0.00,f
4453329236,196767,2026-06-15,11:59:42,0.00,f
4453330510,278331,2026-06-15,11:59:42,0.02,f
4453329251,196796,2026-06-15,11:59:43,0.00,f
4453329141,288246,2026-06-15,11:59:43,0.03,f
4453329253,196726,2026-06-15,11:59:43,0.00,f
4453329249,196785,2026-06-15,11:59:43,0.01,f
4453329270,196783,2026-06-15,11:59:44,0.01,f
4453329282,196736,2026-06-15,11:59:45,0.00,f
4453329275,196755,2026-06-15,11:59:45,0.01,f
4453329279,196728,2026-06-15,11:59:45,0.00,f
3404774441,171597,2026-06-15,11:59:45,Не замкнут,f
3404774440,171590,2026-06-15,11:59:45,Обнаружено движение,f
4453329291,196760,2026-06-15,11:59:46,0.00,f
4453329298,196790,2026-06-15,11:59:46,0.01,f
4453329303,196772,2026-06-15,11:59:46,0.00,f
4453329305,196736,2026-06-15,11:59:46,0.01,f
4453329307,196755,2026-06-15,11:59:47,0.00,f
4453329311,196796,2026-06-15,11:59:47,0.01,f
4453329326,196790,2026-06-15,11:59:48,0.00,f
4453329334,196767,2026-06-15,11:59:48,0.01,f
4453330607,267353,2026-06-15,11:59:48,0.01,f
4453329340,196736,2026-06-15,11:59:49,0.00,f
4453329350,196728,2026-06-15,11:59:49,0.01,f
3404774536,171590,2026-06-15,11:59:50,Движения нет,f
3404774557,171597,2026-06-15,11:59:51,Норма,f
4453329377,196756,2026-06-15,11:59:51,0.01,f
4453329401,104039,2026-06-15,11:59:52,0.00,f
4453329402,104045,2026-06-15,11:59:52,0.06,f
4453330678,267348,2026-06-15,11:59:52,0.00,f
4453329417,196786,2026-06-15,11:59:53,0.01,f
4453329419,213780,2026-06-15,11:59:53,0.03,f
4453329445,196756,2026-06-15,11:59:55,0.00,f
4453329450,196723,2026-06-15,11:59:55,0.00,f
4453329453,196764,2026-06-15,11:59:56,0.00,f
4453329459,196768,2026-06-15,11:59:56,0.01,f
4453329474,196786,2026-06-15,11:59:56,0.00,f
4453329483,196726,2026-06-15,11:59:57,0.01,f
4453329357,288276,2026-06-15,11:59:57,0.00,f
4453329495,196767,2026-06-15,11:59:58,0.00,f
4453329506,196786,2026-06-15,11:59:58,0.01,f
4453329509,196730,2026-06-15,11:59:59,0.01,f
